state,district,crop,season,area_ha,temperature_c,rainfall_mm,yield_tons_per_ha
Punjab,Patiala,Maize,Kharif,9.988304703442026,28.0,366.6,3.09
Haryana,Jalandhar,Maize,Kharif,48.52558275593772,31.4,621.3,3.5
Punjab,Malerkotla,Rice (Paddy),Kharif,26.713958352661066,29.6,762.3,3.63
Haryana,Malerkotla,Sugarcane,Kharif,43.13707993007971,26.2,1297.4,84.25
Punjab,Amritsar,Cotton,Kharif,12.810247835274573,32.7,563.0,2.07
Haryana,Samrala,Cotton,Kharif,16.273842728381137,32.6,334.1,1.8
Punjab,Amritsar,Wheat,Rabi,23.037952535118517,19.8,158.7,3.36
Haryana,Bathinda,Wheat,Rabi,48.29751005594276,16.3,86.7,3.38
Punjab,Phagwara,Rice (Paddy),Kharif,38.839993695536215,32.3,954.6,3.84
Punjab,Malerkotla,Cotton,Kharif,17.214003217779812,29.8,419.1,1.74
Punjab,Samrala,Sugarcane,Kharif,28.500927866537356,26.1,1072.3,77.29
Punjab,Phagwara,Sugarcane,Kharif,26.61390863971771,28.3,1307.6,77.69
Haryana,Patiala,Maize,Kharif,13.215319228294872,29.5,694.8,3.35
Haryana,Malerkotla,Maize,Kharif,43.701568919198166,27.3,607.6,3.54
Haryana,Phagwara,Cotton,Kharif,18.45859406577177,29.4,535.0,1.79
Punjab,Malerkotla,Maize,Kharif,34.92936561162325,28.4,439.2,3.03
Haryana,Samrala,Rice (Paddy),Kharif,20.787972381844,27.9,673.1,4.23
Punjab,Ludhiana,Rice (Paddy),Kharif,14.072269699488965,28.4,950.7,4.19
Punjab,Ludhiana,Rice (Paddy),Kharif,12.73853264268165,33.7,425.2,4.18
Punjab,Samrala,Sugarcane,Kharif,12.865836975593869,32.2,1246.4,68.18
Haryana,Khanna,Sugarcane,Kharif,41.00516178774981,24.4,1005.6,78.03
Haryana,Patiala,Sugarcane,Kharif,35.846327089462875,25.8,1086.3,73.59
Punjab,Ludhiana,Wheat,Rabi,42.04779518945907,17.4,118.7,3.96
Haryana,Malerkotla,Cotton,Kharif,26.952878339444318,34.0,326.9,1.94
Punjab,Malerkotla,Rice (Paddy),Kharif,18.111269156020384,32.7,757.2,4.18
Haryana,Malerkotla,Sugarcane,Kharif,48.70952800101055,28.5,1357.7,72.8
Haryana,Jalandhar,Maize,Kharif,11.98919616356743,25.9,499.4,3.02
Haryana,Phagwara,Sugarcane,Kharif,33.223031722716826,29.9,777.5,89.08
Haryana,Phagwara,Maize,Kharif,24.8503654950133,28.6,645.1,3.96
Haryana,Ludhiana,Maize,Kharif,12.279078143836209,31.4,511.3,3.09
Haryana,Ludhiana,Cotton,Kharif,47.0824706332928,33.0,482.7,2.06
Haryana,Bathinda,Sugarcane,Kharif,49.036247602086235,25.5,1068.3,65.67
Punjab,Ludhiana,Sugarcane,Kharif,9.305144587618532,27.0,1219.3,81.6
Punjab,Amritsar,Sugarcane,Kharif,15.469238832527997,30.6,784.0,76.85
Punjab,Khanna,Maize,Kharif,15.528997038742126,27.8,536.5,3.2
Punjab,Patiala,Maize,Kharif,10.51942372209007,29.9,604.6,3.33
Haryana,Jalandhar,Cotton,Kharif,29.364379879870377,34.4,330.0,1.89
Punjab,Patiala,Wheat,Rabi,41.307427472323255,14.0,155.6,3.15
Haryana,Bathinda,Cotton,Kharif,11.575230347345316,31.7,571.0,2.09
Punjab,Phagwara,Cotton,Kharif,7.50452568990552,27.9,320.9,1.57
Punjab,Samrala,Sugarcane,Kharif,22.509599614576167,26.3,853.5,71.12
Haryana,Bathinda,Rice (Paddy),Kharif,9.491421683471444,26.1,681.0,3.58
Haryana,Malerkotla,Maize,Kharif,14.7167609503512,32.8,405.5,2.51
Haryana,Malerkotla,Maize,Kharif,6.687559384838895,26.2,527.5,3.03
Haryana,Patiala,Maize,Kharif,24.234517625278933,28.8,583.9,3.07
Punjab,Phagwara,Wheat,Rabi,31.176654804558606,17.4,66.2,3.77
Haryana,Doraha,Sugarcane,Kharif,25.653676670424296,29.2,1386.7,83.59
Haryana,Ludhiana,Cotton,Kharif,29.7030034823997,33.2,464.8,2.24
Punjab,Ludhiana,Rice (Paddy),Kharif,40.749004660064145,31.5,777.2,4.12
Punjab,Doraha,Maize,Kharif,42.398890237503274,23.3,425.3,2.73
Punjab,Patiala,Wheat,Rabi,35.14012110284338,19.2,164.5,3.57
Haryana,Bathinda,Rice (Paddy),Kharif,28.857493903747958,29.9,931.5,4.37
Haryana,Ludhiana,Maize,Kharif,12.691246129726668,29.4,599.0,3.51
Haryana,Jalandhar,Rice (Paddy),Kharif,3.6207795406210765,29.0,803.2,4.43
Haryana,Patiala,Sugarcane,Kharif,25.158257230818442,25.6,1040.4,65.75
Punjab,Phagwara,Rice (Paddy),Kharif,6.5597654988549525,28.3,840.4,4.06
Punjab,Doraha,Maize,Kharif,37.11474228275944,28.5,606.7,3.25
Haryana,Samrala,Wheat,Rabi,20.43592849575834,17.1,152.4,3.83
Punjab,Khanna,Sugarcane,Kharif,29.483965444112332,29.4,936.5,74.48
Haryana,Khanna,Cotton,Kharif,5.09153511823477,30.0,532.6,2.16
Punjab,Phagwara,Sugarcane,Kharif,13.430426519783799,27.9,863.5,80.51
Punjab,Malerkotla,Cotton,Kharif,14.999892227811175,26.9,527.1,1.54
Haryana,Bathinda,Maize,Kharif,49.65527500984572,23.8,601.2,2.96
Punjab,Bathinda,Sugarcane,Kharif,45.15674251405846,27.6,806.6,68.28
Haryana,Bathinda,Wheat,Rabi,10.217936826464305,16.9,95.9,3.39
Haryana,Khanna,Rice (Paddy),Kharif,14.70841185127834,31.4,599.3,4.18
Punjab,Jalandhar,Maize,Kharif,47.086059529633786,31.4,589.0,3.25
Haryana,Bathinda,Rice (Paddy),Kharif,39.102511903026056,25.7,780.2,4.21
Haryana,Ludhiana,Maize,Kharif,4.112079649910066,25.2,308.7,2.92
Punjab,Bathinda,Maize,Kharif,38.09697890008034,26.1,505.6,2.75
Haryana,Ludhiana,Sugarcane,Kharif,14.46185805426953,24.6,1142.3,66.24
Haryana,Phagwara,Wheat,Rabi,25.410094145648753,18.2,201.1,4.37
Haryana,Ludhiana,Cotton,Kharif,28.485960605233927,31.5,348.0,2.29
Punjab,Phagwara,Cotton,Kharif,49.04267352952652,28.5,537.8,2.03
Punjab,Jalandhar,Wheat,Rabi,18.06451788414172,17.8,184.6,3.93
Punjab,Bathinda,Maize,Kharif,8.206600565522859,28.4,273.9,3.05
Haryana,Samrala,Maize,Kharif,49.021596188988376,25.2,362.2,2.51
Punjab,Malerkotla,Sugarcane,Kharif,7.802531459821097,29.7,1182.9,71.43
Punjab,Jalandhar,Sugarcane,Kharif,26.246566688346334,29.5,726.9,67.13
Haryana,Khanna,Maize,Kharif,27.887050151163024,22.7,625.4,3.06
Haryana,Ludhiana,Wheat,Rabi,34.829346602838896,16.2,148.3,3.67
Punjab,Ludhiana,Wheat,Rabi,43.54675424474375,16.5,228.9,4.03
Punjab,Samrala,Wheat,Rabi,38.237815037941694,18.3,139.9,4.04
Punjab,Amritsar,Wheat,Rabi,18.353186868863148,16.4,168.8,3.43
Punjab,Doraha,Rice (Paddy),Kharif,42.19478930801863,29.1,684.0,4.07
Haryana,Doraha,Sugarcane,Kharif,32.79231917428723,28.2,1182.1,72.45
Haryana,Samrala,Rice (Paddy),Kharif,28.658468583609423,26.5,668.7,4.03
Haryana,Khanna,Maize,Kharif,46.75089936423385,25.0,729.1,3.21
Punjab,Samrala,Rice (Paddy),Kharif,4.931453537420468,30.4,919.6,4.89
Haryana,Malerkotla,Wheat,Rabi,28.28138175768256,20.5,147.0,3.46
Punjab,Khanna,Wheat,Rabi,16.86028258380794,16.4,175.6,4.28
Haryana,Khanna,Maize,Kharif,25.799093861608004,29.6,531.9,2.67
Haryana,Amritsar,Wheat,Rabi,27.881552778969507,19.5,125.9,3.97
Punjab,Samrala,Sugarcane,Kharif,18.09454506060677,29.4,1154.3,80.5
Haryana,Bathinda,Sugarcane,Kharif,46.97868238423085,27.5,1017.3,82.03
Haryana,Malerkotla,Maize,Kharif,10.879738682339482,28.2,530.5,3.06
Punjab,Doraha,Cotton,Kharif,16.49363253252824,31.2,570.1,1.8
Punjab,Khanna,Rice (Paddy),Kharif,37.632859628636304,30.8,648.8,3.89
Punjab,Amritsar,Maize,Kharif,45.4171334372628,31.3,225.3,3.02
Haryana,Patiala,Maize,Kharif,25.275757693794315,29.5,394.3,3.23
Punjab,Phagwara,Rice (Paddy),Kharif,2.64308930205319,34.6,792.2,3.6
Punjab,Patiala,Maize,Kharif,7.246944454267139,36.5,531.3,2.8
Punjab,Patiala,Cotton,Kharif,38.82221704931401,34.0,588.6,1.77
Punjab,Patiala,Sugarcane,Kharif,47.99466493363736,22.7,1056.2,82.15
Punjab,Doraha,Sugarcane,Kharif,8.51421875268793,28.4,1489.2,82.8
Haryana,Bathinda,Maize,Kharif,35.654693081356534,25.2,587.1,3.53
Punjab,Khanna,Sugarcane,Kharif,37.08576754561142,26.6,934.1,70.89
Punjab,Malerkotla,Rice (Paddy),Kharif,43.62492174104428,31.3,735.6,3.54
Punjab,Malerkotla,Maize,Kharif,17.424664840649147,31.0,557.0,3.01
Haryana,Khanna,Wheat,Rabi,23.819305993621846,17.3,112.1,4.21
Punjab,Jalandhar,Rice (Paddy),Kharif,25.42002086423451,32.3,692.3,3.64
Punjab,Phagwara,Rice (Paddy),Kharif,48.092445556003305,32.8,701.7,3.88
Punjab,Samrala,Rice (Paddy),Kharif,15.680199676557375,29.2,1002.5,4.17
Punjab,Samrala,Sugarcane,Kharif,4.219723331989266,32.2,575.2,50.59
Haryana,Ludhiana,Wheat,Rabi,25.3535854922412,17.3,136.3,3.32
Haryana,Amritsar,Cotton,Kharif,40.23673880281993,33.0,372.2,1.9
Punjab,Samrala,Rice (Paddy),Kharif,28.03440716770765,27.2,908.3,3.85
Punjab,Samrala,Wheat,Rabi,40.46043340053735,19.4,169.6,3.87
Punjab,Patiala,Cotton,Kharif,33.736171691961665,30.2,280.7,1.96
Punjab,Phagwara,Maize,Kharif,2.300077989817166,22.0,414.1,3.32
Haryana,Ludhiana,Maize,Kharif,17.749050233195923,30.3,445.0,3.29
Punjab,Amritsar,Maize,Kharif,15.428822217553966,27.5,419.6,2.84
Punjab,Phagwara,Rice (Paddy),Kharif,24.754139990366962,25.7,846.2,3.37
Haryana,Khanna,Sugarcane,Kharif,21.66349279311081,24.1,1148.7,75.9
Punjab,Bathinda,Sugarcane,Kharif,41.30660991967202,32.1,998.4,72.04
Haryana,Doraha,Cotton,Kharif,11.114642316269558,31.2,382.1,1.94
Punjab,Khanna,Sugarcane,Kharif,30.273242006345107,27.4,1552.2,81.02
Haryana,Doraha,Wheat,Rabi,9.147885069047891,17.5,195.7,4.25
Haryana,Ludhiana,Sugarcane,Kharif,15.558964065535577,29.7,974.5,63.26
Punjab,Patiala,Sugarcane,Kharif,30.158818604312486,29.1,975.2,67.77
Haryana,Bathinda,Rice (Paddy),Kharif,4.681751305054629,28.2,1048.2,3.95
Punjab,Jalandhar,Wheat,Rabi,40.171378069479985,19.2,242.1,3.43
Punjab,Bathinda,Cotton,Kharif,40.5640823390213,31.5,318.1,2.21
Haryana,Bathinda,Rice (Paddy),Kharif,33.28038496882515,30.1,817.9,4.21
Haryana,Malerkotla,Cotton,Kharif,11.83926264916051,31.2,464.5,2.11
Punjab,Phagwara,Wheat,Rabi,28.829316297078844,16.5,128.6,3.54
Punjab,Malerkotla,Sugarcane,Kharif,46.29541357344999,26.9,1271.4,86.67
Punjab,Ludhiana,Sugarcane,Kharif,28.473182506172186,28.2,457.5,72.82
Haryana,Phagwara,Cotton,Kharif,29.04896021223982,32.4,594.7,2.34
Haryana,Doraha,Cotton,Kharif,12.415014262928054,32.5,301.4,2.01
Punjab,Phagwara,Maize,Kharif,26.91791956733339,25.3,497.1,2.7
Punjab,Doraha,Rice (Paddy),Kharif,17.48215272759268,27.8,885.2,4.33
Punjab,Samrala,Wheat,Rabi,15.519097902343514,18.5,148.6,4.26
Haryana,Doraha,Maize,Kharif,39.53090570636205,27.8,380.2,3.05
Punjab,Samrala,Sugarcane,Kharif,45.28247439158825,32.9,1233.4,66.65
Haryana,Malerkotla,Wheat,Rabi,2.7998649339040678,16.7,153.0,4.09
Punjab,Khanna,Rice (Paddy),Kharif,26.394757967143217,28.6,1013.1,3.99
Haryana,Jalandhar,Maize,Kharif,11.967063126308531,31.6,556.6,3.48
Haryana,Malerkotla,Sugarcane,Kharif,14.375009367959432,27.4,986.2,75.26
Haryana,Samrala,Cotton,Kharif,19.261737333603385,31.5,473.0,2.12
Haryana,Khanna,Maize,Kharif,11.788976895540756,30.1,505.2,3.09
Haryana,Amritsar,Sugarcane,Kharif,43.36015113506008,28.7,1172.6,79.06
Haryana,Ludhiana,Sugarcane,Kharif,43.49741584703032,25.8,766.2,64.81
Punjab,Doraha,Rice (Paddy),Kharif,2.433116868693398,30.6,889.2,4.18
Haryana,Patiala,Wheat,Rabi,41.774574719929355,14.2,176.1,3.05
Haryana,Samrala,Maize,Kharif,39.21242436240603,30.6,394.2,2.86
Haryana,Bathinda,Maize,Kharif,39.65154211166647,27.6,446.4,3.39
Haryana,Ludhiana,Wheat,Rabi,24.205120533319338,17.0,108.9,3.71
Haryana,Patiala,Sugarcane,Kharif,7.374225766400967,26.6,1227.3,77.05
Haryana,Ludhiana,Sugarcane,Kharif,23.117964192154098,31.9,755.0,70.02
Punjab,Patiala,Wheat,Rabi,38.86831622082342,19.7,98.8,3.74
Haryana,Bathinda,Sugarcane,Kharif,48.26150314124022,30.7,980.2,72.12
Punjab,Amritsar,Maize,Kharif,10.81759803388692,31.3,349.8,2.81
Haryana,Malerkotla,Rice (Paddy),Kharif,5.467060029903392,31.4,967.6,4.38
Haryana,Phagwara,Sugarcane,Kharif,40.04309356533735,24.0,967.7,63.95
Punjab,Khanna,Rice (Paddy),Kharif,8.880447984831314,26.0,890.9,4.08
Haryana,Samrala,Sugarcane,Kharif,49.23321896274229,20.7,909.5,60.5
Punjab,Malerkotla,Rice (Paddy),Kharif,47.679783263897136,29.9,914.1,4.12
Haryana,Malerkotla,Rice (Paddy),Kharif,6.036827820140619,32.2,1025.5,4.13
Haryana,Ludhiana,Wheat,Rabi,27.17786809284581,17.5,151.1,3.76
Haryana,Doraha,Wheat,Rabi,48.8958529294245,19.2,189.6,3.65
Punjab,Samrala,Sugarcane,Kharif,7.086778369674908,28.2,911.0,69.69
Haryana,Samrala,Wheat,Rabi,31.639928350483444,16.9,192.0,4.23
Haryana,Jalandhar,Rice (Paddy),Kharif,9.035974568485365,31.6,829.6,4.59
Haryana,Malerkotla,Maize,Kharif,31.1713590751699,25.3,562.7,3.17
Haryana,Khanna,Wheat,Rabi,33.00988794262918,15.7,235.7,3.89
Punjab,Khanna,Rice (Paddy),Kharif,42.18216790756974,31.6,859.9,3.94
Haryana,Patiala,Cotton,Kharif,2.9653503792116416,37.2,607.4,1.44
Haryana,Bathinda,Wheat,Rabi,24.84677812981044,18.9,202.7,3.6
Punjab,Amritsar,Maize,Kharif,36.92253809834877,25.6,336.4,3.32
Haryana,Phagwara,Wheat,Rabi,12.639622921270004,17.4,163.0,3.31
Haryana,Samrala,Rice (Paddy),Kharif,33.4684426714077,29.1,792.4,3.73
Punjab,Amritsar,Sugarcane,Kharif,33.18009656252332,29.0,906.5,72.8
Punjab,Doraha,Sugarcane,Kharif,22.65919431536002,33.9,1095.4,69.96
Punjab,Ludhiana,Maize,Kharif,13.186999356793866,22.5,344.4,2.4
Haryana,Bathinda,Rice (Paddy),Kharif,42.36435199949066,32.6,980.9,4.2
Haryana,Patiala,Wheat,Rabi,49.347956037500914,18.1,179.1,4.08
Punjab,Ludhiana,Rice (Paddy),Kharif,29.648864321686847,28.8,787.9,3.24
Punjab,Amritsar,Rice (Paddy),Kharif,32.31687695295952,31.3,568.3,3.13
Haryana,Patiala,Maize,Kharif,8.03357573993025,28.8,535.2,2.87
Haryana,Bathinda,Rice (Paddy),Kharif,36.81064426867294,30.5,771.4,4.41
Haryana,Doraha,Wheat,Rabi,12.963217230696339,18.4,169.8,4.15
Haryana,Samrala,Rice (Paddy),Kharif,34.7868108005465,30.4,892.7,4.43
Punjab,Doraha,Cotton,Kharif,8.805084816897452,33.6,549.0,2.01
Punjab,Malerkotla,Maize,Kharif,28.783796788346724,24.6,536.3,3.35
Punjab,Malerkotla,Sugarcane,Kharif,43.57613065148798,28.4,972.2,68.23
Punjab,Bathinda,Rice (Paddy),Kharif,18.956615208698494,32.7,497.1,4.37
Haryana,Ludhiana,Sugarcane,Kharif,12.136211735894422,24.4,1222.4,78.43
Haryana,Doraha,Wheat,Rabi,23.711208146228046,18.1,174.9,3.88
Punjab,Patiala,Sugarcane,Kharif,38.47927981556428,30.6,763.7,76.05
Punjab,Bathinda,Sugarcane,Kharif,1.3705808739289638,29.2,949.5,72.52
Haryana,Patiala,Maize,Kharif,14.958772196134218,27.2,566.4,3.45
Haryana,Doraha,Cotton,Kharif,36.16415350952285,28.8,389.7,1.75
Punjab,Doraha,Maize,Kharif,10.044671347314617,25.3,480.9,3.23
Haryana,Patiala,Cotton,Kharif,24.69373668927631,34.3,403.8,1.75
Punjab,Phagwara,Maize,Kharif,44.326116704071985,28.7,508.2,3.42
Haryana,Doraha,Rice (Paddy),Kharif,42.153203840469295,33.8,847.5,3.58
Haryana,Jalandhar,Cotton,Kharif,21.76317442878938,33.2,344.2,2.12
Haryana,Ludhiana,Wheat,Rabi,8.49620624059957,18.8,175.4,3.76
Haryana,Bathinda,Sugarcane,Kharif,30.747607768350257,26.3,974.0,65.56
Punjab,Malerkotla,Rice (Paddy),Kharif,49.401490490529476,32.3,1050.8,3.59
Punjab,Ludhiana,Sugarcane,Kharif,49.57154369140723,23.1,605.2,72.88
Haryana,Phagwara,Maize,Kharif,4.891549080460344,32.1,635.7,2.65
Haryana,Malerkotla,Cotton,Kharif,22.678086887552805,31.0,324.7,2.04
Haryana,Bathinda,Wheat,Rabi,34.32646462406912,15.6,199.1,4.11
Haryana,Patiala,Cotton,Kharif,5.3496023112806546,33.1,491.9,1.93
Punjab,Phagwara,Wheat,Rabi,5.737146032689261,17.0,56.6,3.33
Haryana,Bathinda,Cotton,Kharif,31.555698712135225,32.9,528.9,2.17
Punjab,Khanna,Cotton,Kharif,35.728490189405846,30.2,342.9,1.83
Punjab,Malerkotla,Rice (Paddy),Kharif,25.976488090833207,27.2,764.2,3.16
Haryana,Amritsar,Sugarcane,Kharif,39.52752188109763,31.7,601.2,52.1
Haryana,Amritsar,Maize,Kharif,19.650541380352426,32.3,503.4,3.0
Punjab,Phagwara,Cotton,Kharif,41.11801519963924,32.2,521.2,2.01
Punjab,Patiala,Rice (Paddy),Kharif,30.706393949797896,28.7,1194.4,4.78
Punjab,Malerkotla,Rice (Paddy),Kharif,33.64903740591695,30.1,876.2,3.66
Haryana,Patiala,Wheat,Rabi,14.609878563713796,14.7,124.1,3.58
Punjab,Jalandhar,Maize,Kharif,39.25731771735355,22.6,490.5,3.13
Punjab,Malerkotla,Sugarcane,Kharif,9.362573168949922,26.9,1274.9,74.33
Punjab,Phagwara,Cotton,Kharif,31.284532040072115,33.8,296.6,2.01
Punjab,Amritsar,Maize,Kharif,44.44360654678287,23.5,774.6,2.84
Haryana,Phagwara,Maize,Kharif,19.96685925644591,26.5,496.4,3.07
Punjab,Bathinda,Wheat,Rabi,34.36776653467398,15.0,149.4,3.42
Punjab,Doraha,Wheat,Rabi,31.835641494526072,17.9,110.2,3.12
Haryana,Phagwara,Maize,Kharif,24.923815714067132,25.8,747.3,3.53
Haryana,Samrala,Sugarcane,Kharif,19.418525972142696,31.1,938.6,74.29
Punjab,Ludhiana,Wheat,Rabi,22.442553078714205,17.8,120.8,4.02
Punjab,Phagwara,Wheat,Rabi,19.93109658256746,21.1,202.1,3.43
Punjab,Bathinda,Cotton,Kharif,26.09887411982105,33.6,374.7,2.19
Punjab,Samrala,Sugarcane,Kharif,1.593315286509485,28.6,513.2,68.83
Haryana,Jalandhar,Sugarcane,Kharif,10.074582825505928,31.7,996.4,59.86
Haryana,Samrala,Wheat,Rabi,2.0263030905147277,16.5,189.8,3.33
Haryana,Jalandhar,Rice (Paddy),Kharif,13.515260749575756,31.6,1025.2,4.68
Haryana,Phagwara,Wheat,Rabi,16.78855966878679,21.6,208.2,3.5
Haryana,Amritsar,Sugarcane,Kharif,3.143045668118505,24.9,1118.7,63.41
Haryana,Doraha,Rice (Paddy),Kharif,9.020506271799773,29.2,727.4,4.12
Haryana,Bathinda,Sugarcane,Kharif,33.90129180983752,27.0,967.1,77.28
Punjab,Amritsar,Maize,Kharif,37.997054508567636,27.7,344.8,2.97
Haryana,Malerkotla,Cotton,Kharif,3.115513054053572,32.6,413.6,1.95
Haryana,Amritsar,Sugarcane,Kharif,8.383129277783992,31.2,1460.1,68.89
Punjab,Phagwara,Maize,Kharif,5.594089111632275,25.1,509.4,3.24
Haryana,Doraha,Rice (Paddy),Kharif,37.34389101413357,28.9,993.2,4.38
Haryana,Phagwara,Sugarcane,Kharif,10.21321199615539,30.1,719.9,56.49
Haryana,Khanna,Wheat,Rabi,38.2885472413766,19.6,183.1,4.08
Punjab,Phagwara,Sugarcane,Kharif,49.82038254373512,32.7,1156.8,67.51
Haryana,Samrala,Sugarcane,Kharif,7.753322058802535,25.7,1336.2,85.92
Haryana,Ludhiana,Cotton,Kharif,25.995375912442434,32.3,392.7,1.95
Punjab,Patiala,Cotton,Kharif,3.5873940629578764,33.2,552.4,2.24
Punjab,Jalandhar,Maize,Kharif,37.55033523187005,29.8,433.9,3.17
Haryana,Jalandhar,Maize,Kharif,8.225173808607913,29.3,394.7,2.83
Haryana,Malerkotla,Cotton,Kharif,15.672732014102447,35.7,432.9,1.49
Haryana,Khanna,Cotton,Kharif,19.807814644719155,32.1,485.6,2.2
Haryana,Khanna,Maize,Kharif,35.185860748483684,28.0,397.4,3.01
Haryana,Jalandhar,Wheat,Rabi,43.76378227374549,16.4,41.4,3.5
Haryana,Patiala,Wheat,Rabi,45.56011940841142,19.8,163.3,3.9
Haryana,Malerkotla,Cotton,Kharif,33.19080265708983,30.1,354.6,1.76
Punjab,Khanna,Cotton,Kharif,8.66270841576895,27.2,256.3,1.45
Punjab,Khanna,Wheat,Rabi,36.8899878600664,19.0,152.7,3.28
Punjab,Bathinda,Wheat,Rabi,48.99799117870609,15.8,128.8,3.68
Haryana,Ludhiana,Sugarcane,Kharif,16.126238425286566,31.5,677.0,64.0
Punjab,Khanna,Rice (Paddy),Kharif,26.646154657343956,32.5,678.5,3.06
Punjab,Khanna,Rice (Paddy),Kharif,27.633372649789656,28.9,882.7,3.81
Haryana,Malerkotla,Wheat,Rabi,5.780563001725687,19.2,141.3,4.33
Haryana,Samrala,Cotton,Kharif,18.442695315947784,30.4,385.4,1.91
Haryana,Patiala,Maize,Kharif,33.32183895334237,25.9,385.6,3.16
Punjab,Samrala,Wheat,Rabi,37.78574584296801,17.8,185.3,3.81
Haryana,Phagwara,Cotton,Kharif,23.133144142352453,34.6,769.3,1.96
Punjab,Samrala,Cotton,Kharif,26.643151928542324,30.6,577.1,1.95
Punjab,Samrala,Wheat,Rabi,8.739786318932053,15.5,105.0,3.47
Haryana,Jalandhar,Maize,Kharif,45.40101948352255,23.2,503.3,2.9
Haryana,Bathinda,Cotton,Kharif,41.198497864999695,36.1,459.0,1.41
Haryana,Jalandhar,Rice (Paddy),Kharif,40.376573236635224,31.1,788.1,3.72
Haryana,Doraha,Sugarcane,Kharif,8.949436883341487,26.2,1085.7,77.04
Haryana,Malerkotla,Cotton,Kharif,44.6226445978723,31.5,498.4,2.17
Punjab,Amritsar,Cotton,Kharif,23.503994661487482,33.5,407.1,1.92
Haryana,Doraha,Maize,Kharif,6.534217212147504,25.9,471.3,3.02
Punjab,Amritsar,Wheat,Rabi,31.07509352196925,15.0,113.1,3.64
Punjab,Jalandhar,Rice (Paddy),Kharif,7.186972336660634,27.2,979.2,3.96
Haryana,Phagwara,Sugarcane,Kharif,35.01337810198172,26.2,1104.9,68.41
Punjab,Jalandhar,Rice (Paddy),Kharif,15.893373660795467,31.7,908.5,3.73
Punjab,Khanna,Sugarcane,Kharif,1.009231578272513,27.6,1166.8,71.46
Haryana,Patiala,Maize,Kharif,27.785762789201634,25.9,656.9,3.2
Haryana,Samrala,Wheat,Rabi,48.345927124633114,17.1,149.3,3.99
Punjab,Jalandhar,Wheat,Rabi,35.26645338118398,18.3,151.6,4.42
Punjab,Jalandhar,Cotton,Kharif,6.516439130184914,28.6,544.2,1.89
Haryana,Bathinda,Sugarcane,Kharif,12.091223222732811,30.7,1085.7,80.35
Punjab,Phagwara,Maize,Kharif,42.069456994044295,29.6,525.7,2.92
Punjab,Bathinda,Maize,Kharif,13.36305524213092,27.7,388.7,3.3
Haryana,Ludhiana,Maize,Kharif,35.02807235040473,25.0,560.1,2.69
Punjab,Malerkotla,Sugarcane,Kharif,44.73364120778746,31.9,1322.5,87.7
Haryana,Phagwara,Cotton,Kharif,6.107015337609036,30.2,524.2,1.88
Punjab,Phagwara,Rice (Paddy),Kharif,25.807036915264934,29.5,936.0,4.55
Punjab,Doraha,Rice (Paddy),Kharif,23.072799781233098,28.6,830.9,4.86
Haryana,Patiala,Rice (Paddy),Kharif,26.312058793852973,30.7,844.7,4.07
Punjab,Ludhiana,Wheat,Rabi,15.38095233719796,16.4,78.2,3.48
Punjab,Ludhiana,Maize,Kharif,17.915933997282913,27.2,447.7,3.06
Punjab,Ludhiana,Cotton,Kharif,36.763155133575445,32.5,461.3,2.18
Haryana,Ludhiana,Maize,Kharif,36.203032261118025,28.3,582.5,3.12
Haryana,Ludhiana,Cotton,Kharif,19.083598066284914,34.3,507.6,2.34
Punjab,Ludhiana,Cotton,Kharif,4.92882069001327,32.9,466.9,1.9
Punjab,Doraha,Wheat,Rabi,7.804694993429333,19.9,206.4,3.82
Haryana,Khanna,Sugarcane,Kharif,37.30808126345435,30.8,1111.8,60.59
Punjab,Doraha,Maize,Kharif,7.027161461063536,26.5,687.0,2.98
Haryana,Malerkotla,Cotton,Kharif,19.982236697764307,30.5,634.0,1.97
Haryana,Amritsar,Sugarcane,Kharif,23.05604469791468,22.5,781.1,64.83
Haryana,Doraha,Sugarcane,Kharif,30.452634173211415,20.8,1115.4,65.54
Punjab,Patiala,Maize,Kharif,44.61475472400661,26.5,505.3,3.29
Haryana,Amritsar,Cotton,Kharif,1.3288091248989378,30.4,281.7,2.1
Haryana,Patiala,Cotton,Kharif,28.424733797059055,29.8,611.6,2.05
Haryana,Khanna,Sugarcane,Kharif,20.011351237396603,25.3,678.5,68.58
Haryana,Bathinda,Wheat,Rabi,6.690809049825755,17.1,102.9,2.97
Haryana,Patiala,Wheat,Rabi,41.50866062733289,16.4,158.1,3.69
Punjab,Amritsar,Maize,Kharif,38.33318881763863,25.7,547.7,3.44
Haryana,Jalandhar,Wheat,Rabi,3.824731527752219,19.0,152.4,4.05
Haryana,Jalandhar,Maize,Kharif,31.685481749632128,28.9,281.0,2.72
Punjab,Amritsar,Rice (Paddy),Kharif,39.83354820618304,26.8,732.8,3.8
Haryana,Khanna,Sugarcane,Kharif,7.48624657271365,28.8,886.5,75.72
Punjab,Khanna,Maize,Kharif,37.54714189272359,26.0,532.3,3.34
Haryana,Khanna,Rice (Paddy),Kharif,47.50649501138258,30.0,744.6,4.27
Haryana,Khanna,Wheat,Rabi,25.07949069889928,16.5,175.6,3.82
Punjab,Jalandhar,Wheat,Rabi,36.560106697777506,17.9,53.2,3.69
Punjab,Patiala,Maize,Kharif,24.347685805136344,29.9,333.8,2.69
Punjab,Bathinda,Maize,Kharif,48.605119077138845,26.9,370.4,2.97
Punjab,Khanna,Sugarcane,Kharif,43.73036858390338,25.8,918.0,79.52
Haryana,Jalandhar,Rice (Paddy),Kharif,39.87630670096204,28.7,720.3,4.27
Punjab,Jalandhar,Rice (Paddy),Kharif,17.747337832101323,31.1,703.8,4.26
Haryana,Malerkotla,Rice (Paddy),Kharif,42.450150544208874,29.4,913.1,3.96
Haryana,Patiala,Sugarcane,Kharif,18.092206164504486,33.6,1219.4,71.17
Haryana,Doraha,Cotton,Kharif,35.64723738606821,31.7,483.6,1.99
Punjab,Amritsar,Sugarcane,Kharif,40.37065442154735,27.4,1165.9,75.61
Punjab,Ludhiana,Rice (Paddy),Kharif,11.74442413426991,29.0,499.4,3.33
Punjab,Khanna,Rice (Paddy),Kharif,36.26978121437962,33.1,1070.1,4.23
Haryana,Amritsar,Cotton,Kharif,12.498018647016618,32.5,400.8,2.3
Punjab,Patiala,Maize,Kharif,45.922792844414424,21.7,496.9,2.75
Haryana,Malerkotla,Cotton,Kharif,20.719885234249777,32.0,409.1,2.08
Haryana,Amritsar,Rice (Paddy),Kharif,4.071791459471427,28.9,489.0,3.84
Haryana,Patiala,Cotton,Kharif,45.45279125647049,33.7,344.7,1.94
Haryana,Samrala,Cotton,Kharif,34.08186299633373,36.0,443.4,1.89
Haryana,Phagwara,Wheat,Rabi,7.816676595663289,19.9,96.9,3.88
Punjab,Samrala,Cotton,Kharif,7.350431908576656,34.1,344.5,1.95
Haryana,Bathinda,Wheat,Rabi,6.1355951848810335,18.0,138.6,3.96
Punjab,Jalandhar,Wheat,Rabi,32.08678311904259,17.7,129.7,3.62
Punjab,Patiala,Wheat,Rabi,11.387708680234246,18.8,208.1,4.08
Haryana,Ludhiana,Cotton,Kharif,34.212846815192165,31.7,517.3,2.19
Haryana,Bathinda,Cotton,Kharif,35.94713728084827,30.4,391.3,2.02
Punjab,Jalandhar,Maize,Kharif,3.8465056519371394,31.4,527.6,3.08
Punjab,Bathinda,Wheat,Rabi,1.9470539149624506,16.3,124.6,3.96
Haryana,Khanna,Cotton,Kharif,1.4862672352639459,30.9,591.2,1.85
Punjab,Samrala,Cotton,Kharif,48.82467734068147,30.5,417.1,2.04
Punjab,Malerkotla,Wheat,Rabi,9.905220344763686,21.1,154.1,2.95
Haryana,Bathinda,Cotton,Kharif,27.870719773587044,32.3,303.2,2.06
Punjab,Samrala,Maize,Kharif,20.502259354770636,28.7,535.7,3.19
Punjab,Phagwara,Cotton,Kharif,3.8343780229108697,36.3,513.6,1.66
Punjab,Khanna,Rice (Paddy),Kharif,11.044079266814006,29.2,743.7,4.49
Punjab,Jalandhar,Sugarcane,Kharif,49.10101286876994,24.1,1111.5,84.19
Haryana,Ludhiana,Rice (Paddy),Kharif,47.4223672297359,25.4,760.6,3.81
Haryana,Doraha,Rice (Paddy),Kharif,46.59973343748031,27.9,893.0,4.79
Haryana,Ludhiana,Wheat,Rabi,15.79391830379759,14.7,150.2,3.11
Haryana,Khanna,Wheat,Rabi,27.796122407781183,17.6,159.0,3.44
Haryana,Ludhiana,Rice (Paddy),Kharif,49.07843392904167,31.5,735.6,3.45
Punjab,Amritsar,Sugarcane,Kharif,9.628678095199138,28.5,1092.4,76.39
Haryana,Jalandhar,Maize,Kharif,45.487040895201346,31.7,399.6,3.13
Haryana,Patiala,Rice (Paddy),Kharif,23.453497869248856,30.6,752.3,3.69
Haryana,Khanna,Cotton,Kharif,1.5930527220292638,34.5,395.1,2.11
Punjab,Samrala,Wheat,Rabi,16.761829493317883,20.8,159.3,3.45
Haryana,Bathinda,Sugarcane,Kharif,2.429318418617959,23.6,1699.2,96.83
Haryana,Bathinda,Sugarcane,Kharif,3.827443492379044,22.4,938.5,77.32
Haryana,Patiala,Maize,Kharif,28.63962741284237,26.2,635.1,3.42
Punjab,Doraha,Rice (Paddy),Kharif,9.58586683318554,27.3,898.6,4.27
Haryana,Bathinda,Sugarcane,Kharif,28.602907459619285,28.3,1323.4,74.3
Punjab,Phagwara,Wheat,Rabi,44.73535314683725,19.3,96.8,3.77
Haryana,Amritsar,Cotton,Kharif,11.018583416680878,29.9,394.9,1.88
Punjab,Patiala,Wheat,Rabi,47.098441504652286,16.2,167.8,3.65
Punjab,Samrala,Maize,Kharif,36.61071198424163,25.6,627.0,2.51
Punjab,Samrala,Cotton,Kharif,21.836181086447002,33.9,574.8,1.68
Punjab,Malerkotla,Maize,Kharif,21.411725595632316,24.5,664.0,3.09
Punjab,Patiala,Sugarcane,Kharif,44.25398465299768,30.0,882.4,65.32
Punjab,Malerkotla,Maize,Kharif,38.19437802366041,23.4,372.5,3.11
Haryana,Malerkotla,Sugarcane,Kharif,49.97765201723562,32.4,1115.9,64.23
Punjab,Phagwara,Wheat,Rabi,35.75672059515787,14.5,155.3,3.43
Haryana,Malerkotla,Rice (Paddy),Kharif,30.47614008569138,27.7,590.7,3.87
Punjab,Khanna,Rice (Paddy),Kharif,26.17886874613162,29.5,619.1,3.88
Haryana,Phagwara,Maize,Kharif,43.22285428557992,25.9,526.4,3.05
Haryana,Patiala,Maize,Kharif,42.97032396364842,32.0,554.9,3.0
Punjab,Doraha,Cotton,Kharif,39.52407696079184,31.4,516.9,2.11
Haryana,Jalandhar,Wheat,Rabi,31.17968386815934,17.3,89.3,3.92
Punjab,Ludhiana,Rice (Paddy),Kharif,27.495993789522107,34.5,886.3,3.84
Haryana,Samrala,Maize,Kharif,48.11415361017115,27.7,522.5,3.46
Haryana,Samrala,Sugarcane,Kharif,25.574257612506955,30.1,1298.7,70.26
Punjab,Amritsar,Sugarcane,Kharif,31.771675747600806,28.4,926.1,63.02
Punjab,Bathinda,Sugarcane,Kharif,21.17111756237842,31.7,1081.7,69.19
Haryana,Bathinda,Sugarcane,Kharif,18.43688320370136,26.0,1362.7,76.86
Punjab,Phagwara,Cotton,Kharif,49.120427313782166,34.2,433.7,2.19
Haryana,Phagwara,Sugarcane,Kharif,39.47817176428474,27.2,994.5,76.85
Punjab,Bathinda,Wheat,Rabi,35.52316697334482,18.2,151.5,3.36
Punjab,Jalandhar,Wheat,Rabi,26.32270701727975,16.0,113.1,3.59
Punjab,Phagwara,Sugarcane,Kharif,4.703597078849282,27.7,1013.9,70.69
Haryana,Jalandhar,Cotton,Kharif,5.512667408412216,34.0,569.0,1.77
Haryana,Amritsar,Maize,Kharif,9.530002090260034,26.4,611.1,3.35
Haryana,Patiala,Wheat,Rabi,19.304185251336413,17.5,151.8,3.69
Punjab,Doraha,Cotton,Kharif,36.56056960784106,30.3,287.6,2.05
Haryana,Ludhiana,Wheat,Rabi,1.4076771691324086,17.4,179.1,3.92
Punjab,Malerkotla,Sugarcane,Kharif,1.443653917438178,28.8,1059.4,66.35
Punjab,Doraha,Wheat,Rabi,35.988583445528214,19.0,192.4,3.81
Haryana,Bathinda,Sugarcane,Kharif,13.130428743714434,25.1,951.6,61.55
Haryana,Doraha,Rice (Paddy),Kharif,33.97071176130591,27.2,578.3,3.6
Haryana,Samrala,Sugarcane,Kharif,31.222396784774517,30.9,1178.5,71.69
Punjab,Malerkotla,Maize,Kharif,29.637996578113874,25.8,602.4,3.5
Punjab,Khanna,Wheat,Rabi,25.47215672347493,19.1,140.5,3.78
Haryana,Amritsar,Wheat,Rabi,25.50392579530755,18.9,98.3,3.15
Punjab,Khanna,Cotton,Kharif,11.291438126297798,31.0,612.6,2.39
Haryana,Malerkotla,Rice (Paddy),Kharif,46.27731665086091,27.4,881.4,4.07
Haryana,Jalandhar,Sugarcane,Kharif,40.48638209827382,24.7,1033.0,68.91
Haryana,Doraha,Rice (Paddy),Kharif,18.4874127833844,31.4,872.3,4.32
Haryana,Bathinda,Cotton,Kharif,31.9786132899435,33.4,424.5,2.03
Punjab,Ludhiana,Maize,Kharif,45.27436372819399,36.0,521.0,2.87
Haryana,Phagwara,Rice (Paddy),Kharif,17.894289583559704,29.5,753.0,4.09
Punjab,Bathinda,Maize,Kharif,36.374532148268294,26.1,449.9,3.36
Haryana,Khanna,Rice (Paddy),Kharif,17.91626772982865,31.4,937.8,4.31
Haryana,Doraha,Cotton,Kharif,29.525046571312124,32.9,692.7,1.97
Punjab,Samrala,Sugarcane,Kharif,28.2870437154327,32.0,887.0,57.31
Haryana,Samrala,Wheat,Rabi,9.413001477567029,14.1,171.2,2.97
Punjab,Ludhiana,Maize,Kharif,6.742991378331437,28.3,506.8,2.94
Punjab,Bathinda,Wheat,Rabi,44.888064103320154,20.7,171.5,3.61
Punjab,Bathinda,Sugarcane,Kharif,34.742949836085906,30.7,1172.8,82.66
Haryana,Ludhiana,Maize,Kharif,41.24802978213402,26.4,249.7,2.86
Punjab,Jalandhar,Wheat,Rabi,20.823864163796852,17.9,207.2,3.85
Punjab,Samrala,Wheat,Rabi,45.18692739876521,13.5,183.9,2.67
Haryana,Khanna,Cotton,Kharif,49.86193534124457,31.9,471.1,2.01
Punjab,Khanna,Sugarcane,Kharif,35.625078909912226,27.2,1352.3,87.6
Punjab,Amritsar,Rice (Paddy),Kharif,19.28881666258246,30.7,945.2,4.79
Punjab,Patiala,Rice (Paddy),Kharif,29.601965798836833,30.8,475.2,4.18
Punjab,Bathinda,Sugarcane,Kharif,31.40321546754656,26.7,1154.7,73.78
Haryana,Khanna,Maize,Kharif,8.77526481079456,33.0,348.6,2.89
Punjab,Khanna,Wheat,Rabi,16.03832114653393,16.3,166.5,3.49
Punjab,Malerkotla,Maize,Kharif,11.530719214783396,27.1,335.3,3.09
Haryana,Jalandhar,Wheat,Rabi,23.088037910431826,19.9,130.8,3.26
Punjab,Jalandhar,Sugarcane,Kharif,32.18233979513535,28.3,1259.5,68.13
Punjab,Patiala,Wheat,Rabi,33.43647829489956,18.7,138.2,3.74
Haryana,Patiala,Wheat,Rabi,35.24849259588189,17.9,131.6,3.66
Punjab,Samrala,Wheat,Rabi,39.40484706184521,19.3,169.7,3.66
Haryana,Khanna,Wheat,Rabi,42.39869604000622,19.8,173.7,3.87
Punjab,Jalandhar,Maize,Kharif,16.58711789827013,26.9,625.0,3.28
Punjab,Khanna,Sugarcane,Kharif,1.6712289700368128,32.0,1124.4,77.19
Punjab,Jalandhar,Maize,Kharif,43.357229096549844,25.0,630.9,3.19
Punjab,Jalandhar,Sugarcane,Kharif,34.13014448182622,33.6,1330.3,75.26
Haryana,Phagwara,Cotton,Kharif,26.856195844863056,27.0,545.8,1.16
Haryana,Patiala,Rice (Paddy),Kharif,23.59717816144159,30.3,711.1,4.74
Punjab,Khanna,Wheat,Rabi,6.393100925854646,18.0,129.8,3.37
Punjab,Malerkotla,Rice (Paddy),Kharif,4.420232076116817,27.4,860.6,3.6
Haryana,Khanna,Wheat,Rabi,33.720268988554494,21.1,164.9,3.61
Haryana,Samrala,Cotton,Kharif,48.08508719951241,32.3,493.9,2.16
Punjab,Khanna,Wheat,Rabi,46.144068098435795,17.2,188.8,3.92
Punjab,Khanna,Cotton,Kharif,2.5554445032764423,31.8,466.4,1.87
Haryana,Phagwara,Maize,Kharif,48.833161774416105,28.9,576.4,2.98
Haryana,Malerkotla,Sugarcane,Kharif,10.827095914418058,30.5,1050.6,74.33
Punjab,Bathinda,Cotton,Kharif,18.02784703883387,31.6,495.5,1.99
Haryana,Phagwara,Cotton,Kharif,9.237788291565497,31.5,277.0,1.72
Haryana,Samrala,Maize,Kharif,12.392793618183727,24.7,444.5,2.7
Punjab,Patiala,Maize,Kharif,9.335655448154792,24.2,450.4,3.0
Punjab,Bathinda,Wheat,Rabi,25.769929259103332,15.1,116.1,3.56
Haryana,Phagwara,Rice (Paddy),Kharif,22.645578090247646,24.2,622.1,3.62
Punjab,Samrala,Rice (Paddy),Kharif,43.24794570925125,29.3,1046.2,4.66
Punjab,Bathinda,Wheat,Rabi,24.07250045493566,15.1,17.0,2.97
Punjab,Amritsar,Cotton,Kharif,21.39112301438973,32.5,553.6,1.93
Punjab,Doraha,Cotton,Kharif,48.54153187632896,29.7,597.7,2.05
Haryana,Bathinda,Sugarcane,Kharif,11.716780215855579,26.4,780.5,75.89
Punjab,Khanna,Rice (Paddy),Kharif,39.49651207292724,27.8,985.7,3.54
Haryana,Malerkotla,Rice (Paddy),Kharif,13.379655500443047,29.1,925.3,4.42
Haryana,Patiala,Maize,Kharif,31.550413695445524,30.7,564.2,2.92
Punjab,Ludhiana,Maize,Kharif,5.595049786593808,27.4,555.0,3.38
Punjab,Doraha,Sugarcane,Kharif,29.90744625728863,27.4,1318.2,79.2
Haryana,Ludhiana,Maize,Kharif,38.702995810020305,25.2,354.3,2.68
Haryana,Jalandhar,Cotton,Kharif,33.831594352570775,39.9,500.8,0.1
Haryana,Ludhiana,Cotton,Kharif,2.22361144373543,30.7,622.5,1.95
Haryana,Ludhiana,Maize,Kharif,6.468056997905126,31.7,605.7,3.56
Punjab,Doraha,Maize,Kharif,42.96817673536611,26.5,603.7,3.45
Haryana,Khanna,Maize,Kharif,37.72187429305963,27.4,684.1,3.18
Punjab,Bathinda,Sugarcane,Kharif,15.395019402545147,27.7,759.1,72.5
Punjab,Khanna,Sugarcane,Kharif,10.423184905647746,33.0,1276.5,63.49
Punjab,Patiala,Wheat,Rabi,23.325338665425328,20.0,153.7,3.93
Punjab,Jalandhar,Wheat,Rabi,14.628328618844009,17.1,184.0,3.93
Haryana,Amritsar,Cotton,Kharif,10.726062655662105,29.8,452.8,2.01
Haryana,Malerkotla,Wheat,Rabi,10.280277476357458,17.3,233.0,4.19
Haryana,Jalandhar,Sugarcane,Kharif,15.419070095218602,25.2,1163.2,86.51
Haryana,Phagwara,Wheat,Rabi,44.8825795584601,15.9,108.3,3.45
Haryana,Jalandhar,Wheat,Rabi,30.586052604525708,18.5,112.1,4.23
Haryana,Doraha,Wheat,Rabi,7.717383445859069,18.2,186.5,4.25
Haryana,Amritsar,Maize,Kharif,41.2280698476579,32.7,398.4,2.87
Haryana,Amritsar,Wheat,Rabi,17.012940587031093,17.4,142.8,3.69
Punjab,Phagwara,Maize,Kharif,6.816745679946462,31.5,520.2,3.15
Haryana,Jalandhar,Sugarcane,Kharif,27.08230192162127,24.3,1051.6,75.92
Haryana,Doraha,Rice (Paddy),Kharif,2.557145733508898,25.2,776.7,3.41
Punjab,Patiala,Rice (Paddy),Kharif,34.90855154138608,30.6,638.5,4.2
Punjab,Ludhiana,Sugarcane,Kharif,18.190136357415764,24.4,1061.2,75.33
Haryana,Ludhiana,Maize,Kharif,42.204526809742454,28.4,558.1,2.99
Punjab,Samrala,Sugarcane,Kharif,1.8210589201267382,28.6,552.7,70.7
Punjab,Amritsar,Wheat,Rabi,46.918338301064175,17.4,104.1,3.74
Punjab,Malerkotla,Maize,Kharif,11.975144747388976,31.7,506.4,2.99
Punjab,Jalandhar,Rice (Paddy),Kharif,32.76355897172275,32.9,472.2,3.72
Punjab,Ludhiana,Sugarcane,Kharif,48.15081088384868,24.8,1085.5,63.96
Haryana,Bathinda,Cotton,Kharif,28.260072355596886,31.4,330.0,2.06
Haryana,Samrala,Sugarcane,Kharif,13.85480537226634,29.1,1203.6,75.99
Haryana,Jalandhar,Wheat,Rabi,16.512751235523908,16.8,139.1,3.35
Haryana,Phagwara,Maize,Kharif,1.3948960637638697,26.3,246.1,3.21
Haryana,Phagwara,Wheat,Rabi,42.36640393902101,18.7,81.1,3.59
Haryana,Jalandhar,Wheat,Rabi,1.3125731269229433,15.9,158.1,3.95
Punjab,Malerkotla,Sugarcane,Kharif,17.944498822110823,31.9,952.3,70.49
Punjab,Doraha,Sugarcane,Kharif,49.88351829031789,21.0,806.2,60.39
Punjab,Malerkotla,Rice (Paddy),Kharif,9.877980673454058,32.4,770.5,4.22
Punjab,Amritsar,Maize,Kharif,28.705578412779378,29.0,499.2,3.32
Haryana,Doraha,Rice (Paddy),Kharif,3.5671734841481997,30.9,630.1,3.82
Haryana,Amritsar,Cotton,Kharif,2.7605789271126766,28.2,399.3,1.86
Punjab,Doraha,Rice (Paddy),Kharif,39.58122594931437,33.7,540.3,3.58
Punjab,Samrala,Cotton,Kharif,21.879940659659308,30.8,494.3,2.19
Haryana,Patiala,Maize,Kharif,5.291973572891374,24.3,486.7,3.27
Haryana,Phagwara,Wheat,Rabi,33.47701743627636,12.2,135.2,1.97
Punjab,Patiala,Cotton,Kharif,8.907000561030774,30.1,383.1,1.97
Punjab,Khanna,Cotton,Kharif,20.978072762596035,35.1,536.6,1.7
Punjab,Khanna,Maize,Kharif,17.896062779562318,28.8,462.5,2.95
Haryana,Patiala,Rice (Paddy),Kharif,7.914272107046203,31.2,585.8,4.57
Haryana,Doraha,Cotton,Kharif,14.261553157106517,31.1,444.5,1.9
Haryana,Jalandhar,Rice (Paddy),Kharif,25.84703877895307,25.8,801.9,3.09
Haryana,Samrala,Rice (Paddy),Kharif,25.534835365996894,31.1,827.8,4.2
Haryana,Phagwara,Wheat,Rabi,26.656426810477974,16.1,201.2,3.52
Haryana,Phagwara,Wheat,Rabi,30.521021704469298,19.8,131.9,3.88
Haryana,Ludhiana,Wheat,Rabi,29.19259948332583,19.8,217.5,3.53
Punjab,Doraha,Cotton,Kharif,47.210032972941605,33.4,587.1,2.16
Haryana,Amritsar,Sugarcane,Kharif,6.55860003809192,29.1,802.4,64.08
Haryana,Samrala,Rice (Paddy),Kharif,23.801509763034815,31.2,979.3,4.24
Haryana,Ludhiana,Sugarcane,Kharif,27.85911493367308,34.9,1245.8,74.48
Punjab,Amritsar,Maize,Kharif,40.492966142511605,32.9,694.7,2.9
Haryana,Bathinda,Wheat,Rabi,7.246798326872064,17.7,150.0,4.03
Haryana,Khanna,Cotton,Kharif,49.58122482429681,32.5,640.2,2.21
Punjab,Patiala,Cotton,Kharif,47.35030755757224,33.7,465.2,1.89
Haryana,Bathinda,Cotton,Kharif,16.965349577753752,32.1,426.2,1.94
Punjab,Phagwara,Maize,Kharif,17.793815345967452,24.7,640.7,3.3
Haryana,Phagwara,Sugarcane,Kharif,15.64036068165833,25.7,740.5,70.12
Haryana,Patiala,Sugarcane,Kharif,45.04060659713004,26.7,939.9,80.6
Haryana,Bathinda,Cotton,Kharif,12.060658468117245,30.8,421.7,2.03
Punjab,Khanna,Wheat,Rabi,4.2247762738382475,20.6,161.0,3.6
Haryana,Bathinda,Rice (Paddy),Kharif,20.73248232873345,32.8,627.0,3.86
Punjab,Bathinda,Sugarcane,Kharif,6.858537889850766,31.1,812.4,75.55
Haryana,Jalandhar,Sugarcane,Kharif,36.78221028694899,22.8,908.1,77.29
Punjab,Samrala,Cotton,Kharif,28.001496711451686,31.9,485.0,1.95
Punjab,Malerkotla,Cotton,Kharif,32.943142412560576,32.9,447.6,2.14
Haryana,Jalandhar,Cotton,Kharif,16.080774359364305,29.8,432.0,1.97
Punjab,Samrala,Sugarcane,Kharif,45.479036225698124,25.2,1119.7,63.26
Punjab,Bathinda,Maize,Kharif,16.472884411225305,28.9,597.1,3.25
Punjab,Doraha,Sugarcane,Kharif,19.131201682997983,27.0,896.1,75.5
Haryana,Malerkotla,Maize,Kharif,17.625958098168805,24.1,509.3,3.06
Haryana,Patiala,Maize,Kharif,43.760098536626714,31.4,681.6,2.58
Haryana,Phagwara,Rice (Paddy),Kharif,47.08469369109073,29.3,659.7,3.87
Haryana,Doraha,Rice (Paddy),Kharif,30.488529963326915,27.4,547.6,3.6
Haryana,Patiala,Rice (Paddy),Kharif,31.378459678834044,30.2,655.3,3.81
Haryana,Amritsar,Rice (Paddy),Kharif,5.831117281854887,28.6,965.9,3.95
Punjab,Malerkotla,Wheat,Rabi,9.432215590178695,17.6,153.1,3.45
Haryana,Bathinda,Rice (Paddy),Kharif,26.659507386675926,21.7,841.5,3.2
Haryana,Patiala,Wheat,Rabi,16.041641828241893,15.7,109.7,3.8
Haryana,Phagwara,Wheat,Rabi,9.680522637908652,18.9,200.8,3.11
Haryana,Bathinda,Rice (Paddy),Kharif,44.85819915371104,28.3,652.7,3.75
Punjab,Amritsar,Cotton,Kharif,2.1813994770246743,31.5,428.0,2.35
Haryana,Ludhiana,Cotton,Kharif,3.3697728413902626,29.3,423.9,1.82
Haryana,Ludhiana,Wheat,Rabi,40.189384857843386,15.0,52.6,3.12
Haryana,Jalandhar,Rice (Paddy),Kharif,29.008774824664247,30.4,818.2,3.98
Haryana,Bathinda,Sugarcane,Kharif,12.11185864066264,23.7,1286.6,71.98
Punjab,Khanna,Cotton,Kharif,20.491878605525812,31.3,531.4,2.22
Haryana,Patiala,Cotton,Kharif,1.3593733909728334,30.5,462.7,2.21
Haryana,Bathinda,Rice (Paddy),Kharif,45.959607473033486,35.3,826.5,3.9
Punjab,Doraha,Sugarcane,Kharif,29.871516103044918,27.3,909.1,72.76
Haryana,Malerkotla,Cotton,Kharif,18.54884610992808,34.2,441.9,2.1
Punjab,Amritsar,Maize,Kharif,5.4658913327892,28.5,384.5,2.97
Haryana,Malerkotla,Cotton,Kharif,29.401335764178697,32.2,408.2,2.16
Haryana,Samrala,Maize,Kharif,12.60927570093945,25.4,516.6,3.24
Punjab,Amritsar,Cotton,Kharif,4.564012441154752,34.9,315.4,1.99
Punjab,Jalandhar,Maize,Kharif,34.67748256654336,32.3,490.7,3.28
Haryana,Phagwara,Sugarcane,Kharif,17.375442994482388,30.8,1149.0,70.3
Punjab,Jalandhar,Cotton,Kharif,40.404112684210325,36.2,394.9,1.73
Haryana,Khanna,Cotton,Kharif,34.097346221484855,34.7,603.5,1.76
Punjab,Phagwara,Maize,Kharif,30.09525096522916,23.3,589.2,2.95
Haryana,Amritsar,Sugarcane,Kharif,41.547438340148,31.6,799.3,66.44
Haryana,Khanna,Sugarcane,Kharif,35.052702847809336,30.5,1131.4,74.16
Punjab,Patiala,Maize,Kharif,45.68601962578202,24.2,793.0,3.5
Haryana,Amritsar,Rice (Paddy),Kharif,25.315721873139882,29.5,752.8,3.88
Punjab,Phagwara,Maize,Kharif,24.110825046779173,24.3,462.6,2.95
Punjab,Ludhiana,Cotton,Kharif,14.501291789901707,34.1,472.9,2.01
Punjab,Phagwara,Sugarcane,Kharif,30.970674550109628,28.4,1180.8,82.46
Punjab,Ludhiana,Wheat,Rabi,9.877420691650984,15.9,117.4,4.15
Haryana,Khanna,Rice (Paddy),Kharif,4.99717135495693,32.3,999.7,4.42
Punjab,Patiala,Wheat,Rabi,14.88093577113629,14.7,199.3,3.66
Punjab,Malerkotla,Wheat,Rabi,46.70489401395535,21.5,137.6,3.3
Punjab,Patiala,Wheat,Rabi,44.40978577937382,17.3,176.0,3.74
Punjab,Bathinda,Maize,Kharif,2.206281208220691,33.1,554.1,2.95
Haryana,Samrala,Rice (Paddy),Kharif,38.240271703142824,30.5,871.3,4.63
Punjab,Phagwara,Maize,Kharif,15.865891637827525,25.7,557.7,2.96
Punjab,Ludhiana,Maize,Kharif,33.913734102958976,28.1,335.3,2.48
Haryana,Khanna,Cotton,Kharif,37.515522391850894,33.6,454.7,2.03
Haryana,Samrala,Rice (Paddy),Kharif,19.14137709854426,28.1,967.8,4.32
Haryana,Phagwara,Sugarcane,Kharif,39.61053654595565,27.1,817.8,69.1
Haryana,Patiala,Sugarcane,Kharif,43.89894386939893,29.7,1081.6,78.07
Punjab,Khanna,Maize,Kharif,17.07984354532678,33.7,400.9,2.77
Haryana,Jalandhar,Wheat,Rabi,4.12055360762332,18.7,144.8,4.13
Haryana,Jalandhar,Cotton,Kharif,15.182603853442204,34.1,527.5,2.16
Haryana,Khanna,Cotton,Kharif,31.624007670425726,35.6,429.6,1.64
Punjab,Doraha,Maize,Kharif,32.16631977461721,21.8,626.0,3.25
Punjab,Jalandhar,Maize,Kharif,49.080838275317646,27.9,428.8,3.2
Punjab,Ludhiana,Cotton,Kharif,36.54320841150802,28.9,543.7,2.01
Haryana,Khanna,Sugarcane,Kharif,34.278965847658576,24.9,1151.8,81.47
Haryana,Samrala,Maize,Kharif,7.8234494684504945,28.3,541.0,3.19
Haryana,Malerkotla,Maize,Kharif,26.506648027938063,26.9,438.7,3.08
Haryana,Samrala,Sugarcane,Kharif,13.248671652572654,31.2,802.7,69.57
Haryana,Patiala,Maize,Kharif,21.124753024191644,25.5,561.2,2.93
Punjab,Doraha,Wheat,Rabi,46.61037967451559,19.8,223.1,3.28
Punjab,Malerkotla,Maize,Kharif,13.720560901715448,25.8,330.9,3.09
Punjab,Khanna,Sugarcane,Kharif,4.312632724146774,25.2,1135.9,80.26
Punjab,Samrala,Cotton,Kharif,26.107248215873224,31.6,462.8,1.94
Punjab,Patiala,Cotton,Kharif,49.72218483160003,31.8,527.5,2.06
Haryana,Khanna,Maize,Kharif,37.2154796776547,33.1,512.4,2.98
Haryana,Amritsar,Wheat,Rabi,28.559039331778127,18.5,149.1,3.29
Haryana,Ludhiana,Cotton,Kharif,43.28319728203846,32.2,563.9,2.21
Haryana,Jalandhar,Cotton,Kharif,41.54866100373704,32.2,438.1,1.9
Punjab,Jalandhar,Rice (Paddy),Kharif,15.27669256904948,25.0,665.2,3.65
Punjab,Amritsar,Wheat,Rabi,15.605243857330203,18.9,217.7,3.72
Haryana,Jalandhar,Sugarcane,Kharif,16.987825426878377,31.9,1036.2,77.11
Haryana,Khanna,Wheat,Rabi,26.077242371904553,18.0,133.5,4.15
Punjab,Malerkotla,Sugarcane,Kharif,44.5213761334039,25.0,801.3,62.16
Haryana,Phagwara,Sugarcane,Kharif,35.34583288588196,28.1,679.9,58.34
Haryana,Khanna,Rice (Paddy),Kharif,32.631183464115594,27.6,763.5,3.71
Punjab,Phagwara,Wheat,Rabi,11.284983849725304,17.2,176.6,3.79
Punjab,Phagwara,Sugarcane,Kharif,47.44120520049226,28.8,920.0,73.13
Haryana,Doraha,Sugarcane,Kharif,31.755774980781627,25.6,1036.5,86.98
Punjab,Phagwara,Sugarcane,Kharif,41.47110503648399,30.0,1378.0,80.77
Haryana,Amritsar,Cotton,Kharif,28.04488169196286,32.9,517.2,2.1
Punjab,Doraha,Sugarcane,Kharif,32.496958454809146,35.5,1151.0,78.32
Haryana,Amritsar,Wheat,Rabi,9.827773738898344,12.8,189.1,2.7
Punjab,Phagwara,Cotton,Kharif,2.2420816089329856,31.7,413.4,1.84
Haryana,Malerkotla,Maize,Kharif,27.72902668424695,22.4,571.0,3.1
Punjab,Amritsar,Rice (Paddy),Kharif,13.031980671280062,29.5,870.9,4.44
Punjab,Amritsar,Maize,Kharif,28.145669519653417,25.6,403.1,2.92
Punjab,Amritsar,Rice (Paddy),Kharif,19.232030493181902,30.2,1201.7,4.38
Punjab,Bathinda,Sugarcane,Kharif,5.268355183610268,22.5,1022.1,67.22
Haryana,Ludhiana,Wheat,Rabi,41.639872356976355,17.5,177.9,4.3
Punjab,Samrala,Sugarcane,Kharif,22.251022234698624,29.4,1079.6,83.39
Haryana,Patiala,Maize,Kharif,37.49642870096574,25.3,485.1,2.96
Punjab,Phagwara,Cotton,Kharif,31.34101154731559,33.2,644.0,2.03
Punjab,Doraha,Wheat,Rabi,30.22526377665734,21.3,145.3,2.97
Haryana,Doraha,Cotton,Kharif,27.246090528791147,34.3,191.2,2.02
Punjab,Patiala,Wheat,Rabi,2.0822064197578074,15.6,180.1,3.63
Haryana,Patiala,Sugarcane,Kharif,46.99701713332772,30.7,1243.0,81.88
Haryana,Jalandhar,Wheat,Rabi,46.89950323682102,18.0,96.9,3.22
Haryana,Phagwara,Sugarcane,Kharif,17.660214916934716,32.1,1205.2,69.43
Punjab,Jalandhar,Wheat,Rabi,37.25352350341977,19.1,237.4,3.73
Punjab,Samrala,Maize,Kharif,41.99001364728427,28.2,426.6,3.29
Punjab,Phagwara,Wheat,Rabi,46.57809494026495,18.7,125.7,3.82
Haryana,Phagwara,Cotton,Kharif,9.554902711112133,34.9,261.0,1.5
Haryana,Amritsar,Maize,Kharif,7.081261017975092,28.8,399.9,2.97
Punjab,Malerkotla,Wheat,Rabi,26.904173595474504,18.8,67.6,3.4
Punjab,Patiala,Cotton,Kharif,5.163348204583855,33.2,525.3,2.05
Punjab,Ludhiana,Wheat,Rabi,37.11948828387531,17.2,184.5,4.08
Haryana,Phagwara,Wheat,Rabi,3.4334130815262247,21.4,145.8,3.94
Haryana,Phagwara,Rice (Paddy),Kharif,22.02832510595777,29.3,856.6,4.73
Haryana,Doraha,Sugarcane,Kharif,13.512314161216173,28.6,803.0,71.27
Punjab,Amritsar,Wheat,Rabi,5.927573872088773,17.9,126.8,3.59
Haryana,Khanna,Wheat,Rabi,17.28890791654389,18.5,185.7,3.7
Punjab,Amritsar,Wheat,Rabi,28.667353036913898,21.2,93.5,3.42
Haryana,Doraha,Sugarcane,Kharif,34.573551150611245,25.5,870.3,66.12
Haryana,Malerkotla,Maize,Kharif,9.06536441127916,24.7,476.2,2.75
Haryana,Samrala,Sugarcane,Kharif,6.015987144577256,23.1,1274.0,78.07
Haryana,Doraha,Cotton,Kharif,7.1796507963951175,33.5,396.0,2.11
Punjab,Bathinda,Maize,Kharif,32.78546471451086,29.8,383.0,3.17
Haryana,Phagwara,Cotton,Kharif,34.1435200765903,31.7,403.3,2.35
Punjab,Doraha,Maize,Kharif,2.9763587547841466,26.7,359.2,2.97
Punjab,Patiala,Maize,Kharif,16.577329014890893,27.2,456.6,3.16
Haryana,Malerkotla,Cotton,Kharif,20.748534252854093,31.2,564.0,1.95
Haryana,Khanna,Cotton,Kharif,31.79660634157399,34.0,592.1,2.18
Haryana,Jalandhar,Wheat,Rabi,2.59010276274311,14.8,115.5,2.98
Haryana,Patiala,Wheat,Rabi,3.302632549152756,17.9,124.2,3.82
Haryana,Bathinda,Sugarcane,Kharif,32.37865658556781,24.7,864.8,67.8
Punjab,Amritsar,Cotton,Kharif,12.188231366061931,31.5,591.8,1.85
Punjab,Doraha,Rice (Paddy),Kharif,20.59916789638486,32.6,833.5,4.34
Haryana,Ludhiana,Sugarcane,Kharif,21.12584563105959,28.4,879.7,72.61
Haryana,Phagwara,Sugarcane,Kharif,26.2099905132899,29.5,1051.2,83.07
Punjab,Patiala,Cotton,Kharif,24.297716702286902,31.0,486.9,2.13
Punjab,Amritsar,Cotton,Kharif,4.368941414701886,32.8,418.6,1.97
Punjab,Ludhiana,Wheat,Rabi,42.13320847626799,16.1,187.3,3.51
Haryana,Patiala,Cotton,Kharif,36.05366984175411,31.7,295.7,1.94
Haryana,Amritsar,Maize,Kharif,1.3499620066440072,25.8,384.1,2.99
Haryana,Doraha,Wheat,Rabi,35.773895831721696,18.1,107.4,3.75
Haryana,Bathinda,Rice (Paddy),Kharif,2.0704888873238882,31.7,856.6,4.04
Punjab,Jalandhar,Cotton,Kharif,28.534827422463504,33.9,434.0,1.7
Haryana,Khanna,Rice (Paddy),Kharif,44.802742022829534,31.7,1195.7,4.42
Haryana,Samrala,Cotton,Kharif,23.188415458932013,33.0,418.8,1.72
Punjab,Jalandhar,Rice (Paddy),Kharif,49.940853854967074,29.0,752.4,4.45
Haryana,Jalandhar,Rice (Paddy),Kharif,22.538584146872036,29.4,1073.5,3.92
Punjab,Phagwara,Rice (Paddy),Kharif,1.3030073094039372,30.4,702.7,4.2
Haryana,Doraha,Wheat,Rabi,47.17620053395232,17.0,224.3,4.0
Punjab,Phagwara,Cotton,Kharif,5.751959363288674,37.0,269.6,1.25
Punjab,Patiala,Sugarcane,Kharif,6.084060833256963,28.0,1055.3,66.39
Haryana,Jalandhar,Rice (Paddy),Kharif,44.89059142024062,29.8,1003.3,4.89
Punjab,Jalandhar,Sugarcane,Kharif,17.76140229822021,25.8,848.1,61.34
Punjab,Phagwara,Cotton,Kharif,26.130281089472568,33.9,453.2,2.21
Punjab,Amritsar,Cotton,Kharif,23.05538307556645,31.5,374.3,1.68
Punjab,Malerkotla,Sugarcane,Kharif,47.94876787042031,33.9,819.6,70.22
Punjab,Patiala,Rice (Paddy),Kharif,44.56159731543701,30.7,1092.6,4.74
Haryana,Phagwara,Cotton,Kharif,41.26586843228413,29.3,360.0,1.65
Haryana,Doraha,Maize,Kharif,35.846844288860545,20.6,341.5,2.8
Haryana,Phagwara,Rice (Paddy),Kharif,36.08324998354448,30.7,806.9,3.94
Haryana,Amritsar,Maize,Kharif,37.23947768386539,30.6,483.3,2.89
Haryana,Jalandhar,Sugarcane,Kharif,4.377466028597782,30.4,931.8,85.87
Haryana,Doraha,Rice (Paddy),Kharif,14.285970415648816,28.2,1047.5,4.07
Haryana,Khanna,Cotton,Kharif,43.707708260257924,30.7,326.0,2.11
Haryana,Khanna,Sugarcane,Kharif,14.072932922257712,29.2,1098.9,73.45
Punjab,Patiala,Rice (Paddy),Kharif,3.984371618523953,28.5,950.9,4.02
Punjab,Doraha,Sugarcane,Kharif,40.76972370779782,35.5,1228.1,61.06
Haryana,Jalandhar,Sugarcane,Kharif,13.774729932509757,30.8,815.1,71.97
Haryana,Doraha,Wheat,Rabi,36.008524510403305,17.8,71.4,3.65
Punjab,Amritsar,Wheat,Rabi,22.86235145282213,17.2,96.2,3.1
Haryana,Phagwara,Sugarcane,Kharif,31.434209920599947,30.0,1118.3,77.6
Punjab,Samrala,Maize,Kharif,38.47403586412937,32.2,401.0,2.21
Punjab,Amritsar,Maize,Kharif,43.443001734582445,21.6,547.5,3.08
Haryana,Phagwara,Rice (Paddy),Kharif,6.057615795070982,24.1,684.2,4.18
Punjab,Bathinda,Cotton,Kharif,43.531980002859406,32.4,383.3,1.96
Punjab,Khanna,Maize,Kharif,47.206156419485644,26.9,451.5,3.27
Haryana,Jalandhar,Rice (Paddy),Kharif,46.68505894005183,33.1,590.4,3.79
Punjab,Khanna,Wheat,Rabi,4.67304213003064,19.0,143.4,4.07
Punjab,Jalandhar,Sugarcane,Kharif,32.85917115583702,30.4,1151.9,67.89
Haryana,Amritsar,Cotton,Kharif,30.04210726550101,31.8,491.9,2.01
Haryana,Khanna,Maize,Kharif,47.39712962071016,21.2,531.4,2.85
Haryana,Doraha,Maize,Kharif,37.727732646833175,24.0,233.8,3.02
Haryana,Bathinda,Sugarcane,Kharif,6.023930713162267,25.8,1085.8,81.81
Punjab,Khanna,Wheat,Rabi,12.98809767563094,16.5,149.3,3.08
Punjab,Khanna,Maize,Kharif,13.458698888457596,29.0,566.2,2.67
Haryana,Malerkotla,Wheat,Rabi,37.90282351180403,17.0,119.5,3.54
Haryana,Bathinda,Rice (Paddy),Kharif,42.1770607018369,28.5,814.4,3.89
Punjab,Malerkotla,Sugarcane,Kharif,14.436431567083202,23.1,1198.6,73.11
Haryana,Samrala,Maize,Kharif,34.08631104053984,29.9,365.7,2.64
Punjab,Bathinda,Sugarcane,Kharif,48.173896609195815,21.6,1218.9,76.12
Punjab,Jalandhar,Maize,Kharif,16.79391639900182,29.9,584.9,3.3
Haryana,Patiala,Rice (Paddy),Kharif,1.9392264887239112,27.0,867.5,4.06
Haryana,Phagwara,Sugarcane,Kharif,11.668716084463743,28.0,931.7,69.92
Punjab,Ludhiana,Sugarcane,Kharif,12.411078161438937,31.1,871.9,68.78
Haryana,Jalandhar,Cotton,Kharif,22.950611162727306,31.4,283.5,1.97
Haryana,Amritsar,Rice (Paddy),Kharif,31.070476198708434,34.8,840.5,3.92
Haryana,Ludhiana,Cotton,Kharif,10.226823720938214,28.3,533.4,2.14
Punjab,Jalandhar,Sugarcane,Kharif,36.948499177857975,32.0,1534.8,73.44
Haryana,Amritsar,Maize,Kharif,11.696852478764102,23.3,468.7,2.69
Punjab,Ludhiana,Maize,Kharif,9.987758531399846,23.8,504.0,3.23
Haryana,Jalandhar,Cotton,Kharif,14.476213851902092,32.2,462.7,2.36
Punjab,Phagwara,Cotton,Kharif,16.20817356629788,31.8,313.4,1.88
Punjab,Ludhiana,Maize,Kharif,43.86243883317174,33.9,442.5,2.7
Punjab,Amritsar,Rice (Paddy),Kharif,13.600465204345696,31.6,891.8,4.48
Haryana,Amritsar,Wheat,Rabi,8.158731711524691,15.6,178.0,4.06
Haryana,Khanna,Maize,Kharif,29.400239643221024,29.4,307.1,2.74
Punjab,Malerkotla,Maize,Kharif,13.993366317984425,27.0,674.3,3.22
Haryana,Jalandhar,Wheat,Rabi,19.537464751097716,15.6,138.0,4.05
Punjab,Phagwara,Cotton,Kharif,7.7489708455026225,31.7,416.1,2.2
Haryana,Bathinda,Wheat,Rabi,4.095971746151099,16.5,155.5,3.86
Punjab,Amritsar,Maize,Kharif,25.50166186291079,29.1,296.8,2.92
Haryana,Bathinda,Sugarcane,Kharif,20.124481813425753,27.4,932.4,79.29
Haryana,Phagwara,Wheat,Rabi,21.45176414822319,18.2,137.9,3.37
Haryana,Amritsar,Sugarcane,Kharif,37.06573462087721,29.8,1172.6,71.45
Punjab,Bathinda,Sugarcane,Kharif,38.35569947165147,28.4,1065.9,69.94
Punjab,Amritsar,Wheat,Rabi,37.776664023933144,15.7,229.5,3.56
Haryana,Bathinda,Wheat,Rabi,31.773492763907313,20.9,223.5,3.32
Haryana,Amritsar,Maize,Kharif,31.713328873177353,18.3,507.2,2.87
Punjab,Khanna,Wheat,Rabi,45.92104415281859,17.2,219.9,3.84
Haryana,Ludhiana,Maize,Kharif,13.266673101687916,23.8,816.6,2.59
Haryana,Jalandhar,Sugarcane,Kharif,7.339650231368344,27.5,736.0,69.28
Haryana,Amritsar,Rice (Paddy),Kharif,46.40268377770067,29.2,783.5,4.08
Punjab,Khanna,Rice (Paddy),Kharif,36.03002346578714,31.8,611.3,4.14
Punjab,Amritsar,Cotton,Kharif,4.852708838498144,31.9,523.2,2.08
Haryana,Jalandhar,Cotton,Kharif,49.803688805934286,30.5,382.6,1.89
Haryana,Malerkotla,Sugarcane,Kharif,18.93954277850881,27.8,679.0,71.52
Haryana,Samrala,Wheat,Rabi,34.33228372818833,17.9,161.7,4.21
Haryana,Ludhiana,Maize,Kharif,31.5048025326518,27.8,594.9,3.46
Punjab,Malerkotla,Rice (Paddy),Kharif,20.6174747151517,27.2,809.6,4.33
Haryana,Patiala,Sugarcane,Kharif,41.451207234500366,29.7,1220.5,74.13
Haryana,Bathinda,Rice (Paddy),Kharif,47.102937107240734,33.0,1158.3,4.51
Punjab,Bathinda,Maize,Kharif,17.742054117104253,20.9,513.4,3.45
Punjab,Khanna,Cotton,Kharif,34.53733269239606,33.3,377.7,2.18
Punjab,Jalandhar,Maize,Kharif,43.74733360438593,27.7,434.8,2.93
Haryana,Bathinda,Wheat,Rabi,31.714812316338293,19.0,170.8,3.79
Haryana,Samrala,Rice (Paddy),Kharif,7.491062160754401,32.5,862.2,4.19
Haryana,Doraha,Rice (Paddy),Kharif,5.862645581064369,28.0,784.9,4.13
Haryana,Amritsar,Cotton,Kharif,5.7353886240787,33.6,461.0,1.87
Haryana,Amritsar,Rice (Paddy),Kharif,19.8702000265061,30.6,650.8,3.59
Haryana,Phagwara,Maize,Kharif,6.184029493367149,20.4,469.7,2.73
Haryana,Patiala,Sugarcane,Kharif,40.046216943533366,18.5,780.9,68.62
Haryana,Malerkotla,Rice (Paddy),Kharif,46.79247203547114,26.2,843.7,4.01
Punjab,Samrala,Maize,Kharif,26.86034120148593,25.8,468.1,3.08
Haryana,Ludhiana,Sugarcane,Kharif,27.66132257303396,27.3,1052.9,72.48
Punjab,Amritsar,Sugarcane,Kharif,19.49007538428527,23.9,997.9,78.65
Punjab,Bathinda,Maize,Kharif,12.640440713820723,25.0,389.1,3.28
Punjab,Bathinda,Maize,Kharif,37.35777416518244,29.9,566.5,3.24
Punjab,Samrala,Sugarcane,Kharif,45.38967189049773,28.4,909.5,62.98
Haryana,Doraha,Maize,Kharif,29.580533659815735,26.4,581.6,2.81
Haryana,Malerkotla,Cotton,Kharif,23.225067671143563,33.7,483.2,1.83
Punjab,Bathinda,Cotton,Kharif,1.19200037260357,33.2,508.8,1.76
Haryana,Bathinda,Maize,Kharif,38.05919475203441,25.2,511.2,2.87
Haryana,Patiala,Cotton,Kharif,35.269852308381,33.1,566.6,1.76
Punjab,Samrala,Maize,Kharif,6.782295304349368,27.1,436.5,2.8
Haryana,Doraha,Sugarcane,Kharif,49.685330468141714,35.0,1236.3,80.25
Punjab,Khanna,Maize,Kharif,8.584515707459488,28.6,613.9,3.31
Haryana,Samrala,Rice (Paddy),Kharif,11.031253243549946,28.7,822.0,5.13
Punjab,Patiala,Cotton,Kharif,10.68682485260989,32.1,586.0,2.47
Haryana,Phagwara,Cotton,Kharif,20.086285271325025,31.3,427.8,2.08
Haryana,Jalandhar,Cotton,Kharif,47.444971795429375,30.0,547.2,1.74
Haryana,Samrala,Wheat,Rabi,44.548871703763346,15.8,82.5,3.62
Haryana,Samrala,Wheat,Rabi,8.419111752868167,15.7,174.2,3.05
Punjab,Phagwara,Cotton,Kharif,3.3140189482429863,34.7,398.2,2.0
Punjab,Doraha,Wheat,Rabi,42.31409838645752,14.3,156.3,2.72
Punjab,Phagwara,Wheat,Rabi,27.662174096191944,18.0,43.5,3.46
Punjab,Patiala,Cotton,Kharif,28.285096039821813,31.0,405.4,1.88
Haryana,Doraha,Cotton,Kharif,27.943969136654314,34.1,442.8,1.74
Haryana,Amritsar,Cotton,Kharif,49.089649821179236,33.4,458.8,1.99
Punjab,Amritsar,Rice (Paddy),Kharif,33.556765543041216,33.3,886.6,4.32
Punjab,Samrala,Maize,Kharif,28.570115722234377,26.5,539.3,3.06
Haryana,Samrala,Maize,Kharif,6.022320130271428,28.5,493.8,3.04
Punjab,Bathinda,Cotton,Kharif,35.21856059269073,30.7,347.0,1.96
Haryana,Amritsar,Sugarcane,Kharif,35.45678945399886,27.8,1305.7,73.41
Punjab,Samrala,Wheat,Rabi,26.77138226817151,17.9,66.6,3.94
Haryana,Malerkotla,Rice (Paddy),Kharif,46.73724322414929,29.4,716.0,4.44
Punjab,Ludhiana,Cotton,Kharif,18.61176751471004,30.2,551.8,1.65
Punjab,Ludhiana,Rice (Paddy),Kharif,48.96705824987509,26.0,719.2,4.21
Punjab,Samrala,Sugarcane,Kharif,32.616644583113256,27.1,904.4,80.47
Haryana,Phagwara,Maize,Kharif,49.02026769664403,25.4,549.8,2.67
Punjab,Malerkotla,Wheat,Rabi,47.305837618176206,19.0,71.5,3.48
Haryana,Ludhiana,Wheat,Rabi,24.020411750985396,20.1,77.0,3.44
Haryana,Doraha,Cotton,Kharif,31.157119598835894,33.5,323.8,2.06
Haryana,Doraha,Sugarcane,Kharif,6.2060397150084645,25.9,1437.0,90.27
Punjab,Phagwara,Wheat,Rabi,21.912728237502048,21.0,165.3,3.22
Haryana,Ludhiana,Wheat,Rabi,22.704599526648703,14.2,123.4,3.15
Punjab,Amritsar,Cotton,Kharif,48.05068554675841,31.1,533.2,2.12
Haryana,Bathinda,Maize,Kharif,47.093819198438354,25.2,426.2,2.97
Punjab,Doraha,Cotton,Kharif,38.97149514299179,32.1,428.8,2.36
Haryana,Patiala,Sugarcane,Kharif,17.480940609063516,27.3,764.2,74.79
Haryana,Doraha,Rice (Paddy),Kharif,26.24441908077247,34.4,566.7,4.22
Punjab,Doraha,Sugarcane,Kharif,43.83427715262135,35.0,1191.3,74.28
Punjab,Khanna,Cotton,Kharif,42.21371236018897,37.1,500.5,1.35
Haryana,Malerkotla,Maize,Kharif,20.88000678486644,28.1,584.6,3.23
Haryana,Amritsar,Maize,Kharif,27.367929491950846,24.3,579.2,3.33
Punjab,Khanna,Sugarcane,Kharif,27.806086555003663,32.1,1131.3,84.71
Haryana,Jalandhar,Sugarcane,Kharif,24.642159965855484,29.2,1052.4,74.71
Haryana,Samrala,Wheat,Rabi,25.127686201012448,16.8,216.9,3.38
Haryana,Phagwara,Rice (Paddy),Kharif,20.045062782876574,29.2,922.5,3.93
Punjab,Phagwara,Wheat,Rabi,39.24308578062759,16.3,148.0,3.84
Punjab,Phagwara,Sugarcane,Kharif,34.47560259875109,29.1,1133.4,74.81
Haryana,Phagwara,Sugarcane,Kharif,25.915472730093278,23.6,1037.0,77.84
Punjab,Amritsar,Maize,Kharif,10.15845752605579,25.7,666.4,3.57
Punjab,Bathinda,Wheat,Rabi,12.39758924528904,17.6,145.0,4.01
Punjab,Amritsar,Sugarcane,Kharif,31.547174835476966,27.9,1065.1,65.39
Punjab,Ludhiana,Rice (Paddy),Kharif,25.636388650487348,32.1,928.8,4.06
Punjab,Patiala,Sugarcane,Kharif,38.28929316452821,29.9,601.0,65.93
Punjab,Khanna,Maize,Kharif,10.006831584608932,28.7,378.8,2.97
Haryana,Bathinda,Rice (Paddy),Kharif,37.62813555854136,31.2,810.4,4.17
Haryana,Samrala,Sugarcane,Kharif,44.20373951229065,28.3,423.2,73.79
Punjab,Doraha,Maize,Kharif,39.73516676914874,29.7,389.2,3.34
Punjab,Jalandhar,Cotton,Kharif,13.347912860559514,36.9,550.0,1.15
Punjab,Malerkotla,Rice (Paddy),Kharif,24.261335229282434,30.3,984.5,4.0
Haryana,Phagwara,Sugarcane,Kharif,38.44068374236509,29.9,831.1,71.69
Punjab,Samrala,Maize,Kharif,32.94153658873269,31.0,220.5,2.77
Haryana,Doraha,Cotton,Kharif,4.484424702458403,35.2,409.1,1.8
Punjab,Amritsar,Rice (Paddy),Kharif,32.329365226595996,35.6,996.9,3.54
Punjab,Malerkotla,Wheat,Rabi,23.040395544517004,15.2,170.5,3.29
Punjab,Patiala,Cotton,Kharif,44.91657910710737,31.2,476.8,2.23
Haryana,Amritsar,Cotton,Kharif,21.480456892680465,35.3,493.5,1.98
Punjab,Patiala,Maize,Kharif,44.78198859827258,30.9,437.8,2.82
Haryana,Ludhiana,Cotton,Kharif,13.071064114872792,34.4,476.4,2.02
Haryana,Doraha,Wheat,Rabi,26.85140149884217,19.0,246.2,3.82
Punjab,Bathinda,Rice (Paddy),Kharif,1.7901076722385296,27.1,956.2,4.27
Haryana,Doraha,Wheat,Rabi,37.30327712937729,20.5,126.3,2.96
Haryana,Amritsar,Rice (Paddy),Kharif,28.989432969824342,29.3,963.7,4.07
Punjab,Patiala,Cotton,Kharif,45.26040748970679,26.2,533.2,1.12
Haryana,Doraha,Sugarcane,Kharif,1.616312811823574,25.4,974.2,68.78
Punjab,Jalandhar,Maize,Kharif,44.553899821277554,32.7,382.6,2.43
Haryana,Khanna,Maize,Kharif,27.934546069172335,31.1,478.4,2.72
Haryana,Malerkotla,Maize,Kharif,1.1876842345158063,23.6,445.8,2.93
Haryana,Jalandhar,Rice (Paddy),Kharif,28.93917357419042,31.7,867.0,4.04
Punjab,Jalandhar,Rice (Paddy),Kharif,36.52162867846134,25.5,949.0,4.08
Punjab,Samrala,Cotton,Kharif,23.029584293092853,31.9,377.6,2.34
Punjab,Amritsar,Rice (Paddy),Kharif,27.657468299434203,29.1,1034.0,4.61
Haryana,Bathinda,Cotton,Kharif,40.5276068834154,32.8,575.0,2.28
Punjab,Amritsar,Rice (Paddy),Kharif,24.613108188388892,26.1,545.1,3.79
Haryana,Doraha,Rice (Paddy),Kharif,47.119520011913586,30.5,991.2,4.06
Punjab,Bathinda,Rice (Paddy),Kharif,13.478422635189894,28.4,559.3,3.7
Punjab,Amritsar,Maize,Kharif,29.410461913173013,20.4,568.9,3.09
Punjab,Doraha,Maize,Kharif,28.677230399153903,23.7,562.9,3.08
Haryana,Patiala,Wheat,Rabi,43.11564580562,19.1,171.5,3.53
Haryana,Amritsar,Wheat,Rabi,7.097276189391004,19.4,180.8,3.72
Punjab,Bathinda,Cotton,Kharif,46.007554991712944,29.9,410.0,1.77
Haryana,Patiala,Maize,Kharif,29.976233498607264,23.0,545.3,2.49
Punjab,Khanna,Cotton,Kharif,12.111172252625282,32.3,460.3,1.87
Haryana,Phagwara,Wheat,Rabi,12.081428390303802,14.2,182.1,3.24
Punjab,Malerkotla,Wheat,Rabi,16.013541119735933,19.2,150.2,3.79
Haryana,Amritsar,Sugarcane,Kharif,22.29922926750704,27.8,855.4,64.72
Haryana,Bathinda,Rice (Paddy),Kharif,1.4791896349823315,25.1,742.6,3.46
Haryana,Jalandhar,Wheat,Rabi,33.308511976663354,17.7,102.8,2.97
Haryana,Doraha,Wheat,Rabi,40.2754335752347,17.2,91.7,3.25
Punjab,Khanna,Rice (Paddy),Kharif,14.43007658640879,32.0,919.0,4.04
Haryana,Bathinda,Sugarcane,Kharif,46.42320384496901,26.4,829.9,76.17
Haryana,Khanna,Cotton,Kharif,43.435136343350614,32.6,427.8,1.84
Haryana,Malerkotla,Cotton,Kharif,32.808544276712766,31.4,387.1,1.89
Punjab,Ludhiana,Maize,Kharif,3.4181286211736426,31.1,475.6,2.81
Punjab,Doraha,Rice (Paddy),Kharif,43.49045539905498,29.0,770.9,3.85
Punjab,Samrala,Cotton,Kharif,1.3477300922494715,33.2,525.5,1.73
Punjab,Ludhiana,Sugarcane,Kharif,25.938147269455026,27.6,1105.8,68.17
Haryana,Phagwara,Rice (Paddy),Kharif,42.671044896267475,34.7,945.1,4.22
Punjab,Khanna,Cotton,Kharif,22.366301731810374,31.3,360.1,2.06
Punjab,Samrala,Rice (Paddy),Kharif,41.912881977553724,32.6,1109.1,4.22
Punjab,Malerkotla,Maize,Kharif,47.39824207356533,26.6,472.7,3.19
Punjab,Amritsar,Sugarcane,Kharif,35.58219350081226,26.7,1145.7,77.22
Punjab,Ludhiana,Maize,Kharif,38.57164946057845,23.5,310.0,2.54
Punjab,Doraha,Rice (Paddy),Kharif,14.704018970775715,31.9,920.3,3.85
Haryana,Jalandhar,Rice (Paddy),Kharif,35.322288405793536,30.0,713.4,4.1
Haryana,Jalandhar,Rice (Paddy),Kharif,14.930126165677507,28.2,817.8,4.75
Punjab,Amritsar,Cotton,Kharif,8.530522654555094,28.9,510.1,1.78
Haryana,Malerkotla,Sugarcane,Kharif,36.74654967684548,26.8,1000.9,76.33
Punjab,Samrala,Maize,Kharif,26.83550234758318,26.3,290.3,3.21
Haryana,Ludhiana,Wheat,Rabi,45.63038679618941,17.0,146.3,3.22
Punjab,Samrala,Sugarcane,Kharif,20.016838031863703,26.9,931.2,67.53
Haryana,Bathinda,Wheat,Rabi,40.47480615190142,21.8,71.7,3.23
Punjab,Doraha,Rice (Paddy),Kharif,1.440934206879533,23.2,703.3,3.82
Punjab,Doraha,Rice (Paddy),Kharif,49.735115173875066,30.6,1031.0,4.54
Punjab,Doraha,Maize,Kharif,41.94301354944179,29.6,345.8,2.76
Punjab,Doraha,Rice (Paddy),Kharif,12.992508902209437,27.8,653.7,4.06
Punjab,Amritsar,Sugarcane,Kharif,10.372591180832456,31.1,865.8,67.51
Punjab,Samrala,Cotton,Kharif,39.42971093277389,31.0,484.2,1.66
Haryana,Khanna,Rice (Paddy),Kharif,24.45638430789728,30.4,787.3,4.81
Punjab,Phagwara,Wheat,Rabi,45.97017348912288,19.3,131.8,4.03
Punjab,Patiala,Wheat,Rabi,46.74606404136133,18.5,183.7,3.6
Haryana,Patiala,Sugarcane,Kharif,6.094009419707089,27.0,1002.2,77.81
Haryana,Jalandhar,Sugarcane,Kharif,16.60414637348441,22.8,1152.1,71.02
Haryana,Phagwara,Sugarcane,Kharif,35.84496903374901,25.1,1313.6,80.2
Haryana,Doraha,Maize,Kharif,24.667691529353572,25.0,665.4,3.25
Haryana,Samrala,Wheat,Rabi,11.315895933590037,17.2,113.1,3.45
Haryana,Doraha,Rice (Paddy),Kharif,46.188942589588144,24.0,805.8,4.01
Punjab,Amritsar,Rice (Paddy),Kharif,9.644183610966422,29.2,1110.5,4.61
Punjab,Jalandhar,Wheat,Rabi,36.98118946017227,19.0,140.2,2.86
Punjab,Patiala,Wheat,Rabi,47.23410413682106,16.9,132.7,3.48
Haryana,Khanna,Rice (Paddy),Kharif,30.97112810665469,29.3,804.0,4.12
Haryana,Doraha,Cotton,Kharif,48.63062025655093,36.4,492.7,1.78
Haryana,Amritsar,Sugarcane,Kharif,1.4562042473553303,26.2,1011.7,72.21
Punjab,Khanna,Wheat,Rabi,37.93034526160653,18.2,66.6,3.32
Punjab,Bathinda,Sugarcane,Kharif,24.52528356966203,25.2,898.8,79.44
Haryana,Khanna,Sugarcane,Kharif,16.71247498208518,26.7,955.9,84.02
Punjab,Khanna,Rice (Paddy),Kharif,33.82772105210169,27.0,732.8,3.09
Punjab,Doraha,Cotton,Kharif,7.040912445168226,30.4,426.9,2.33
Punjab,Ludhiana,Rice (Paddy),Kharif,30.694677764867983,32.6,811.2,4.05
Haryana,Samrala,Rice (Paddy),Kharif,47.47283262153315,30.7,838.3,4.13
Haryana,Malerkotla,Rice (Paddy),Kharif,25.14628594738283,29.5,459.6,3.5
Haryana,Patiala,Maize,Kharif,44.49982470891271,29.6,540.7,2.86
Haryana,Patiala,Rice (Paddy),Kharif,2.5294644565986304,30.6,514.3,3.65
Punjab,Khanna,Wheat,Rabi,22.69406045761646,17.3,142.6,3.91
Haryana,Malerkotla,Cotton,Kharif,35.440455758454966,30.8,392.5,1.89
Haryana,Malerkotla,Sugarcane,Kharif,47.16708726999229,28.1,1120.3,69.81
Haryana,Khanna,Rice (Paddy),Kharif,26.11623458028637,23.7,556.2,3.43
Punjab,Ludhiana,Sugarcane,Kharif,25.318461149531345,29.5,1027.9,70.76
Haryana,Ludhiana,Maize,Kharif,36.11921070261445,29.1,545.5,3.63
Punjab,Amritsar,Rice (Paddy),Kharif,36.85230034058661,36.8,473.9,3.12
Punjab,Amritsar,Wheat,Rabi,32.03017694953696,16.7,81.6,3.36
Haryana,Patiala,Maize,Kharif,29.851703237654938,27.1,439.0,3.65
Haryana,Amritsar,Maize,Kharif,28.496360409323543,29.4,323.5,3.24
Punjab,Bathinda,Sugarcane,Kharif,40.81801931532042,28.9,822.2,75.86
Punjab,Malerkotla,Wheat,Rabi,31.673211781979727,11.4,168.8,1.79
Punjab,Doraha,Rice (Paddy),Kharif,30.258714380759663,25.1,1193.2,3.81
Punjab,Bathinda,Sugarcane,Kharif,24.777524603214815,30.3,916.9,71.4
Haryana,Samrala,Maize,Kharif,10.212770142618158,27.5,480.4,2.86
Punjab,Ludhiana,Cotton,Kharif,16.171958690139444,33.9,326.1,1.7
Punjab,Ludhiana,Sugarcane,Kharif,26.50234851482977,25.8,964.2,67.78
Punjab,Doraha,Wheat,Rabi,4.6820047057017415,20.5,95.6,3.54
Punjab,Patiala,Maize,Kharif,41.8451313726411,26.7,712.1,3.64
Haryana,Samrala,Sugarcane,Kharif,43.695346024673846,33.0,704.2,63.63
Punjab,Khanna,Rice (Paddy),Kharif,45.776911608622264,32.8,674.9,3.67
Punjab,Jalandhar,Rice (Paddy),Kharif,15.279341795126383,30.8,425.3,4.45
Haryana,Malerkotla,Maize,Kharif,22.89023674025825,27.1,495.8,3.18
Punjab,Phagwara,Maize,Kharif,20.77868803018041,27.6,521.1,2.96
Haryana,Amritsar,Maize,Kharif,4.556165104190828,27.5,562.9,2.58
Punjab,Ludhiana,Rice (Paddy),Kharif,7.359365320407953,27.3,906.9,4.21
Punjab,Ludhiana,Cotton,Kharif,11.994089609225815,27.8,417.2,1.52
Haryana,Ludhiana,Wheat,Rabi,39.4125008341872,20.5,186.3,3.76
Haryana,Samrala,Rice (Paddy),Kharif,32.38368136396839,28.1,932.9,3.66
Punjab,Khanna,Sugarcane,Kharif,23.3517783148713,31.5,879.8,61.45
Punjab,Ludhiana,Wheat,Rabi,38.817364014349046,19.4,90.2,3.42
Punjab,Phagwara,Sugarcane,Kharif,29.061457976977785,34.2,910.9,65.71
Punjab,Patiala,Wheat,Rabi,41.25524331659462,15.1,234.2,3.93
Punjab,Phagwara,Maize,Kharif,44.810877269201804,29.3,436.9,2.91
Haryana,Patiala,Rice (Paddy),Kharif,37.569376815884766,34.1,838.3,4.03
Haryana,Patiala,Rice (Paddy),Kharif,33.91718424248843,33.0,941.9,4.01
Punjab,Samrala,Wheat,Rabi,41.40669128724375,19.0,225.2,4.13
Haryana,Ludhiana,Wheat,Rabi,44.4601634332605,19.0,110.1,3.93
Haryana,Malerkotla,Rice (Paddy),Kharif,11.349204670809632,31.6,825.7,3.95
Haryana,Khanna,Sugarcane,Kharif,2.914855614095804,25.0,1114.6,76.72
Punjab,Malerkotla,Wheat,Rabi,19.270948950906714,19.8,132.0,3.56
Punjab,Patiala,Maize,Kharif,30.557884647240222,27.4,613.4,2.99
Haryana,Ludhiana,Cotton,Kharif,24.692581300883603,30.6,390.3,2.03
Punjab,Khanna,Sugarcane,Kharif,40.803549302991826,29.6,895.9,74.62
Punjab,Phagwara,Maize,Kharif,15.651621300857958,26.7,431.0,3.13
Punjab,Amritsar,Wheat,Rabi,43.67741239326459,23.6,220.6,2.86
Punjab,Bathinda,Maize,Kharif,14.07806511683982,27.1,557.7,3.44
Punjab,Samrala,Sugarcane,Kharif,5.58921517776625,26.4,845.6,80.63
Punjab,Doraha,Cotton,Kharif,44.174152269471726,32.4,530.4,2.3
Punjab,Malerkotla,Sugarcane,Kharif,21.307060810884792,29.5,942.7,70.06
Haryana,Phagwara,Cotton,Kharif,39.9935498276486,35.1,479.6,1.88
Punjab,Malerkotla,Maize,Kharif,17.00776210405567,22.4,462.8,3.0
Haryana,Jalandhar,Rice (Paddy),Kharif,1.2621004460169194,31.9,793.9,4.05
Haryana,Phagwara,Sugarcane,Kharif,35.66923644952674,35.6,1329.3,80.36
Punjab,Jalandhar,Cotton,Kharif,29.41187767577343,29.7,472.8,2.02
Haryana,Samrala,Sugarcane,Kharif,23.706159431427665,27.8,880.8,72.17
Haryana,Malerkotla,Cotton,Kharif,26.450486578889915,30.3,344.0,2.11
Punjab,Amritsar,Wheat,Rabi,10.625624445916507,18.2,177.4,4.3
Punjab,Malerkotla,Maize,Kharif,36.23211820124645,24.0,517.1,3.28
Haryana,Bathinda,Wheat,Rabi,12.260510729710589,16.9,193.6,3.84
Haryana,Khanna,Cotton,Kharif,44.08101254168375,30.5,545.6,1.81
Haryana,Khanna,Maize,Kharif,2.19515866239474,25.0,323.4,2.95
Punjab,Patiala,Rice (Paddy),Kharif,1.0351260766224093,31.1,877.3,4.45
Punjab,Ludhiana,Maize,Kharif,49.33114622426394,25.3,537.9,3.04
Punjab,Doraha,Rice (Paddy),Kharif,21.345474077532202,29.6,896.2,3.95
Haryana,Bathinda,Sugarcane,Kharif,13.421193909602328,28.6,885.9,75.76
Haryana,Phagwara,Wheat,Rabi,28.27988308020167,19.4,155.4,3.13
Punjab,Patiala,Wheat,Rabi,40.86717057305525,16.1,239.5,3.52
Haryana,Malerkotla,Sugarcane,Kharif,22.53588124193004,29.2,1305.5,74.19
Punjab,Jalandhar,Wheat,Rabi,6.804623549629611,16.3,162.8,3.89
Punjab,Bathinda,Wheat,Rabi,28.978586994972943,17.0,130.0,3.59
Punjab,Phagwara,Wheat,Rabi,15.204153297159124,15.8,127.9,4.21
Haryana,Patiala,Cotton,Kharif,20.04298222954311,31.9,636.7,2.08
Punjab,Samrala,Cotton,Kharif,28.64554479813852,34.9,377.4,1.81
Haryana,Ludhiana,Rice (Paddy),Kharif,14.486569190625001,28.8,902.0,3.22
Haryana,Phagwara,Maize,Kharif,49.15132238739927,29.9,523.2,2.89
Punjab,Ludhiana,Sugarcane,Kharif,16.1684057741406,29.7,824.9,77.79
Punjab,Jalandhar,Rice (Paddy),Kharif,34.306564004086155,27.2,918.7,4.63
Haryana,Khanna,Cotton,Kharif,16.4842314204533,33.3,343.6,1.92
Punjab,Bathinda,Rice (Paddy),Kharif,5.652728723498219,33.5,875.8,3.51
Punjab,Jalandhar,Maize,Kharif,29.67778289998248,32.9,399.2,3.02
Punjab,Ludhiana,Rice (Paddy),Kharif,19.68903168525305,30.8,776.3,3.9
Punjab,Khanna,Wheat,Rabi,44.116548618280305,17.3,155.6,4.01
Haryana,Phagwara,Cotton,Kharif,44.997007133938354,32.3,514.4,2.1
Punjab,Jalandhar,Sugarcane,Kharif,2.758744808257689,30.4,975.2,78.82
Punjab,Khanna,Maize,Kharif,11.339327893668777,25.5,277.1,2.38
Punjab,Jalandhar,Maize,Kharif,39.81730697548701,28.7,476.4,3.16
Punjab,Amritsar,Wheat,Rabi,6.723401278963648,19.5,94.9,3.9
Punjab,Amritsar,Wheat,Rabi,17.92185491839018,18.3,108.3,3.95
Haryana,Patiala,Cotton,Kharif,13.610907461680068,32.3,409.1,2.23
Haryana,Jalandhar,Cotton,Kharif,34.17661192026395,33.9,496.2,1.91
Haryana,Doraha,Cotton,Kharif,44.81047709363443,29.6,371.5,1.69
Punjab,Amritsar,Maize,Kharif,1.5229421045928717,22.3,771.0,3.6
Punjab,Malerkotla,Maize,Kharif,5.849462547026635,25.2,597.1,3.04
Punjab,Doraha,Wheat,Rabi,44.50510813704208,16.1,152.0,3.6
Punjab,Jalandhar,Rice (Paddy),Kharif,43.63963783411987,29.6,653.8,4.19
Punjab,Ludhiana,Sugarcane,Kharif,17.479323647742824,23.9,1051.5,80.57
Punjab,Phagwara,Cotton,Kharif,13.59880669593603,33.1,398.8,1.95
Punjab,Doraha,Wheat,Rabi,34.60793747923677,18.9,135.4,3.2
Haryana,Doraha,Wheat,Rabi,24.816819553231365,16.8,199.4,3.97
Haryana,Jalandhar,Rice (Paddy),Kharif,21.372941365497127,29.6,845.1,4.57
Haryana,Khanna,Wheat,Rabi,27.082913828560148,15.1,232.3,3.39
Haryana,Phagwara,Wheat,Rabi,10.728600084541881,19.0,144.9,3.38
Haryana,Doraha,Sugarcane,Kharif,1.884950768238066,25.5,1238.6,82.86
Haryana,Malerkotla,Wheat,Rabi,49.47769125414157,18.7,128.8,3.49
Punjab,Doraha,Rice (Paddy),Kharif,43.50037731665253,32.0,1202.7,4.04
Haryana,Khanna,Maize,Kharif,16.218273761988577,24.5,816.7,3.81
Haryana,Doraha,Maize,Kharif,35.47288866889499,25.4,506.9,2.97
Punjab,Samrala,Sugarcane,Kharif,16.725836477652578,30.3,1069.0,68.0
Haryana,Samrala,Sugarcane,Kharif,47.20801477264107,33.6,999.2,76.58
Punjab,Amritsar,Rice (Paddy),Kharif,21.61088160706215,33.8,1072.1,4.5
Haryana,Samrala,Sugarcane,Kharif,15.624082396240267,25.7,805.1,68.27
Punjab,Doraha,Cotton,Kharif,18.876086719084988,28.7,390.5,1.57
Haryana,Doraha,Rice (Paddy),Kharif,18.18612762181113,32.5,622.7,3.54
Haryana,Jalandhar,Rice (Paddy),Kharif,46.91051344152608,27.0,818.6,4.19
Haryana,Ludhiana,Rice (Paddy),Kharif,15.965261428594816,33.4,681.7,3.85
Punjab,Bathinda,Wheat,Rabi,46.50773909458944,17.0,123.5,3.49
Punjab,Ludhiana,Wheat,Rabi,28.014552142477893,14.1,161.2,2.84
Haryana,Bathinda,Sugarcane,Kharif,45.552386446613575,31.6,934.5,64.62
Haryana,Khanna,Maize,Kharif,18.63578777455281,27.5,595.8,2.94
Haryana,Samrala,Rice (Paddy),Kharif,49.07044496663873,27.3,1068.0,3.98
Haryana,Doraha,Cotton,Kharif,2.077339579926857,28.8,580.5,1.69
Haryana,Phagwara,Maize,Kharif,29.857865105564844,24.0,655.1,3.32
Haryana,Ludhiana,Rice (Paddy),Kharif,30.831100048839286,32.0,744.7,4.32
Haryana,Doraha,Wheat,Rabi,4.651012629113364,19.2,161.3,3.9
Punjab,Samrala,Wheat,Rabi,11.18076084254669,12.2,226.9,2.14
Punjab,Khanna,Sugarcane,Kharif,17.549651840007513,18.2,931.3,76.26
Haryana,Doraha,Maize,Kharif,43.152411033585516,24.5,310.5,2.99
Haryana,Patiala,Rice (Paddy),Kharif,35.114850369942346,34.5,887.3,3.96
Punjab,Jalandhar,Maize,Kharif,7.171091411327528,30.3,487.0,3.2
Haryana,Bathinda,Maize,Kharif,28.748511042480285,26.9,668.2,3.55
Haryana,Bathinda,Rice (Paddy),Kharif,29.21347533358117,31.0,892.7,4.15
Haryana,Patiala,Rice (Paddy),Kharif,24.9954975610349,28.5,665.6,3.57
Punjab,Malerkotla,Maize,Kharif,24.05319266418068,25.8,544.9,3.09
Haryana,Bathinda,Maize,Kharif,35.491757880277284,24.9,439.6,3.01
Punjab,Patiala,Rice (Paddy),Kharif,37.433669212227436,29.3,522.6,3.85
Punjab,Samrala,Sugarcane,Kharif,26.23144793417293,30.7,640.2,70.76
Haryana,Khanna,Cotton,Kharif,35.45160128421221,31.9,509.7,2.01
Haryana,Patiala,Sugarcane,Kharif,14.497437596770341,30.3,1109.5,75.48
Punjab,Doraha,Maize,Kharif,11.255100314975873,26.6,415.6,3.1
Haryana,Jalandhar,Cotton,Kharif,18.16334616279705,31.3,440.9,2.2
Punjab,Malerkotla,Sugarcane,Kharif,19.535420790460776,25.8,835.1,67.17
Punjab,Ludhiana,Maize,Kharif,10.75503332856993,18.9,457.8,2.73
Punjab,Jalandhar,Cotton,Kharif,2.0845881004453566,32.4,396.6,1.79
Haryana,Ludhiana,Rice (Paddy),Kharif,39.49766349527835,30.7,844.8,4.44
Punjab,Phagwara,Maize,Kharif,47.30425449223631,28.9,403.9,2.9
Punjab,Phagwara,Maize,Kharif,45.17280670393671,33.5,556.8,3.06
Punjab,Bathinda,Sugarcane,Kharif,30.95649364182074,22.8,910.6,71.7
Punjab,Doraha,Rice (Paddy),Kharif,39.315678231635445,30.4,785.9,4.12
Punjab,Patiala,Maize,Kharif,2.743525143879669,24.3,503.7,2.9
Haryana,Samrala,Rice (Paddy),Kharif,23.963930212822877,27.6,717.5,3.46
Haryana,Bathinda,Rice (Paddy),Kharif,9.336994268680737,32.7,823.6,4.19
Haryana,Khanna,Maize,Kharif,6.7010740430127855,26.6,521.1,3.46
Punjab,Doraha,Maize,Kharif,8.277353788598756,26.6,293.2,2.71
Haryana,Phagwara,Maize,Kharif,33.40665928940398,25.8,447.6,3.09
Punjab,Patiala,Maize,Kharif,34.32225676233922,21.9,326.8,2.48
Haryana,Patiala,Maize,Kharif,24.067357226992545,32.2,530.2,3.19
Haryana,Samrala,Sugarcane,Kharif,30.1468029804877,28.2,1282.5,70.85
Haryana,Ludhiana,Maize,Kharif,9.185727803970499,25.6,312.7,2.99
Punjab,Patiala,Sugarcane,Kharif,13.59259503023643,29.0,1162.3,94.55
Haryana,Patiala,Maize,Kharif,16.414495780765137,26.8,376.6,3.22
Haryana,Patiala,Wheat,Rabi,14.754777380765107,17.0,158.2,3.62
Haryana,Doraha,Wheat,Rabi,38.65263248474486,17.3,109.0,3.78
Haryana,Malerkotla,Rice (Paddy),Kharif,26.140783700034444,29.5,923.0,4.37
Punjab,Ludhiana,Rice (Paddy),Kharif,18.973488371860277,27.6,1050.1,4.82
Punjab,Doraha,Wheat,Rabi,44.09045267198834,16.4,217.1,4.02
Haryana,Malerkotla,Maize,Kharif,21.7534882848339,26.3,343.9,2.91
Haryana,Khanna,Cotton,Kharif,38.19237435450894,32.1,473.4,2.29
Haryana,Malerkotla,Cotton,Kharif,13.72092063642737,34.2,493.2,2.17
Haryana,Ludhiana,Maize,Kharif,15.170464446327616,27.2,576.9,3.52
Haryana,Samrala,Maize,Kharif,21.488403465575626,27.8,501.5,2.73
Haryana,Samrala,Maize,Kharif,46.43311677475072,29.1,390.8,2.89
Haryana,Amritsar,Wheat,Rabi,22.597524270390526,15.2,97.8,3.34
Haryana,Doraha,Maize,Kharif,24.771463478002403,26.7,444.1,3.89
Haryana,Jalandhar,Maize,Kharif,9.696609914559577,27.2,486.6,2.79
Punjab,Amritsar,Sugarcane,Kharif,3.9435852493941397,28.9,782.2,76.26
Punjab,Ludhiana,Wheat,Rabi,29.688810977436745,15.3,141.7,3.74
Punjab,Amritsar,Rice (Paddy),Kharif,21.97294826954255,29.6,710.4,4.01
Punjab,Malerkotla,Wheat,Rabi,31.747801555886547,16.4,182.3,3.48
Punjab,Khanna,Sugarcane,Kharif,36.45545432155907,28.2,1365.0,83.51
Punjab,Samrala,Rice (Paddy),Kharif,2.549381873635734,32.9,906.6,4.37
Haryana,Ludhiana,Cotton,Kharif,41.77736646307032,31.1,315.0,1.78
Punjab,Samrala,Wheat,Rabi,13.351424455658403,18.4,114.0,3.71
Haryana,Amritsar,Rice (Paddy),Kharif,6.918196599196357,28.8,680.3,3.64
Punjab,Jalandhar,Cotton,Kharif,25.732234293637234,31.8,372.8,2.33
Punjab,Jalandhar,Wheat,Rabi,37.64825891425944,19.0,173.4,3.43
Haryana,Samrala,Rice (Paddy),Kharif,21.464311287566435,32.4,712.2,3.89
Haryana,Khanna,Maize,Kharif,39.806089708869074,25.9,360.3,2.79
Haryana,Khanna,Cotton,Kharif,27.227383996836146,33.5,360.9,1.87
Haryana,Doraha,Cotton,Kharif,16.656551138566314,35.8,529.7,1.62
Punjab,Bathinda,Sugarcane,Kharif,33.740852435937356,28.0,330.5,68.19
Haryana,Patiala,Cotton,Kharif,20.77388241987073,32.2,80.3,1.99
Haryana,Samrala,Cotton,Kharif,8.19853654212342,33.8,389.7,2.06
Haryana,Bathinda,Rice (Paddy),Kharif,2.98494947412477,29.2,965.9,4.72
Haryana,Patiala,Maize,Kharif,38.21200654286784,21.5,345.8,3.0
Punjab,Samrala,Wheat,Rabi,21.41804714399987,20.3,161.2,3.61
Haryana,Amritsar,Maize,Kharif,3.0521392981,29.8,439.2,2.83
Punjab,Ludhiana,Rice (Paddy),Kharif,29.101479661825586,30.1,770.9,4.18
Haryana,Malerkotla,Maize,Kharif,4.003640928011956,25.6,336.9,2.96
Punjab,Samrala,Cotton,Kharif,22.59749713609308,34.3,641.2,2.26
Haryana,Khanna,Cotton,Kharif,1.6250675056640969,35.1,452.4,1.48
Punjab,Phagwara,Wheat,Rabi,45.937826753417916,15.0,105.0,3.39
Haryana,Malerkotla,Rice (Paddy),Kharif,45.79366662102156,25.2,593.2,3.05
Haryana,Patiala,Wheat,Rabi,9.557853207313038,18.0,138.8,3.65
Haryana,Ludhiana,Maize,Kharif,47.224507636784196,25.6,399.2,2.79
Haryana,Patiala,Wheat,Rabi,30.72925940932937,19.5,165.4,3.31
Haryana,Khanna,Wheat,Rabi,1.956605964201712,20.6,137.4,3.46
Punjab,Jalandhar,Cotton,Kharif,26.82647598715946,32.8,563.7,2.19
Punjab,Khanna,Rice (Paddy),Kharif,7.049715112806065,26.6,630.9,3.51
Haryana,Khanna,Wheat,Rabi,32.53405402638346,17.2,157.1,4.18
Haryana,Malerkotla,Sugarcane,Kharif,16.404867012305466,30.3,862.7,69.31
Haryana,Bathinda,Maize,Kharif,13.041765297108503,22.4,415.5,3.02
Haryana,Bathinda,Maize,Kharif,16.81150164681319,22.7,422.2,2.99
Haryana,Phagwara,Cotton,Kharif,10.409648965713313,31.9,423.0,2.41
Punjab,Malerkotla,Sugarcane,Kharif,27.9249891020792,23.3,1137.4,78.73
Haryana,Patiala,Rice (Paddy),Kharif,28.161807306099114,32.6,1004.7,3.67
Punjab,Malerkotla,Wheat,Rabi,28.117957338566335,15.0,120.3,3.45
Punjab,Patiala,Cotton,Kharif,15.507209991908407,33.7,455.3,1.93
Haryana,Khanna,Rice (Paddy),Kharif,27.07450423953527,29.8,1051.6,5.35
Punjab,Ludhiana,Rice (Paddy),Kharif,5.111000070816556,33.3,886.5,3.42
Haryana,Jalandhar,Sugarcane,Kharif,43.7057383546982,25.2,1151.5,76.34
Punjab,Malerkotla,Wheat,Rabi,28.65075216882168,17.4,113.8,3.82
Punjab,Patiala,Wheat,Rabi,36.25836225000631,18.9,87.6,3.84
Haryana,Ludhiana,Maize,Kharif,48.82745871556331,24.3,714.3,4.07
Haryana,Patiala,Wheat,Rabi,26.320066202063156,16.6,77.8,3.46
Haryana,Samrala,Rice (Paddy),Kharif,18.531461366246546,32.6,647.9,4.0
Haryana,Samrala,Wheat,Rabi,14.529812989729448,17.1,154.6,4.23
Haryana,Jalandhar,Wheat,Rabi,39.4251717823719,19.7,190.9,3.94
Punjab,Doraha,Maize,Kharif,7.773372252481521,23.4,593.9,3.62
Haryana,Bathinda,Wheat,Rabi,35.40605210376731,19.4,134.4,4.04
Haryana,Jalandhar,Wheat,Rabi,10.230043371286419,17.4,74.3,2.78
Haryana,Phagwara,Wheat,Rabi,26.860838244374975,22.0,190.8,3.58
Punjab,Amritsar,Maize,Kharif,23.924609981310105,27.9,361.3,3.16
Haryana,Doraha,Cotton,Kharif,13.249938025967756,35.3,464.2,1.92
Punjab,Doraha,Wheat,Rabi,39.87160575823801,15.2,120.7,3.88
Haryana,Doraha,Maize,Kharif,2.5367168714248316,31.7,429.0,2.61
Punjab,Amritsar,Wheat,Rabi,39.44077451251464,15.8,80.4,3.41
Punjab,Patiala,Maize,Kharif,16.2095066694964,23.9,421.3,3.05
Haryana,Amritsar,Sugarcane,Kharif,17.342105329480475,27.2,689.7,71.62
Punjab,Bathinda,Cotton,Kharif,14.274551939096687,35.3,587.1,2.22
Haryana,Samrala,Maize,Kharif,1.2827624033554317,25.6,637.7,3.16
Haryana,Ludhiana,Wheat,Rabi,23.514681751458102,21.6,178.8,3.17
Haryana,Samrala,Sugarcane,Kharif,20.813857069076235,29.3,1129.8,77.52
Punjab,Khanna,Maize,Kharif,28.188478932958695,25.0,482.3,3.31
Haryana,Khanna,Maize,Kharif,32.092211734939276,29.6,509.4,3.7
Haryana,Patiala,Sugarcane,Kharif,46.44095406361612,30.6,948.3,71.88
Punjab,Patiala,Cotton,Kharif,11.952863292774056,30.5,621.4,2.34
Haryana,Patiala,Sugarcane,Kharif,17.593520300945297,31.7,782.5,76.4
Haryana,Bathinda,Wheat,Rabi,22.950784414787805,16.7,192.9,3.51
Haryana,Phagwara,Cotton,Kharif,11.598746074511936,34.5,379.3,2.01
Punjab,Jalandhar,Wheat,Rabi,32.030890634316776,17.9,120.1,3.71
Punjab,Bathinda,Wheat,Rabi,15.169734438965714,19.5,195.1,3.36
Haryana,Khanna,Maize,Kharif,26.1556516677344,25.6,604.3,3.3
Haryana,Malerkotla,Cotton,Kharif,32.54028256190106,34.4,413.6,1.92
Haryana,Amritsar,Rice (Paddy),Kharif,28.688615782525158,29.3,570.9,3.75
Punjab,Bathinda,Sugarcane,Kharif,17.692098787077665,29.2,880.1,77.69
Punjab,Phagwara,Sugarcane,Kharif,14.166336051959144,32.0,818.1,64.56
Punjab,Doraha,Cotton,Kharif,30.50626970005528,34.4,399.7,2.13
Haryana,Khanna,Wheat,Rabi,49.47009316837439,16.5,184.6,3.96
Haryana,Khanna,Rice (Paddy),Kharif,22.618854008433686,27.9,1010.3,4.32
Haryana,Patiala,Maize,Kharif,44.326160239636614,28.1,355.3,3.23
Haryana,Jalandhar,Sugarcane,Kharif,18.039153942406465,29.4,1106.3,77.19
Punjab,Doraha,Sugarcane,Kharif,6.560208243744516,24.1,959.3,70.36
Haryana,Jalandhar,Wheat,Rabi,27.03520884098561,20.7,165.3,3.27
Punjab,Samrala,Maize,Kharif,39.12123687343426,32.8,568.9,3.19
Punjab,Amritsar,Maize,Kharif,15.601009938451208,31.5,595.7,3.21
Haryana,Phagwara,Maize,Kharif,47.50651038752411,25.5,625.0,3.32
Haryana,Khanna,Rice (Paddy),Kharif,38.44796683977077,22.4,665.5,3.48
Punjab,Doraha,Rice (Paddy),Kharif,20.95151319134489,26.5,535.0,3.64
Haryana,Malerkotla,Rice (Paddy),Kharif,3.5794635187308947,27.5,787.7,3.99
Haryana,Khanna,Maize,Kharif,1.3991661615175224,33.6,416.5,3.12
Punjab,Malerkotla,Maize,Kharif,49.93131022889062,30.5,472.5,3.1
Punjab,Malerkotla,Rice (Paddy),Kharif,15.241505496020025,31.3,861.2,3.6
Haryana,Khanna,Wheat,Rabi,35.996556406008374,22.1,200.4,3.15
Haryana,Khanna,Sugarcane,Kharif,18.394757010879324,30.8,1041.1,72.36
Punjab,Ludhiana,Wheat,Rabi,34.50127774050642,14.2,70.7,2.4
Haryana,Jalandhar,Maize,Kharif,45.5539871293117,30.4,465.0,2.75
Haryana,Ludhiana,Cotton,Kharif,45.99146476462345,31.4,394.1,2.0
Haryana,Malerkotla,Maize,Kharif,37.896099247509724,27.1,424.7,2.54
Haryana,Bathinda,Maize,Kharif,9.779804056640806,31.8,724.0,3.77
Punjab,Amritsar,Cotton,Kharif,27.727378074232107,32.2,380.5,1.98
Haryana,Amritsar,Rice (Paddy),Kharif,31.564837341891792,26.8,906.0,3.69
Haryana,Doraha,Maize,Kharif,30.909299465558625,25.4,414.8,3.24
Haryana,Amritsar,Maize,Kharif,18.51667207110226,25.8,621.9,2.88
Punjab,Malerkotla,Sugarcane,Kharif,4.392276161535953,24.1,590.1,59.11
Haryana,Amritsar,Cotton,Kharif,6.26069480408272,27.6,320.3,1.28
Haryana,Amritsar,Maize,Kharif,41.50965477141782,27.2,651.7,2.89
Haryana,Bathinda,Wheat,Rabi,41.806174480141436,19.0,89.3,4.01
Haryana,Ludhiana,Wheat,Rabi,44.658773357568975,14.1,188.9,3.07
Punjab,Phagwara,Wheat,Rabi,11.115816388393819,16.1,200.0,3.51
Haryana,Jalandhar,Rice (Paddy),Kharif,1.6959056523674705,28.2,665.7,3.84
Punjab,Khanna,Cotton,Kharif,18.42547796362071,35.9,383.2,1.72
Haryana,Phagwara,Wheat,Rabi,4.155850684737116,16.9,114.1,3.23
Punjab,Patiala,Maize,Kharif,12.16431621574853,29.0,642.7,3.24
Haryana,Phagwara,Wheat,Rabi,43.1002628973569,15.7,204.6,2.98
Punjab,Ludhiana,Wheat,Rabi,43.152142737895765,16.9,84.2,3.86
Punjab,Jalandhar,Sugarcane,Kharif,40.34534875431977,24.6,988.3,79.34
Punjab,Phagwara,Wheat,Rabi,10.74692387312401,19.5,157.4,3.88
Haryana,Ludhiana,Wheat,Rabi,5.579928908317734,21.0,174.0,3.07
Haryana,Jalandhar,Rice (Paddy),Kharif,49.37122414188001,37.7,964.1,3.58
Punjab,Bathinda,Wheat,Rabi,19.295549417305164,19.1,174.6,3.44
Haryana,Khanna,Maize,Kharif,20.617424119227966,24.4,628.8,3.45
Punjab,Khanna,Maize,Kharif,34.59965423501772,26.0,584.5,2.95
Haryana,Amritsar,Cotton,Kharif,4.368796652345189,31.5,247.4,1.93
Haryana,Patiala,Cotton,Kharif,28.143144958877237,27.3,468.9,1.27
Punjab,Jalandhar,Rice (Paddy),Kharif,41.94296478826346,28.1,846.8,4.42
Haryana,Jalandhar,Sugarcane,Kharif,12.316141565338476,27.3,851.6,66.87
Punjab,Ludhiana,Maize,Kharif,25.812117144958236,30.4,431.3,2.44
Punjab,Amritsar,Rice (Paddy),Kharif,32.735830132886804,29.8,697.7,3.69
Haryana,Bathinda,Sugarcane,Kharif,14.321175609569872,29.6,1244.4,78.19
Haryana,Bathinda,Maize,Kharif,48.3427232168923,33.3,367.2,3.14
Haryana,Patiala,Cotton,Kharif,14.145827581434904,34.9,511.8,2.05
Haryana,Khanna,Cotton,Kharif,23.415620682705274,33.0,309.1,2.17
Haryana,Khanna,Maize,Kharif,46.61994451810551,30.7,339.2,2.95
Haryana,Jalandhar,Wheat,Rabi,4.90313620561346,18.7,207.1,3.49
Punjab,Phagwara,Rice (Paddy),Kharif,48.571855695517314,33.3,676.9,3.47
Haryana,Amritsar,Rice (Paddy),Kharif,17.601257326428534,31.4,934.7,3.86
Punjab,Amritsar,Cotton,Kharif,20.556355678313874,30.9,441.9,2.27
Haryana,Ludhiana,Rice (Paddy),Kharif,4.862085784896416,29.1,1001.4,4.32
Punjab,Malerkotla,Cotton,Kharif,29.084313151081037,33.0,430.7,2.0
Punjab,Samrala,Cotton,Kharif,23.853287250658646,34.8,397.0,1.88
Punjab,Phagwara,Wheat,Rabi,30.0937868679518,18.2,109.9,3.56
Punjab,Doraha,Maize,Kharif,35.14298018425272,20.5,584.5,2.8
Haryana,Doraha,Maize,Kharif,34.2473364047363,31.2,273.2,2.98
Punjab,Doraha,Maize,Kharif,3.4510910789113356,25.3,384.6,3.3
Haryana,Jalandhar,Wheat,Rabi,21.028310801148006,18.7,124.5,4.06
Haryana,Phagwara,Sugarcane,Kharif,1.332492095864552,28.2,940.8,79.52
Haryana,Phagwara,Maize,Kharif,4.847832111137068,25.7,387.8,2.59
Haryana,Malerkotla,Cotton,Kharif,48.93794834580732,30.9,324.6,1.86
Haryana,Malerkotla,Sugarcane,Kharif,29.409212285901376,28.6,840.8,71.36
Punjab,Samrala,Wheat,Rabi,29.154150670177838,14.1,127.8,3.27
Punjab,Samrala,Sugarcane,Kharif,33.996182472461925,26.3,834.8,62.94
Haryana,Samrala,Wheat,Rabi,40.28562342544228,17.0,160.7,3.86
Haryana,Malerkotla,Wheat,Rabi,41.715202050270676,13.0,119.1,2.7
Haryana,Khanna,Sugarcane,Kharif,42.4025684863576,31.4,970.8,84.0
Haryana,Samrala,Rice (Paddy),Kharif,7.25353612564991,35.5,650.0,2.94
Punjab,Ludhiana,Rice (Paddy),Kharif,31.090446160809382,31.1,725.0,3.52
Haryana,Ludhiana,Rice (Paddy),Kharif,39.04376277908305,29.2,702.4,4.69
Punjab,Ludhiana,Cotton,Kharif,3.641016229295651,31.7,419.2,1.94
Haryana,Khanna,Wheat,Rabi,26.060383908777776,18.2,179.8,3.2
Haryana,Samrala,Cotton,Kharif,16.605001854512963,33.5,494.5,2.25
Haryana,Jalandhar,Maize,Kharif,39.54668049487317,24.3,843.8,4.13
Punjab,Amritsar,Wheat,Rabi,37.731661855302164,19.6,135.8,3.08
Punjab,Amritsar,Rice (Paddy),Kharif,22.719418632273147,28.4,448.2,4.22
Punjab,Patiala,Cotton,Kharif,33.59151014900255,28.2,304.3,1.7
Haryana,Phagwara,Rice (Paddy),Kharif,29.588346100833366,29.7,999.6,3.92
Punjab,Patiala,Wheat,Rabi,9.631541712640143,20.2,130.6,3.49
Punjab,Khanna,Rice (Paddy),Kharif,19.057365234080663,30.7,866.9,4.29
Punjab,Amritsar,Sugarcane,Kharif,31.60526532448756,27.2,1032.7,72.33
Haryana,Samrala,Cotton,Kharif,1.4029334380556846,28.7,508.8,1.7
Punjab,Ludhiana,Sugarcane,Kharif,44.0137975752149,31.2,831.0,66.44
Punjab,Samrala,Maize,Kharif,49.66807729674691,22.5,537.6,3.17
Haryana,Jalandhar,Cotton,Kharif,32.49455625768869,31.7,584.6,2.39
Punjab,Phagwara,Maize,Kharif,26.089549315882998,23.5,176.1,2.74
Punjab,Bathinda,Rice (Paddy),Kharif,36.66043798513426,26.4,1029.8,4.22
Punjab,Khanna,Cotton,Kharif,37.85558972062563,30.7,424.8,2.05
Haryana,Phagwara,Sugarcane,Kharif,13.702766634123236,32.1,782.6,82.31
Punjab,Samrala,Rice (Paddy),Kharif,21.420703970578604,28.0,844.8,3.69
Haryana,Malerkotla,Sugarcane,Kharif,41.56769104530415,23.3,734.8,65.29
Punjab,Ludhiana,Cotton,Kharif,9.238913208842607,36.9,424.1,1.13
Haryana,Khanna,Cotton,Kharif,27.538177677118803,30.1,407.0,1.89
Punjab,Jalandhar,Sugarcane,Kharif,31.625953254237103,28.7,840.3,75.03
Haryana,Samrala,Wheat,Rabi,42.49236833127263,16.3,138.2,4.22
Haryana,Samrala,Rice (Paddy),Kharif,22.566257130769994,27.9,849.0,4.6
Haryana,Khanna,Maize,Kharif,20.482001596221682,29.0,749.3,3.52
Punjab,Samrala,Rice (Paddy),Kharif,42.40900024903958,31.1,756.8,4.01
Haryana,Bathinda,Cotton,Kharif,18.945817875547135,36.2,444.4,1.72
Haryana,Jalandhar,Sugarcane,Kharif,2.648866274617775,25.1,637.6,49.31
Haryana,Jalandhar,Rice (Paddy),Kharif,26.143933574150577,32.7,779.5,3.83
Punjab,Amritsar,Wheat,Rabi,23.996841555130036,20.3,186.6,2.89
Punjab,Khanna,Cotton,Kharif,8.228667874689995,31.9,388.5,2.03
Punjab,Amritsar,Maize,Kharif,15.760061655051691,27.8,429.8,3.52
Punjab,Bathinda,Sugarcane,Kharif,10.871613293864861,30.1,946.8,82.56
Haryana,Patiala,Sugarcane,Kharif,16.75166141944242,30.5,1265.1,82.62
Punjab,Khanna,Wheat,Rabi,44.65051092513916,18.0,13.0,4.11
Haryana,Ludhiana,Maize,Kharif,5.470997223908513,24.6,385.3,2.85
Punjab,Amritsar,Maize,Kharif,21.37097816784598,20.8,769.9,3.2
Punjab,Jalandhar,Cotton,Kharif,29.450368263635333,28.4,353.7,1.66
Punjab,Patiala,Sugarcane,Kharif,14.068468101223498,29.3,644.1,65.87
Punjab,Malerkotla,Wheat,Rabi,35.252343288062654,19.2,159.1,3.87
Haryana,Phagwara,Sugarcane,Kharif,14.282086516877822,33.5,949.5,72.23
Punjab,Khanna,Cotton,Kharif,3.0566635859317945,30.3,288.4,1.56
Haryana,Jalandhar,Maize,Kharif,36.23263360070449,26.9,390.7,3.29
Haryana,Ludhiana,Wheat,Rabi,30.582609159221413,15.0,72.9,3.41
Haryana,Malerkotla,Maize,Kharif,49.58015288634631,24.3,476.5,3.0
Haryana,Khanna,Sugarcane,Kharif,33.22084698344601,24.5,1228.1,79.16
Haryana,Ludhiana,Cotton,Kharif,8.563726724899116,31.6,448.6,2.12
Haryana,Doraha,Wheat,Rabi,35.95963546995849,18.6,142.7,3.69
Haryana,Amritsar,Rice (Paddy),Kharif,45.72234950749841,31.5,887.8,4.09
Haryana,Amritsar,Cotton,Kharif,4.936506461904891,29.3,473.0,1.81
Haryana,Malerkotla,Cotton,Kharif,43.75081063966841,29.3,301.8,1.61
Punjab,Malerkotla,Wheat,Rabi,49.91559401478907,14.8,121.0,3.63
Punjab,Amritsar,Wheat,Rabi,1.3935613299055238,15.2,143.2,3.43
Haryana,Samrala,Rice (Paddy),Kharif,22.339746345209704,33.0,1026.5,3.93
Punjab,Samrala,Sugarcane,Kharif,47.92551026563969,23.3,1091.1,67.63
Haryana,Malerkotla,Cotton,Kharif,18.946397293925237,32.4,423.7,2.09
Punjab,Jalandhar,Sugarcane,Kharif,25.181517839558218,32.1,1092.2,74.68
Haryana,Amritsar,Rice (Paddy),Kharif,42.89934453139577,29.0,890.6,4.16
Haryana,Bathinda,Maize,Kharif,16.167557601242315,27.3,510.9,3.45
Haryana,Bathinda,Cotton,Kharif,3.5091111103261245,28.7,350.2,2.03
Haryana,Ludhiana,Cotton,Kharif,30.825526809571546,31.1,335.3,1.9
Haryana,Amritsar,Rice (Paddy),Kharif,39.8921538634754,28.5,662.2,3.2
Punjab,Patiala,Sugarcane,Kharif,27.278619924062138,34.5,1194.4,68.0
Haryana,Bathinda,Rice (Paddy),Kharif,15.352381588384725,31.2,898.1,3.69
Punjab,Malerkotla,Sugarcane,Kharif,49.50905013446986,23.8,821.0,64.88
Punjab,Doraha,Sugarcane,Kharif,8.062647535480362,29.3,1117.1,71.6
Haryana,Malerkotla,Rice (Paddy),Kharif,1.0500926801279518,31.6,1030.5,4.15
Haryana,Doraha,Wheat,Rabi,14.206020439696566,17.9,144.0,4.01
Haryana,Bathinda,Rice (Paddy),Kharif,1.8235567112359823,29.0,1309.7,4.25
Punjab,Samrala,Rice (Paddy),Kharif,6.059681662368046,32.2,1190.6,4.49
Punjab,Jalandhar,Sugarcane,Kharif,45.60697096912411,27.9,1078.8,72.27
Haryana,Malerkotla,Sugarcane,Kharif,37.63927889644291,30.4,849.9,62.7
Haryana,Jalandhar,Cotton,Kharif,40.03872470958605,30.0,555.8,2.21
Haryana,Amritsar,Maize,Kharif,23.665602107376177,25.1,623.2,2.84
Punjab,Bathinda,Rice (Paddy),Kharif,28.246809424381613,28.3,468.7,4.07
Punjab,Samrala,Rice (Paddy),Kharif,27.665800103567765,31.5,820.8,4.11
Punjab,Jalandhar,Cotton,Kharif,35.98948763097441,32.2,436.7,2.0
Haryana,Amritsar,Cotton,Kharif,15.816796699508917,30.4,266.1,1.96
Punjab,Khanna,Cotton,Kharif,31.011985847757085,31.0,364.4,1.87
Haryana,Jalandhar,Maize,Kharif,43.406040849051614,23.2,437.6,2.49
Punjab,Phagwara,Cotton,Kharif,25.984607462074898,28.3,690.4,1.94
Haryana,Jalandhar,Wheat,Rabi,47.10636347026207,17.8,152.3,3.74
Haryana,Khanna,Wheat,Rabi,17.82761019040302,16.1,195.7,3.29
Punjab,Samrala,Sugarcane,Kharif,48.847656033842675,31.6,932.3,72.08
Punjab,Patiala,Maize,Kharif,24.38084227416749,23.7,531.2,2.89
Punjab,Phagwara,Cotton,Kharif,31.666486636479892,36.5,442.8,1.58
Haryana,Patiala,Maize,Kharif,11.320954391440745,29.0,382.4,3.05
Punjab,Amritsar,Sugarcane,Kharif,32.788599924596056,29.1,1113.7,85.89
Punjab,Malerkotla,Maize,Kharif,30.11195185846022,23.0,528.3,2.91
Haryana,Amritsar,Rice (Paddy),Kharif,25.38118206355264,27.6,826.5,3.97
Punjab,Khanna,Cotton,Kharif,26.709732192580393,34.2,418.6,1.75
Haryana,Malerkotla,Rice (Paddy),Kharif,46.67301590740386,31.3,705.2,3.81
Punjab,Doraha,Cotton,Kharif,15.248805266870528,32.5,185.5,2.16
Punjab,Patiala,Cotton,Kharif,22.17374160517883,30.1,544.7,2.13
Punjab,Bathinda,Wheat,Rabi,35.893784760372625,19.6,182.5,3.42
Punjab,Phagwara,Rice (Paddy),Kharif,11.536105898453044,30.8,867.2,3.78
Punjab,Khanna,Rice (Paddy),Kharif,1.7285797429304655,29.4,866.0,3.92
Haryana,Ludhiana,Maize,Kharif,40.13568117558776,25.3,577.3,3.15
Haryana,Bathinda,Sugarcane,Kharif,31.69672890744874,26.6,980.9,75.58
Haryana,Phagwara,Sugarcane,Kharif,37.737891056154865,24.6,1155.7,75.97
Haryana,Doraha,Sugarcane,Kharif,42.711634586280766,24.1,685.3,67.27
Haryana,Phagwara,Rice (Paddy),Kharif,2.2257424426518524,33.5,890.6,3.53
Haryana,Samrala,Sugarcane,Kharif,8.110426038598652,26.6,886.8,70.05
Haryana,Ludhiana,Wheat,Rabi,37.85401907418274,15.3,238.6,3.52
Haryana,Doraha,Wheat,Rabi,28.330473195805027,18.0,148.7,3.24
Punjab,Ludhiana,Maize,Kharif,20.985141253954755,29.5,394.8,3.17
Punjab,Malerkotla,Wheat,Rabi,12.015832075999043,21.1,98.0,3.2
Punjab,Jalandhar,Maize,Kharif,37.69696438344746,26.8,262.8,2.44
Punjab,Malerkotla,Wheat,Rabi,31.997070146944857,20.3,142.0,3.33
Punjab,Bathinda,Sugarcane,Kharif,33.91163680326405,22.8,800.4,76.74
Punjab,Khanna,Wheat,Rabi,21.12965385634273,17.5,121.9,3.58
Haryana,Khanna,Sugarcane,Kharif,30.200413793719957,23.9,778.8,64.45
Punjab,Jalandhar,Maize,Kharif,36.390180326128736,24.4,397.3,3.07
Punjab,Patiala,Cotton,Kharif,7.300285779047045,32.0,404.2,1.82
Punjab,Jalandhar,Maize,Kharif,13.515985771258434,29.8,516.7,3.12
Punjab,Patiala,Wheat,Rabi,20.682837859519104,20.5,258.3,4.07
Punjab,Amritsar,Maize,Kharif,19.373262904651934,26.6,642.5,3.08
Punjab,Bathinda,Rice (Paddy),Kharif,38.41160215129795,33.0,861.6,3.91
Punjab,Samrala,Rice (Paddy),Kharif,22.189920620655474,28.6,860.9,3.92
Haryana,Samrala,Wheat,Rabi,4.226266060924078,19.7,115.1,3.49
Haryana,Patiala,Maize,Kharif,19.352271470101016,31.4,639.6,2.7
Haryana,Jalandhar,Cotton,Kharif,38.03997781663174,30.9,534.7,2.32
Punjab,Malerkotla,Rice (Paddy),Kharif,25.23628274039158,29.0,563.1,3.61
Haryana,Malerkotla,Wheat,Rabi,39.7035372616074,17.9,73.5,3.78
Punjab,Bathinda,Maize,Kharif,12.270022174871592,31.0,379.4,2.81
Punjab,Amritsar,Sugarcane,Kharif,4.759641224482088,34.4,895.2,70.14
Haryana,Ludhiana,Wheat,Rabi,41.88921342966879,16.8,138.8,3.91
Haryana,Patiala,Sugarcane,Kharif,11.235555743027312,27.8,1087.7,76.96
Haryana,Doraha,Cotton,Kharif,1.9937187146035784,30.4,388.6,1.81
Punjab,Amritsar,Sugarcane,Kharif,17.635201837937196,31.2,904.2,64.3
Haryana,Malerkotla,Cotton,Kharif,4.961493280519445,31.4,369.8,1.85
Haryana,Patiala,Wheat,Rabi,16.437742496614067,18.6,168.1,3.76
Haryana,Doraha,Wheat,Rabi,29.268567230814817,16.6,176.8,3.89
Punjab,Khanna,Sugarcane,Kharif,13.084253711843026,24.9,1230.8,81.93
Punjab,Doraha,Cotton,Kharif,7.405599311796457,32.8,370.1,2.18
Punjab,Jalandhar,Sugarcane,Kharif,34.75883371838732,29.0,1230.3,82.82
Punjab,Jalandhar,Sugarcane,Kharif,27.118497512924524,22.9,1163.3,79.91
Punjab,Doraha,Sugarcane,Kharif,43.61481986171773,27.0,1098.0,71.44
Punjab,Phagwara,Cotton,Kharif,10.480316621304038,32.3,215.7,1.92
Punjab,Jalandhar,Maize,Kharif,2.6645947453145933,23.5,487.5,3.42
Haryana,Khanna,Cotton,Kharif,46.28324950769825,30.9,391.2,1.97
Punjab,Amritsar,Rice (Paddy),Kharif,16.247181273800354,25.7,588.9,3.69
Haryana,Doraha,Wheat,Rabi,23.017809572589258,19.9,114.8,3.79
Punjab,Khanna,Maize,Kharif,40.84214730843135,28.9,357.6,2.9
Haryana,Ludhiana,Maize,Kharif,45.66824744145343,26.8,440.1,3.26
Punjab,Patiala,Wheat,Rabi,21.00286930682337,19.4,117.2,3.73
Punjab,Phagwara,Cotton,Kharif,24.041513020854783,28.5,158.8,1.95
Haryana,Ludhiana,Maize,Kharif,37.341379664339584,27.1,569.6,3.22
Punjab,Patiala,Cotton,Kharif,3.2562128422000294,34.7,452.8,1.75
Punjab,Jalandhar,Sugarcane,Kharif,27.084199526768028,30.9,1009.3,80.49
Punjab,Bathinda,Cotton,Kharif,28.90608159787664,32.1,439.6,2.23
Haryana,Bathinda,Cotton,Kharif,47.87114439930971,32.2,419.9,2.13
Punjab,Ludhiana,Cotton,Kharif,22.949178441681052,34.1,531.7,1.97
Punjab,Jalandhar,Wheat,Rabi,34.26503338713923,13.8,111.8,3.07
Haryana,Doraha,Wheat,Rabi,6.955987275814616,15.9,101.0,3.6
Punjab,Jalandhar,Rice (Paddy),Kharif,2.0927835400335355,34.0,733.0,3.94
Punjab,Amritsar,Maize,Kharif,47.9974157134678,24.6,338.1,2.62
Haryana,Jalandhar,Wheat,Rabi,17.125698135423217,18.8,92.6,3.7
Haryana,Ludhiana,Cotton,Kharif,34.97987839223733,28.5,389.6,1.92
Punjab,Khanna,Maize,Kharif,9.560268219624023,23.5,563.2,2.58
Haryana,Samrala,Sugarcane,Kharif,5.442442336957578,30.7,1231.3,68.95
Haryana,Patiala,Maize,Kharif,31.50538136276057,28.4,692.4,3.15
Haryana,Patiala,Cotton,Kharif,20.09167485054251,32.7,549.5,2.17
Punjab,Khanna,Sugarcane,Kharif,13.546179832430266,25.8,1087.0,73.13
Punjab,Ludhiana,Rice (Paddy),Kharif,3.572117013698465,25.8,818.2,3.13
Punjab,Amritsar,Wheat,Rabi,38.47754676777919,19.9,106.9,3.79
Haryana,Phagwara,Wheat,Rabi,15.62064516451198,18.6,130.5,3.49
Punjab,Jalandhar,Maize,Kharif,26.926060115361484,28.5,737.3,3.36
Punjab,Jalandhar,Cotton,Kharif,10.171482631420403,27.7,410.3,1.46
Haryana,Khanna,Rice (Paddy),Kharif,48.57779116314295,29.7,850.8,4.2
Punjab,Samrala,Maize,Kharif,2.6681808038129686,29.6,468.4,2.64
Punjab,Patiala,Cotton,Kharif,34.03576937220017,32.4,438.3,1.92
Punjab,Phagwara,Sugarcane,Kharif,30.607736006274973,29.3,1032.1,69.91
Haryana,Khanna,Maize,Kharif,44.106306119950574,25.3,517.0,3.17
Punjab,Khanna,Maize,Kharif,16.579027155634318,28.6,438.6,2.96
Punjab,Malerkotla,Rice (Paddy),Kharif,7.459994272372195,27.4,536.6,3.97
Haryana,Patiala,Rice (Paddy),Kharif,47.75866363425018,30.0,999.3,4.5
Punjab,Samrala,Maize,Kharif,23.77867557756284,26.5,520.8,3.42
Punjab,Bathinda,Sugarcane,Kharif,47.407289801802214,30.8,1245.5,85.72
Punjab,Jalandhar,Rice (Paddy),Kharif,42.00929216555531,30.5,770.1,4.24
Punjab,Amritsar,Wheat,Rabi,16.320159403405754,21.0,172.4,3.55
Haryana,Doraha,Wheat,Rabi,9.32444706552438,19.3,185.2,3.48
Haryana,Malerkotla,Maize,Kharif,30.235428864293016,29.0,497.9,2.7
Haryana,Phagwara,Sugarcane,Kharif,46.18254002504425,29.4,1285.6,87.7
Haryana,Jalandhar,Sugarcane,Kharif,36.721657643355464,23.2,916.2,73.6
Punjab,Doraha,Wheat,Rabi,29.310390307387664,20.7,137.7,3.37
Haryana,Jalandhar,Maize,Kharif,35.692555212693186,26.0,599.2,2.91
Punjab,Doraha,Wheat,Rabi,1.9088615904959658,14.4,143.8,3.12
Punjab,Bathinda,Cotton,Kharif,16.270903929872937,30.2,460.2,2.06
Haryana,Jalandhar,Cotton,Kharif,22.982049388653923,29.7,434.5,1.9
Haryana,Bathinda,Wheat,Rabi,10.401958942015481,13.0,189.2,2.65
Haryana,Doraha,Cotton,Kharif,5.875055749456258,32.5,389.0,2.19
Punjab,Doraha,Cotton,Kharif,26.982128791945893,34.5,625.2,2.01
Punjab,Samrala,Rice (Paddy),Kharif,29.879442259757745,29.4,798.2,4.3
Punjab,Amritsar,Rice (Paddy),Kharif,41.05741456975767,29.5,623.0,4.3
Haryana,Patiala,Maize,Kharif,5.844778414938836,27.7,319.5,2.78
Haryana,Jalandhar,Maize,Kharif,21.456253247830144,28.3,161.3,2.51
Punjab,Malerkotla,Maize,Kharif,22.10729675972502,25.1,347.6,3.6
Punjab,Patiala,Cotton,Kharif,16.643578557146945,32.6,324.6,2.0
Punjab,Phagwara,Maize,Kharif,34.63223940585952,25.3,710.1,3.43
Punjab,Khanna,Maize,Kharif,41.61595848681801,30.3,356.9,2.36
Punjab,Samrala,Cotton,Kharif,20.73388612348134,28.9,495.5,1.85
Punjab,Phagwara,Rice (Paddy),Kharif,21.36947533596152,35.1,823.6,4.38
Punjab,Jalandhar,Rice (Paddy),Kharif,6.470234820738082,31.9,851.1,4.25
Haryana,Doraha,Rice (Paddy),Kharif,24.933599528961505,29.2,495.3,3.78
Haryana,Amritsar,Sugarcane,Kharif,20.449661256833082,27.0,801.9,76.07
Haryana,Phagwara,Maize,Kharif,25.8546402051703,24.4,553.8,3.48
Haryana,Samrala,Sugarcane,Kharif,42.07855320907588,26.9,1054.8,68.07
Haryana,Patiala,Cotton,Kharif,25.812212003712123,30.4,384.8,2.19
Punjab,Patiala,Wheat,Rabi,4.579873655606291,14.9,185.0,3.46
Punjab,Phagwara,Rice (Paddy),Kharif,40.799737391828614,26.2,961.1,4.03
Punjab,Bathinda,Cotton,Kharif,6.992147337849377,30.9,297.7,1.96
Haryana,Doraha,Sugarcane,Kharif,30.0997184833698,28.7,1210.1,75.43
Haryana,Phagwara,Rice (Paddy),Kharif,5.264644689486158,31.6,536.0,4.27
Haryana,Phagwara,Maize,Kharif,32.338137492488244,29.6,13.5,2.48
Punjab,Samrala,Maize,Kharif,48.11190549349949,24.0,349.5,2.97
Haryana,Doraha,Rice (Paddy),Kharif,35.33452423318104,27.1,851.3,4.49
Haryana,Malerkotla,Sugarcane,Kharif,3.6845750993207744,26.4,1251.5,71.81
Punjab,Bathinda,Sugarcane,Kharif,45.274405881166814,27.5,908.4,72.97
Haryana,Phagwara,Rice (Paddy),Kharif,14.42865616404784,33.3,868.8,3.5
Haryana,Ludhiana,Cotton,Kharif,23.051397088915678,31.2,682.0,2.16
Haryana,Khanna,Rice (Paddy),Kharif,2.1021241521414837,35.8,748.3,3.62
Haryana,Samrala,Sugarcane,Kharif,44.44274345195683,27.2,993.0,69.98
Haryana,Malerkotla,Cotton,Kharif,15.023126087522563,28.3,555.3,1.79
Punjab,Ludhiana,Wheat,Rabi,23.340296791651436,19.5,185.5,3.62
Punjab,Doraha,Rice (Paddy),Kharif,11.57297482569178,27.3,964.0,3.6
Haryana,Phagwara,Sugarcane,Kharif,31.227319526353348,26.0,642.9,67.33
Haryana,Doraha,Rice (Paddy),Kharif,37.68063300317311,31.6,792.1,4.05
Punjab,Doraha,Rice (Paddy),Kharif,9.487700678158129,27.9,780.1,3.56
Punjab,Jalandhar,Cotton,Kharif,9.804961637913847,32.0,352.1,1.89
Haryana,Patiala,Wheat,Rabi,4.419503416022773,20.1,133.5,3.63
Punjab,Amritsar,Sugarcane,Kharif,11.10116185372804,29.1,821.4,81.2
Haryana,Doraha,Wheat,Rabi,43.36829658060469,18.5,154.4,4.18
Punjab,Khanna,Sugarcane,Kharif,35.797106842228665,25.7,1329.1,82.44
Punjab,Samrala,Maize,Kharif,15.338023643749802,28.5,456.5,3.45
Haryana,Jalandhar,Cotton,Kharif,40.888544394650054,31.1,604.0,2.27
Haryana,Amritsar,Wheat,Rabi,25.95301727464088,18.3,155.2,3.51
Punjab,Samrala,Rice (Paddy),Kharif,32.06847490702925,30.8,891.5,4.22
Haryana,Doraha,Wheat,Rabi,11.83985419493266,17.5,174.2,3.93
Haryana,Bathinda,Wheat,Rabi,19.821630650944694,14.5,171.4,3.52
Punjab,Bathinda,Cotton,Kharif,43.63516745886111,34.2,543.7,1.99
Punjab,Doraha,Wheat,Rabi,7.49652682887778,19.9,121.4,3.84
Punjab,Patiala,Maize,Kharif,36.57247018708902,25.7,353.1,2.88
Haryana,Phagwara,Wheat,Rabi,11.877757205929804,16.4,178.6,3.89
Haryana,Patiala,Maize,Kharif,40.491695450496664,24.6,472.7,2.85
Haryana,Phagwara,Wheat,Rabi,39.561075622285045,18.8,173.7,4.13
Punjab,Malerkotla,Wheat,Rabi,30.08897639289371,19.9,166.0,2.88
Punjab,Samrala,Sugarcane,Kharif,45.247053172423314,29.7,963.9,77.25
Haryana,Amritsar,Maize,Kharif,20.95924790253203,29.0,505.1,3.3
Punjab,Ludhiana,Rice (Paddy),Kharif,35.66528479491217,30.8,740.7,4.54
Haryana,Jalandhar,Rice (Paddy),Kharif,17.26340795997734,28.3,1012.1,4.1
Haryana,Doraha,Rice (Paddy),Kharif,11.617645541564242,28.9,756.0,4.22
Haryana,Bathinda,Sugarcane,Kharif,7.073020518957533,26.1,644.0,73.11
Punjab,Jalandhar,Cotton,Kharif,44.89023956265207,30.6,618.7,2.26
Haryana,Bathinda,Cotton,Kharif,42.97202321560745,33.3,520.9,2.01
Punjab,Khanna,Maize,Kharif,5.823439901048548,25.6,534.1,2.67
Punjab,Samrala,Wheat,Rabi,34.80222288836225,19.1,128.3,3.98
Punjab,Bathinda,Cotton,Kharif,26.377450871374016,31.9,360.7,1.99
Punjab,Patiala,Cotton,Kharif,41.48662873727139,31.4,398.7,1.95
Haryana,Bathinda,Wheat,Rabi,34.51031469886724,17.5,154.3,3.88
Punjab,Doraha,Cotton,Kharif,35.54354635655309,32.5,478.0,1.93
Punjab,Bathinda,Cotton,Kharif,44.01015876744392,30.3,536.3,2.01
Punjab,Malerkotla,Cotton,Kharif,42.23538491687551,31.7,386.3,2.25
Punjab,Patiala,Maize,Kharif,40.567623730577324,26.6,501.1,3.12
Haryana,Phagwara,Sugarcane,Kharif,9.585990325939648,30.7,825.6,73.98
Haryana,Khanna,Wheat,Rabi,46.99085405068753,18.2,188.7,4.23
Haryana,Jalandhar,Rice (Paddy),Kharif,7.240090042418378,29.6,942.8,4.67
Punjab,Ludhiana,Wheat,Rabi,42.53295733656681,16.7,117.0,3.77
Haryana,Khanna,Wheat,Rabi,34.11151750304498,17.9,140.6,3.91
Punjab,Amritsar,Sugarcane,Kharif,35.09852952624988,28.1,574.6,70.2
Punjab,Khanna,Sugarcane,Kharif,12.674858253656572,25.7,1318.2,82.63
Punjab,Amritsar,Maize,Kharif,23.446051794110794,25.9,706.4,3.3
Haryana,Jalandhar,Rice (Paddy),Kharif,12.360412670948348,32.9,676.7,3.34
Haryana,Patiala,Rice (Paddy),Kharif,25.97738005208841,28.8,590.9,3.88
Haryana,Bathinda,Sugarcane,Kharif,29.356331736919877,25.2,939.6,82.67
Haryana,Khanna,Rice (Paddy),Kharif,48.6517435515318,29.4,946.9,4.35
Punjab,Samrala,Wheat,Rabi,29.725694929464826,17.6,96.1,3.56
Punjab,Ludhiana,Maize,Kharif,22.585565455223183,28.1,294.6,2.79
Punjab,Jalandhar,Wheat,Rabi,43.25285856529354,18.4,134.1,3.72
Haryana,Doraha,Maize,Kharif,6.8149521115184,25.6,598.4,3.02
Punjab,Doraha,Rice (Paddy),Kharif,47.7536278027413,27.6,952.8,4.42
Punjab,Khanna,Rice (Paddy),Kharif,12.58721215094902,29.7,1011.3,4.61
Haryana,Khanna,Maize,Kharif,30.15344950973204,27.7,589.5,2.72
Haryana,Bathinda,Sugarcane,Kharif,33.842920654551996,31.6,1107.3,68.27
Punjab,Khanna,Sugarcane,Kharif,12.25827306792079,29.4,851.7,79.43
Punjab,Bathinda,Wheat,Rabi,48.081923262454204,19.3,122.5,3.3
Haryana,Ludhiana,Rice (Paddy),Kharif,37.09939889856843,28.8,775.5,3.13
Punjab,Phagwara,Sugarcane,Kharif,11.546403873180902,25.8,963.2,71.14
Punjab,Phagwara,Sugarcane,Kharif,13.079543496129048,31.0,790.7,72.26
Punjab,Patiala,Rice (Paddy),Kharif,14.559279879572664,29.2,931.5,4.67
Punjab,Doraha,Rice (Paddy),Kharif,6.183166437809283,30.2,970.5,4.76
Punjab,Doraha,Maize,Kharif,4.561425636199736,28.9,525.3,3.34
Punjab,Samrala,Rice (Paddy),Kharif,9.605614285113072,25.4,794.2,4.07
Haryana,Ludhiana,Wheat,Rabi,49.58829100096927,20.3,149.0,3.7
Haryana,Malerkotla,Wheat,Rabi,5.914037151466377,17.8,226.9,4.41
Haryana,Ludhiana,Rice (Paddy),Kharif,42.66033809849739,30.2,839.7,4.15
Punjab,Patiala,Maize,Kharif,17.35202757531385,27.8,464.9,2.96
Punjab,Patiala,Maize,Kharif,6.557943910546234,24.8,524.4,2.82
Punjab,Ludhiana,Cotton,Kharif,27.14192072059116,31.9,511.0,2.18
Haryana,Jalandhar,Cotton,Kharif,39.06473710296614,31.2,438.6,1.92
Haryana,Doraha,Wheat,Rabi,42.05011482216663,18.2,160.8,3.85
Punjab,Samrala,Sugarcane,Kharif,11.583278510745663,23.8,920.5,77.66
Haryana,Khanna,Rice (Paddy),Kharif,17.610171377570367,29.4,683.7,4.34
Punjab,Bathinda,Wheat,Rabi,11.281502571437507,20.0,149.1,3.35
Haryana,Bathinda,Sugarcane,Kharif,29.885763824595845,28.8,1040.8,75.08
Punjab,Patiala,Rice (Paddy),Kharif,21.720635670776744,33.7,916.2,3.57
Haryana,Bathinda,Maize,Kharif,21.56308249809125,28.4,661.4,3.28
Haryana,Khanna,Cotton,Kharif,14.357120032619285,29.5,495.5,1.92
Haryana,Ludhiana,Wheat,Rabi,39.86825423539278,20.0,164.1,3.51
Punjab,Ludhiana,Sugarcane,Kharif,4.286314925474158,26.5,1083.7,81.05
Haryana,Malerkotla,Wheat,Rabi,47.79638485103038,17.2,166.2,3.06
Haryana,Malerkotla,Wheat,Rabi,38.966560566076446,15.7,117.5,3.46
Haryana,Samrala,Rice (Paddy),Kharif,18.417023715443445,30.2,676.6,4.25
Haryana,Malerkotla,Wheat,Rabi,4.132235045405,21.0,188.3,3.37
Haryana,Samrala,Rice (Paddy),Kharif,1.7729450988008522,31.4,740.1,3.98
Haryana,Ludhiana,Wheat,Rabi,48.0761541060741,18.7,183.5,3.7
Punjab,Samrala,Rice (Paddy),Kharif,1.1820889133272154,34.9,960.7,4.64
Punjab,Ludhiana,Sugarcane,Kharif,14.1710577121819,26.5,899.1,83.34
Punjab,Bathinda,Cotton,Kharif,33.091459003834665,29.0,522.9,1.59
Punjab,Jalandhar,Sugarcane,Kharif,42.804438688481355,31.7,881.8,71.05
Punjab,Samrala,Maize,Kharif,13.989478694445047,26.5,545.0,3.54
Punjab,Phagwara,Wheat,Rabi,43.079988976194784,20.0,156.3,2.99
Haryana,Khanna,Maize,Kharif,41.809603037980686,23.4,475.4,3.0
Punjab,Malerkotla,Wheat,Rabi,29.256992570200858,20.2,106.4,3.56
Haryana,Amritsar,Sugarcane,Kharif,8.333999764596452,20.5,1079.0,66.22
Punjab,Bathinda,Sugarcane,Kharif,49.51537940301094,32.3,930.6,61.48
Punjab,Patiala,Cotton,Kharif,30.664618225713866,30.8,557.7,2.01
Punjab,Amritsar,Rice (Paddy),Kharif,34.394212236674555,25.1,595.3,3.48
Punjab,Amritsar,Wheat,Rabi,11.767764708177094,17.1,122.8,3.7
Haryana,Phagwara,Wheat,Rabi,4.1426273596317795,19.6,79.5,4.11
Haryana,Khanna,Cotton,Kharif,49.61641400797206,34.3,465.5,2.03
Punjab,Phagwara,Cotton,Kharif,10.153587011334425,31.9,461.6,2.16
Punjab,Jalandhar,Wheat,Rabi,16.746262984946043,18.1,154.7,3.44
Punjab,Phagwara,Maize,Kharif,4.498658853258441,22.9,727.5,2.94
Punjab,Amritsar,Cotton,Kharif,1.6202335957239473,29.6,621.3,2.09
Haryana,Bathinda,Rice (Paddy),Kharif,17.320591506594138,28.9,672.9,4.57
Punjab,Patiala,Cotton,Kharif,44.57210308950766,33.3,539.6,2.08
Haryana,Khanna,Wheat,Rabi,5.943551303187087,20.8,193.9,3.49
Punjab,Bathinda,Sugarcane,Kharif,6.619776572727173,29.9,1227.8,91.4
Punjab,Bathinda,Rice (Paddy),Kharif,39.469517992324526,31.1,1010.5,4.57
Punjab,Jalandhar,Cotton,Kharif,33.676465169907395,33.1,336.5,1.96
Haryana,Malerkotla,Sugarcane,Kharif,40.75896763233215,25.1,1048.3,72.68
Punjab,Samrala,Sugarcane,Kharif,5.692626423781721,30.1,982.3,76.99
Punjab,Jalandhar,Maize,Kharif,11.217849474660198,28.2,744.1,3.37
Punjab,Doraha,Wheat,Rabi,4.690750176202837,17.6,86.6,3.13
Haryana,Phagwara,Cotton,Kharif,32.82678030871909,27.9,202.1,1.67
Haryana,Jalandhar,Rice (Paddy),Kharif,30.342866717878618,27.8,738.7,3.59
Haryana,Ludhiana,Maize,Kharif,26.579147465553085,29.3,665.2,3.09
Haryana,Malerkotla,Rice (Paddy),Kharif,30.365287528786926,29.8,651.2,4.61
Punjab,Patiala,Cotton,Kharif,5.686781378244327,30.2,520.2,1.98
Punjab,Malerkotla,Wheat,Rabi,48.874898927205656,16.0,200.9,3.16
Haryana,Amritsar,Wheat,Rabi,12.990390412333268,18.3,121.5,3.24
Haryana,Jalandhar,Sugarcane,Kharif,30.56128401998885,32.0,1006.9,58.55
Haryana,Patiala,Maize,Kharif,43.252661631732074,26.7,318.7,3.31
Punjab,Bathinda,Cotton,Kharif,17.509416873237882,34.0,658.6,1.95
Punjab,Bathinda,Wheat,Rabi,11.91646324628805,20.9,125.9,3.36
Haryana,Khanna,Sugarcane,Kharif,9.4732023837358,33.4,705.9,71.2
Haryana,Malerkotla,Maize,Kharif,41.961506434666845,24.3,618.6,3.26
Punjab,Doraha,Wheat,Rabi,39.80628460626554,19.0,132.0,3.55
Punjab,Khanna,Wheat,Rabi,22.39411354788459,16.6,151.6,3.36
Haryana,Malerkotla,Rice (Paddy),Kharif,25.860908131176657,31.1,859.3,4.29
Haryana,Doraha,Wheat,Rabi,11.685762320996497,15.1,193.8,3.29
Haryana,Jalandhar,Wheat,Rabi,36.97335276636138,18.3,120.7,3.81
Haryana,Phagwara,Maize,Kharif,38.37883783982417,28.3,466.8,3.16
Haryana,Patiala,Rice (Paddy),Kharif,6.424578751519033,29.5,747.1,4.02
Punjab,Bathinda,Maize,Kharif,39.87232947359519,26.1,610.1,3.1
Punjab,Patiala,Sugarcane,Kharif,15.633654665750338,32.1,784.3,73.27
Haryana,Jalandhar,Cotton,Kharif,13.678830614889154,29.2,353.2,1.95
Punjab,Khanna,Sugarcane,Kharif,10.488037843630474,27.7,1301.2,88.94
Haryana,Khanna,Maize,Kharif,7.672532975716989,26.4,494.2,3.45
Punjab,Jalandhar,Wheat,Rabi,18.602325890464428,17.6,193.6,4.64
Punjab,Jalandhar,Rice (Paddy),Kharif,14.499892976667768,34.7,695.5,3.4
Punjab,Bathinda,Wheat,Rabi,41.03716239906282,19.8,153.6,3.71
Punjab,Khanna,Sugarcane,Kharif,30.236482439691592,28.7,833.4,73.2
Punjab,Patiala,Maize,Kharif,49.13876459084551,28.4,199.7,2.13
Haryana,Phagwara,Rice (Paddy),Kharif,15.28051508180426,28.9,857.3,3.86
Haryana,Jalandhar,Maize,Kharif,21.458617499268986,28.9,525.7,3.19
Haryana,Jalandhar,Maize,Kharif,14.265415151603184,26.2,549.4,3.36
Punjab,Bathinda,Wheat,Rabi,27.34267962959424,19.2,152.2,4.05
Punjab,Jalandhar,Sugarcane,Kharif,17.376549375167233,31.6,1100.5,65.73
Haryana,Samrala,Maize,Kharif,26.484406942685883,31.6,479.7,2.78
Punjab,Jalandhar,Sugarcane,Kharif,35.92318214496893,28.7,749.3,71.1
Punjab,Ludhiana,Cotton,Kharif,33.648960833286324,33.3,502.7,1.95
Haryana,Malerkotla,Cotton,Kharif,48.17428871678539,30.7,425.7,2.08
Punjab,Ludhiana,Sugarcane,Kharif,28.52193814787832,25.5,979.9,71.85
Haryana,Ludhiana,Cotton,Kharif,20.366056885400855,35.8,595.5,1.84
Haryana,Patiala,Rice (Paddy),Kharif,29.137202102055458,30.0,889.7,4.69
Haryana,Jalandhar,Sugarcane,Kharif,3.742312305838344,28.7,1090.9,79.82
Haryana,Jalandhar,Cotton,Kharif,7.139743923899351,31.6,309.3,2.26
Haryana,Phagwara,Cotton,Kharif,17.585545008030905,29.0,586.1,1.91
Haryana,Malerkotla,Cotton,Kharif,1.8990844220079965,31.5,376.2,2.02
Punjab,Bathinda,Wheat,Rabi,11.580354446008919,16.3,145.5,3.76
Haryana,Ludhiana,Sugarcane,Kharif,6.907660295278017,29.5,1210.1,87.31
Haryana,Malerkotla,Maize,Kharif,2.3538580346123394,22.5,449.5,3.12
Punjab,Ludhiana,Rice (Paddy),Kharif,6.566516104225001,31.3,1012.3,4.02
Haryana,Jalandhar,Cotton,Kharif,4.198229630066047,33.2,427.2,2.04
Haryana,Jalandhar,Wheat,Rabi,27.617338369801413,19.2,142.1,3.67
Haryana,Doraha,Cotton,Kharif,49.50222771582287,29.4,476.4,2.14
Punjab,Bathinda,Rice (Paddy),Kharif,32.29822355817265,31.0,915.0,3.69
Punjab,Doraha,Wheat,Rabi,47.711327421948205,18.0,146.3,3.61
Haryana,Bathinda,Rice (Paddy),Kharif,24.303293076204852,31.1,687.3,4.65
Haryana,Amritsar,Rice (Paddy),Kharif,27.815056062914078,30.3,864.9,4.14
Punjab,Ludhiana,Rice (Paddy),Kharif,28.465587059859402,27.7,976.7,4.29
Punjab,Samrala,Sugarcane,Kharif,17.13441811786429,26.4,1019.8,71.11
Haryana,Doraha,Maize,Kharif,10.52199133981494,30.7,597.3,2.69
Punjab,Khanna,Sugarcane,Kharif,19.697220033556903,33.0,814.6,68.21
Haryana,Amritsar,Cotton,Kharif,14.320450765225914,33.8,478.1,1.83
Haryana,Patiala,Cotton,Kharif,10.372670406947975,31.7,639.6,2.23
Haryana,Khanna,Rice (Paddy),Kharif,14.444739739866769,28.9,789.9,3.4
Haryana,Amritsar,Wheat,Rabi,41.38594266655047,19.9,179.6,3.28
Punjab,Jalandhar,Maize,Kharif,9.508326318645187,26.6,688.2,3.27
Haryana,Samrala,Rice (Paddy),Kharif,29.507771974107797,25.0,875.0,3.66
Haryana,Malerkotla,Rice (Paddy),Kharif,18.728184313289763,30.6,818.4,3.74
Punjab,Phagwara,Maize,Kharif,33.74471242320055,27.2,450.4,3.37
Haryana,Khanna,Maize,Kharif,40.62179356356337,24.6,378.7,2.58
Haryana,Patiala,Wheat,Rabi,47.27227955166629,15.8,209.1,3.5
Haryana,Doraha,Wheat,Rabi,24.041288962937042,18.2,79.3,3.31
Haryana,Samrala,Sugarcane,Kharif,5.8537652765834105,32.2,1033.8,81.94
Punjab,Jalandhar,Maize,Kharif,42.24289663675319,31.7,743.7,2.86
Punjab,Bathinda,Cotton,Kharif,10.15489049678655,32.4,555.2,2.11
Haryana,Khanna,Rice (Paddy),Kharif,46.822938526592125,29.9,881.4,4.36
Punjab,Malerkotla,Cotton,Kharif,41.255478727634184,32.2,233.9,2.48
Punjab,Phagwara,Wheat,Rabi,12.353332250617061,20.1,169.2,3.74
Punjab,Patiala,Wheat,Rabi,11.61418575302823,17.0,148.4,4.08
Haryana,Ludhiana,Cotton,Kharif,12.707512036815073,32.5,325.0,2.06
Haryana,Samrala,Sugarcane,Kharif,14.603012645105345,29.0,882.1,80.2
Punjab,Doraha,Wheat,Rabi,46.692297851173244,16.5,139.7,3.23
Haryana,Ludhiana,Rice (Paddy),Kharif,26.933007791014177,27.4,550.4,4.36
Haryana,Ludhiana,Sugarcane,Kharif,25.874756214863602,22.2,808.5,64.97
Punjab,Amritsar,Cotton,Kharif,41.964342986395145,31.8,420.5,2.18
Punjab,Jalandhar,Wheat,Rabi,36.12732460426659,17.6,120.1,3.79
Haryana,Malerkotla,Wheat,Rabi,42.65942760956745,18.8,226.0,4.26
Punjab,Bathinda,Maize,Kharif,19.399890910350827,28.0,470.5,2.73
Haryana,Samrala,Maize,Kharif,20.821303752641455,31.8,456.8,2.77
Punjab,Samrala,Rice (Paddy),Kharif,19.59282395716662,28.2,826.5,3.96
Punjab,Malerkotla,Rice (Paddy),Kharif,41.93275535476573,35.4,899.3,3.11
Haryana,Bathinda,Maize,Kharif,32.18087145058638,26.8,515.2,3.19
Punjab,Malerkotla,Maize,Kharif,36.87281453425545,23.4,613.4,3.08
Haryana,Jalandhar,Sugarcane,Kharif,13.029588740346119,28.7,1116.9,75.89
Punjab,Phagwara,Sugarcane,Kharif,25.984736210812716,29.5,954.1,69.73
Haryana,Malerkotla,Rice (Paddy),Kharif,34.29101932216136,30.5,590.8,4.37
Haryana,Ludhiana,Cotton,Kharif,25.583446224641104,31.2,510.6,1.94
Punjab,Amritsar,Wheat,Rabi,2.575961273875463,18.5,115.3,3.63
Haryana,Phagwara,Maize,Kharif,27.323072262928694,26.5,504.5,3.77
Punjab,Phagwara,Wheat,Rabi,40.842771806480016,17.6,92.3,3.72
Haryana,Doraha,Wheat,Rabi,22.136907363012096,14.8,185.5,3.51
Punjab,Amritsar,Wheat,Rabi,18.933358149137547,18.8,103.8,3.6
Punjab,Jalandhar,Rice (Paddy),Kharif,27.887260673569422,28.0,1009.1,3.68
Haryana,Patiala,Cotton,Kharif,24.051180135498825,35.6,385.2,1.78
Punjab,Phagwara,Cotton,Kharif,18.372666106952078,33.2,571.1,1.96
Punjab,Amritsar,Rice (Paddy),Kharif,4.805627227139324,29.5,898.2,4.88
Punjab,Bathinda,Wheat,Rabi,14.562223991822961,18.7,161.5,4.16
Punjab,Malerkotla,Wheat,Rabi,6.287380143925831,17.4,123.4,3.88
Punjab,Khanna,Rice (Paddy),Kharif,20.0133532987342,31.0,875.4,3.5
Haryana,Bathinda,Sugarcane,Kharif,19.474739342865757,27.2,787.8,76.75
Haryana,Doraha,Wheat,Rabi,10.231343602624118,18.4,185.7,3.77
Punjab,Khanna,Sugarcane,Kharif,6.497866971516499,30.2,756.2,60.58
Punjab,Bathinda,Sugarcane,Kharif,36.95963427342924,33.4,1186.2,82.37
Punjab,Amritsar,Cotton,Kharif,26.829072167107178,29.0,460.6,1.94
Punjab,Doraha,Rice (Paddy),Kharif,2.3117586994532644,32.5,829.2,4.16
Punjab,Jalandhar,Wheat,Rabi,43.39231740379719,21.9,126.7,3.08
Haryana,Jalandhar,Rice (Paddy),Kharif,42.9486712795828,32.7,990.6,4.57
Haryana,Bathinda,Sugarcane,Kharif,12.07335151741313,26.4,909.1,72.9
Haryana,Amritsar,Maize,Kharif,33.67497775730336,30.5,365.5,2.99
Punjab,Patiala,Maize,Kharif,11.123991953367815,22.2,458.3,3.54
Punjab,Malerkotla,Wheat,Rabi,48.716290810866944,17.0,90.9,3.96
Haryana,Patiala,Sugarcane,Kharif,3.9223396468098035,23.0,1035.6,64.06
Haryana,Bathinda,Maize,Kharif,43.37538662826837,28.3,558.5,3.12
Haryana,Amritsar,Sugarcane,Kharif,44.568103137793486,30.4,620.0,78.6
Punjab,Ludhiana,Sugarcane,Kharif,45.09475962800558,21.7,1104.2,70.09
Punjab,Phagwara,Maize,Kharif,10.256778965251074,27.1,573.5,3.04
Haryana,Malerkotla,Maize,Kharif,37.157655324434955,30.7,246.0,2.38
Haryana,Patiala,Sugarcane,Kharif,20.399646387371494,23.5,924.0,76.34
Haryana,Phagwara,Cotton,Kharif,39.25518178961959,29.6,618.4,1.98
Haryana,Amritsar,Wheat,Rabi,18.587803252399365,17.1,188.4,3.39
Haryana,Phagwara,Rice (Paddy),Kharif,23.387833194138967,34.0,939.1,3.76
Punjab,Khanna,Rice (Paddy),Kharif,10.721635733040102,31.3,775.3,4.16
Punjab,Jalandhar,Wheat,Rabi,16.153177363631926,18.3,188.9,3.62
Haryana,Ludhiana,Cotton,Kharif,49.52224352813877,28.2,410.8,1.62
Haryana,Patiala,Wheat,Rabi,23.242715125406527,21.2,190.2,3.82
Haryana,Bathinda,Cotton,Kharif,42.548283951642134,30.3,245.9,1.79
Punjab,Khanna,Sugarcane,Kharif,19.685511868843232,21.6,998.1,72.04
Haryana,Bathinda,Wheat,Rabi,14.924722019122859,22.3,150.6,3.42
Haryana,Doraha,Sugarcane,Kharif,42.78889408608838,23.7,1124.1,72.93
Punjab,Amritsar,Wheat,Rabi,14.960522529046491,17.7,227.8,4.0
Punjab,Malerkotla,Sugarcane,Kharif,46.37704116136448,29.3,1010.9,79.62
Punjab,Jalandhar,Wheat,Rabi,24.609245435295676,18.4,138.9,3.83
Haryana,Bathinda,Wheat,Rabi,9.788314603963041,17.9,195.2,3.26
Punjab,Doraha,Wheat,Rabi,5.197545508301672,16.9,118.7,4.0
Punjab,Patiala,Sugarcane,Kharif,35.883283379623954,23.1,1376.7,73.36
Punjab,Phagwara,Rice (Paddy),Kharif,25.219443708900105,31.0,933.7,4.06
Punjab,Malerkotla,Rice (Paddy),Kharif,12.17635437372703,29.8,819.6,3.81
Punjab,Bathinda,Rice (Paddy),Kharif,17.671036834597206,28.1,746.8,3.73
Haryana,Khanna,Cotton,Kharif,7.641509641451002,33.3,411.1,2.07
Punjab,Phagwara,Wheat,Rabi,18.84375171101025,17.2,125.0,3.47
Haryana,Amritsar,Sugarcane,Kharif,38.411454696153555,24.1,1064.0,79.96
Haryana,Doraha,Maize,Kharif,38.95070121141101,26.8,435.9,3.51
Punjab,Samrala,Maize,Kharif,35.69025593508143,29.0,568.1,3.24
Haryana,Ludhiana,Cotton,Kharif,39.74231677623493,30.3,471.4,1.85
Haryana,Phagwara,Rice (Paddy),Kharif,41.14739657750031,29.1,830.2,3.78
Haryana,Malerkotla,Cotton,Kharif,49.69077043493378,32.2,533.2,2.22
Haryana,Amritsar,Wheat,Rabi,30.14791957168812,17.7,207.1,3.83
Punjab,Khanna,Wheat,Rabi,14.378902811426128,13.2,111.0,2.2
Punjab,Khanna,Wheat,Rabi,13.690924271876884,20.2,135.8,3.69
Punjab,Samrala,Wheat,Rabi,25.032516732716907,17.9,156.5,3.65
Haryana,Ludhiana,Cotton,Kharif,28.405424994619718,31.7,352.1,2.09
Haryana,Malerkotla,Sugarcane,Kharif,7.278616972275677,27.9,918.6,74.8
Punjab,Jalandhar,Maize,Kharif,35.25027030054979,26.3,526.3,3.09
Punjab,Malerkotla,Rice (Paddy),Kharif,11.319522138992907,30.2,602.5,4.34
Punjab,Jalandhar,Sugarcane,Kharif,37.89749983369365,30.1,896.7,72.43
Haryana,Doraha,Sugarcane,Kharif,31.28409779200603,30.1,583.1,56.69
Punjab,Ludhiana,Sugarcane,Kharif,12.221069859448685,28.7,569.3,70.3
Haryana,Jalandhar,Cotton,Kharif,25.85636937673878,33.4,463.3,2.21
Haryana,Ludhiana,Rice (Paddy),Kharif,11.026648155391973,27.2,924.6,4.23
Haryana,Ludhiana,Sugarcane,Kharif,30.24020427621549,30.3,1060.9,71.26
Punjab,Samrala,Maize,Kharif,35.393634194665196,26.4,582.8,3.4
Haryana,Phagwara,Cotton,Kharif,6.317861737336532,33.5,406.5,2.11
Haryana,Bathinda,Maize,Kharif,46.773174337259505,23.6,521.9,2.6
Haryana,Malerkotla,Wheat,Rabi,49.03578156366347,17.3,195.2,4.12
Haryana,Malerkotla,Cotton,Kharif,22.037796385167947,33.5,379.5,1.97
Haryana,Bathinda,Wheat,Rabi,45.964026355163796,20.2,168.6,2.84
Punjab,Jalandhar,Sugarcane,Kharif,48.568758537882445,28.6,921.8,74.68
Punjab,Bathinda,Rice (Paddy),Kharif,18.1852069632583,33.0,849.6,3.74
Haryana,Samrala,Cotton,Kharif,38.69232897353045,29.6,515.4,2.16
Haryana,Jalandhar,Sugarcane,Kharif,17.567221608029655,30.1,1227.5,84.75
Haryana,Khanna,Rice (Paddy),Kharif,2.9697358716359514,29.4,670.4,4.08
Punjab,Malerkotla,Sugarcane,Kharif,42.23870535126672,28.5,1244.9,73.97
Punjab,Patiala,Maize,Kharif,43.23886809037082,29.6,499.5,3.44
Haryana,Doraha,Sugarcane,Kharif,14.181682630976377,32.4,882.4,70.63
Haryana,Khanna,Maize,Kharif,25.534134761970183,30.3,606.5,2.96
Punjab,Phagwara,Wheat,Rabi,8.313832952451504,16.3,138.0,3.23
Punjab,Khanna,Cotton,Kharif,25.20139370155842,31.3,577.1,2.1
Haryana,Ludhiana,Rice (Paddy),Kharif,15.152642066060826,24.7,868.0,3.2
Haryana,Malerkotla,Sugarcane,Kharif,40.31566699814142,27.3,881.6,82.23
Punjab,Phagwara,Maize,Kharif,28.545078270920207,25.9,374.9,3.33
Haryana,Phagwara,Wheat,Rabi,48.3315600505161,17.7,215.0,4.24
Haryana,Samrala,Maize,Kharif,9.812559272050759,25.3,426.4,3.31
Punjab,Jalandhar,Cotton,Kharif,16.972973144671798,30.2,655.1,1.95
Haryana,Patiala,Maize,Kharif,1.9741155261667398,21.3,601.1,3.15
Haryana,Jalandhar,Sugarcane,Kharif,28.572398263182315,28.9,1131.5,82.87
Haryana,Doraha,Sugarcane,Kharif,36.52356943889416,23.3,1179.9,77.7
Punjab,Jalandhar,Maize,Kharif,41.642885348321556,23.0,521.6,2.77
Haryana,Doraha,Maize,Kharif,23.89749434822889,27.2,358.2,3.01
Haryana,Jalandhar,Maize,Kharif,26.258760559977322,29.7,642.2,3.03
Punjab,Patiala,Rice (Paddy),Kharif,26.533998700430264,34.6,851.4,3.69
Haryana,Khanna,Cotton,Kharif,44.45185291857891,35.7,483.5,1.9
Haryana,Jalandhar,Sugarcane,Kharif,15.158933137895142,30.4,380.4,64.14
Punjab,Malerkotla,Sugarcane,Kharif,21.065317638932036,31.3,853.8,73.03
Haryana,Doraha,Sugarcane,Kharif,35.307824911583616,28.8,1063.7,72.46
Punjab,Amritsar,Rice (Paddy),Kharif,17.29610110195456,29.0,914.6,4.06
Punjab,Patiala,Sugarcane,Kharif,48.85417023063543,26.9,791.7,75.92
Haryana,Bathinda,Rice (Paddy),Kharif,49.782717388994215,29.1,913.7,4.49
Punjab,Patiala,Sugarcane,Kharif,12.418619614161774,30.7,609.5,59.07
Punjab,Phagwara,Rice (Paddy),Kharif,25.3087582139463,32.3,917.4,3.68
Punjab,Khanna,Wheat,Rabi,18.411471318402445,20.2,249.9,3.72
Punjab,Malerkotla,Wheat,Rabi,47.978421548513424,18.2,105.0,4.31
Punjab,Samrala,Rice (Paddy),Kharif,21.12476039926357,32.2,951.1,3.21
Punjab,Phagwara,Rice (Paddy),Kharif,30.338020528624146,31.6,658.3,3.92
Punjab,Phagwara,Cotton,Kharif,44.53315355206071,35.1,273.1,1.66
Punjab,Patiala,Wheat,Rabi,34.14345233819324,19.0,41.8,3.49
Punjab,Samrala,Cotton,Kharif,41.039236826337095,33.8,544.6,1.94
Haryana,Amritsar,Maize,Kharif,5.681244858720603,30.9,487.5,3.13
Punjab,Phagwara,Sugarcane,Kharif,18.57254694413919,28.0,1153.7,65.68
Haryana,Phagwara,Rice (Paddy),Kharif,10.453787378346968,31.3,1273.3,4.26
Punjab,Patiala,Cotton,Kharif,32.190679940259486,32.4,532.6,1.95
Haryana,Samrala,Sugarcane,Kharif,4.415679576979096,24.0,874.0,72.25
Punjab,Ludhiana,Wheat,Rabi,35.53697367834949,16.0,89.0,3.42
Haryana,Amritsar,Maize,Kharif,33.024692481374004,30.5,562.3,3.18
Punjab,Bathinda,Rice (Paddy),Kharif,33.03569289099942,30.4,910.0,4.38
Haryana,Samrala,Maize,Kharif,8.268619855265941,32.5,641.3,2.61
Haryana,Phagwara,Wheat,Rabi,7.766099173498444,17.2,100.8,4.16
Punjab,Jalandhar,Rice (Paddy),Kharif,2.8410714063858977,28.8,505.6,3.68
Punjab,Samrala,Rice (Paddy),Kharif,34.18083793819372,29.4,757.1,3.72
Punjab,Patiala,Wheat,Rabi,23.369076079367723,19.6,124.5,3.18
Punjab,Doraha,Sugarcane,Kharif,47.65086249656332,29.6,1419.1,94.89
Haryana,Khanna,Rice (Paddy),Kharif,13.640571143281127,33.5,728.0,3.6
Punjab,Amritsar,Sugarcane,Kharif,33.977445947189565,23.9,1203.7,75.81
Punjab,Phagwara,Maize,Kharif,8.307620284529353,27.5,586.8,3.21
Punjab,Khanna,Sugarcane,Kharif,40.632331899156945,28.6,1087.5,76.28
Punjab,Patiala,Maize,Kharif,2.869526690833483,29.6,524.5,2.92
Punjab,Amritsar,Rice (Paddy),Kharif,4.857935044910601,26.6,676.3,3.92
Haryana,Bathinda,Sugarcane,Kharif,27.695296935522865,31.3,1088.1,68.2
Punjab,Doraha,Wheat,Rabi,19.648221127527243,15.3,156.7,3.43
Haryana,Amritsar,Cotton,Kharif,18.025429778351103,30.2,583.0,2.4
Punjab,Patiala,Wheat,Rabi,44.43025125412092,18.5,120.6,3.65
Punjab,Khanna,Maize,Kharif,49.28734747922924,26.3,872.4,3.51
Punjab,Bathinda,Cotton,Kharif,10.556481357668563,31.2,322.3,2.04
Punjab,Khanna,Wheat,Rabi,4.015589698584913,17.4,174.2,3.41
Punjab,Jalandhar,Sugarcane,Kharif,3.4296635556761097,33.8,1082.4,74.23
Punjab,Amritsar,Wheat,Rabi,48.69558059298075,16.4,154.7,3.67
Punjab,Bathinda,Sugarcane,Kharif,45.67802353916076,26.6,957.9,76.83
Haryana,Bathinda,Cotton,Kharif,37.567037005278046,29.2,513.1,2.1
Punjab,Patiala,Wheat,Rabi,45.20879404047833,17.0,102.8,3.66
Haryana,Ludhiana,Sugarcane,Kharif,49.514275036005785,29.1,930.8,72.4
Haryana,Amritsar,Cotton,Kharif,25.250668634056364,30.1,389.9,1.71
Punjab,Bathinda,Maize,Kharif,18.03924933250036,25.6,629.3,3.6
Punjab,Ludhiana,Rice (Paddy),Kharif,32.267366538993535,26.5,397.9,3.65
Punjab,Malerkotla,Maize,Kharif,17.124078028144567,24.4,430.2,2.54
Punjab,Patiala,Sugarcane,Kharif,28.766705233758064,30.5,793.5,71.44
Haryana,Malerkotla,Cotton,Kharif,13.59330537889918,27.9,632.8,1.66
Haryana,Bathinda,Wheat,Rabi,38.173781044379915,17.6,112.7,4.1
Haryana,Amritsar,Cotton,Kharif,34.31039947699746,34.8,403.6,2.03
Haryana,Khanna,Rice (Paddy),Kharif,7.894075769176569,28.8,816.1,3.91
Haryana,Phagwara,Wheat,Rabi,49.52967519452778,15.5,164.0,3.6
Punjab,Samrala,Wheat,Rabi,43.92591659895683,20.5,133.4,3.43
Haryana,Bathinda,Rice (Paddy),Kharif,20.430422150659723,28.3,728.7,3.88
Punjab,Phagwara,Wheat,Rabi,42.22410922348539,17.1,132.6,3.89
Haryana,Doraha,Cotton,Kharif,4.265938059273999,29.1,326.5,1.77
Punjab,Samrala,Rice (Paddy),Kharif,14.556827166775014,26.7,948.6,4.38
Haryana,Phagwara,Maize,Kharif,16.447556611366664,29.4,450.9,3.24
Punjab,Doraha,Wheat,Rabi,19.394365811907484,16.7,117.1,3.99
Punjab,Phagwara,Wheat,Rabi,32.39045590382675,15.0,158.9,3.82
Haryana,Bathinda,Sugarcane,Kharif,34.54267721853488,22.6,810.5,66.31
Punjab,Patiala,Maize,Kharif,25.011970115587534,27.4,361.1,3.56
Punjab,Amritsar,Wheat,Rabi,43.90746857156616,16.6,178.9,3.82
Haryana,Doraha,Wheat,Rabi,39.205864733838865,20.2,152.9,3.64
Punjab,Phagwara,Sugarcane,Kharif,3.382746110128607,27.6,944.8,76.74
Punjab,Jalandhar,Cotton,Kharif,33.2172089035563,31.2,375.3,1.83
Haryana,Samrala,Wheat,Rabi,29.071443457815416,19.6,130.3,3.67
Punjab,Malerkotla,Cotton,Kharif,24.11098726509104,33.2,573.2,2.5
Haryana,Ludhiana,Sugarcane,Kharif,10.30982895091194,28.7,1118.4,76.13
Haryana,Doraha,Wheat,Rabi,13.3045020541313,15.9,187.7,4.38
Haryana,Bathinda,Maize,Kharif,29.091046222747103,25.9,682.0,3.34
Haryana,Phagwara,Wheat,Rabi,6.039599631028434,19.8,158.7,3.56
Haryana,Samrala,Maize,Kharif,45.19812737402517,24.8,659.1,3.09
Punjab,Samrala,Cotton,Kharif,15.76852049344194,35.1,459.5,2.07
Punjab,Ludhiana,Rice (Paddy),Kharif,2.8832217741910204,31.8,910.2,4.08
Punjab,Jalandhar,Maize,Kharif,28.061119870063123,30.3,490.0,3.35
Haryana,Malerkotla,Cotton,Kharif,33.292672521082864,34.3,455.3,1.93
Haryana,Jalandhar,Sugarcane,Kharif,31.656439781923577,34.3,708.8,71.91
Haryana,Ludhiana,Sugarcane,Kharif,46.37798599255902,33.3,1169.2,72.61
Haryana,Phagwara,Sugarcane,Kharif,27.502119362428807,26.2,823.6,80.76
Punjab,Bathinda,Sugarcane,Kharif,47.077070505839394,25.1,874.3,73.52
Haryana,Samrala,Cotton,Kharif,5.803148588563662,32.0,288.7,1.8
Haryana,Samrala,Wheat,Rabi,1.829538268851218,15.8,234.2,3.43
Haryana,Patiala,Wheat,Rabi,25.87650740711914,19.3,136.8,3.67
Punjab,Phagwara,Cotton,Kharif,35.37836814508025,32.3,524.6,2.17
Haryana,Jalandhar,Rice (Paddy),Kharif,32.71870319760119,30.9,1001.4,4.12
Punjab,Jalandhar,Sugarcane,Kharif,30.091102961976933,31.0,1244.1,83.49
Punjab,Malerkotla,Sugarcane,Kharif,43.22957841040554,23.9,922.2,69.7
Haryana,Khanna,Maize,Kharif,7.038498732480395,24.5,552.7,3.57
Punjab,Phagwara,Cotton,Kharif,2.0848576986596985,29.4,269.4,1.94
Punjab,Patiala,Cotton,Kharif,46.62009167447871,28.6,524.1,1.97
Punjab,Patiala,Cotton,Kharif,23.86508412755917,32.0,363.4,1.99
Haryana,Malerkotla,Maize,Kharif,4.628767740354789,24.0,580.0,2.71
Punjab,Samrala,Cotton,Kharif,7.723644348893231,33.2,537.3,2.17
Haryana,Bathinda,Cotton,Kharif,6.620903787171977,35.3,146.6,1.67
Punjab,Phagwara,Wheat,Rabi,39.3101693674764,20.5,126.0,3.48
Haryana,Khanna,Maize,Kharif,4.218360947223247,21.8,707.4,3.17
Haryana,Doraha,Cotton,Kharif,22.202540816700946,32.3,533.5,2.25
Punjab,Amritsar,Cotton,Kharif,42.105172944750926,29.5,431.8,1.78
Punjab,Ludhiana,Cotton,Kharif,49.91517983399936,32.4,681.5,1.92
Haryana,Malerkotla,Cotton,Kharif,39.41170664877445,31.3,278.9,2.14
Punjab,Jalandhar,Cotton,Kharif,20.03126583881046,31.7,513.6,1.94
Haryana,Phagwara,Sugarcane,Kharif,17.27916043924791,26.6,1069.3,79.26
Punjab,Ludhiana,Maize,Kharif,36.716774016465855,29.5,535.5,3.01
Punjab,Phagwara,Maize,Kharif,27.13696138212913,30.6,617.9,3.18
Punjab,Bathinda,Rice (Paddy),Kharif,29.586103648109034,31.1,577.7,4.34
Punjab,Khanna,Sugarcane,Kharif,3.1757208146954867,24.6,887.9,76.57
Haryana,Khanna,Maize,Kharif,10.700689521213413,24.5,414.2,3.03
Punjab,Ludhiana,Rice (Paddy),Kharif,30.59688183218373,29.9,1226.9,4.74
Haryana,Samrala,Rice (Paddy),Kharif,35.823706098381116,31.5,663.6,3.54
Punjab,Ludhiana,Wheat,Rabi,38.8837949713786,14.2,187.0,3.28
Haryana,Patiala,Wheat,Rabi,18.94885411785461,16.2,217.5,4.05
Punjab,Khanna,Rice (Paddy),Kharif,24.12030576704307,32.7,971.5,3.73
Haryana,Jalandhar,Sugarcane,Kharif,29.547445902440472,26.8,1412.8,78.98
Haryana,Jalandhar,Cotton,Kharif,5.115485568068788,35.4,604.7,1.81
Punjab,Jalandhar,Wheat,Rabi,22.480663959905645,16.4,138.5,3.24
Haryana,Doraha,Maize,Kharif,35.09731721333626,26.0,540.9,3.21
Punjab,Doraha,Cotton,Kharif,9.834419979024673,30.6,431.9,1.97
Haryana,Patiala,Cotton,Kharif,11.363046436809158,31.3,653.1,2.24
Haryana,Samrala,Wheat,Rabi,12.072940848103991,16.8,158.8,3.4
Punjab,Bathinda,Sugarcane,Kharif,49.677585369545824,29.2,992.8,71.73
Haryana,Jalandhar,Maize,Kharif,4.427256496792932,27.8,367.5,3.23
Punjab,Amritsar,Maize,Kharif,41.532148998020766,31.2,600.9,3.59
Haryana,Patiala,Wheat,Rabi,30.866495254186287,18.3,168.0,4.03
Haryana,Phagwara,Rice (Paddy),Kharif,49.258431076897295,27.6,661.5,3.51
Punjab,Amritsar,Wheat,Rabi,6.608763732752663,19.5,107.8,3.4
Punjab,Doraha,Rice (Paddy),Kharif,19.299960027169398,35.0,769.5,3.68
Punjab,Ludhiana,Rice (Paddy),Kharif,22.12421787993133,25.2,698.6,2.76
Haryana,Amritsar,Sugarcane,Kharif,8.789289607108898,29.1,1292.7,70.98
Haryana,Jalandhar,Rice (Paddy),Kharif,49.91395177930006,32.7,675.0,3.81
Haryana,Bathinda,Cotton,Kharif,28.42113217537216,33.0,453.8,1.97
Haryana,Doraha,Rice (Paddy),Kharif,11.303856842237039,28.6,867.9,4.22
Punjab,Khanna,Maize,Kharif,39.4644760754452,27.6,333.5,2.64
Haryana,Khanna,Cotton,Kharif,1.8375824858974128,29.2,444.7,2.08
Punjab,Jalandhar,Sugarcane,Kharif,27.774649786483,31.4,912.8,72.66
Punjab,Doraha,Maize,Kharif,40.49657152914926,25.2,391.2,3.19
Haryana,Malerkotla,Rice (Paddy),Kharif,48.00048083646755,24.3,722.8,4.0
Punjab,Phagwara,Maize,Kharif,20.062536349317835,24.2,487.9,3.35
Punjab,Bathinda,Maize,Kharif,49.70588893726988,25.2,274.5,3.31
Punjab,Patiala,Rice (Paddy),Kharif,13.78072292122543,29.0,649.9,4.23
Punjab,Ludhiana,Maize,Kharif,32.41878202837526,23.6,288.1,3.18
Haryana,Malerkotla,Wheat,Rabi,32.44511519588714,20.4,160.8,4.19
Haryana,Malerkotla,Sugarcane,Kharif,12.458570085188406,22.9,891.3,61.86
Haryana,Khanna,Wheat,Rabi,19.38364351734202,18.7,108.1,3.36
Punjab,Doraha,Wheat,Rabi,42.55336723020679,19.7,130.8,2.92
Haryana,Ludhiana,Maize,Kharif,44.64325118466807,27.2,497.0,2.88
Punjab,Jalandhar,Wheat,Rabi,16.965944147404947,17.2,214.9,3.95
Punjab,Malerkotla,Cotton,Kharif,12.187688516050192,33.3,245.6,1.63
Haryana,Ludhiana,Sugarcane,Kharif,8.951760391387161,25.1,849.3,65.2
Haryana,Jalandhar,Rice (Paddy),Kharif,12.42421787728624,23.6,738.3,3.12
Haryana,Jalandhar,Wheat,Rabi,49.070892707379386,14.0,208.5,3.28
Haryana,Amritsar,Rice (Paddy),Kharif,46.92584019411418,32.2,789.4,4.35
Haryana,Malerkotla,Maize,Kharif,4.753577199371792,26.5,411.3,3.07
Haryana,Doraha,Maize,Kharif,41.856656134770226,33.4,402.1,2.84
Haryana,Samrala,Rice (Paddy),Kharif,11.49014807063038,25.9,713.7,3.4
Haryana,Phagwara,Cotton,Kharif,7.682884253750163,34.2,435.0,2.02
Haryana,Bathinda,Rice (Paddy),Kharif,20.478594126253576,32.0,624.9,4.0
Haryana,Malerkotla,Rice (Paddy),Kharif,16.787479081750178,34.1,897.6,4.37
Punjab,Samrala,Maize,Kharif,15.273837626552368,21.7,333.3,2.88
Punjab,Doraha,Rice (Paddy),Kharif,26.944661236590306,29.3,747.2,4.57
Punjab,Phagwara,Cotton,Kharif,13.277993279685244,31.5,449.5,2.14
Haryana,Khanna,Rice (Paddy),Kharif,3.4452921246340136,28.1,756.6,3.93
Haryana,Amritsar,Wheat,Rabi,39.766824667413346,19.4,129.6,3.37
Haryana,Amritsar,Sugarcane,Kharif,30.960277600234228,28.8,1128.7,73.13
Haryana,Phagwara,Maize,Kharif,36.510764885754504,22.2,494.1,2.62
Punjab,Jalandhar,Rice (Paddy),Kharif,24.046174326933592,35.7,650.4,3.34
Punjab,Jalandhar,Wheat,Rabi,1.5498236088956632,15.0,66.9,3.29
Punjab,Doraha,Rice (Paddy),Kharif,10.513941793310972,34.8,877.0,3.93
Punjab,Phagwara,Rice (Paddy),Kharif,41.57813440098815,30.7,736.1,4.34
Punjab,Phagwara,Maize,Kharif,3.6822421595869086,25.2,526.3,2.79
Punjab,Patiala,Cotton,Kharif,19.98651478234755,30.2,461.3,2.01
Haryana,Malerkotla,Rice (Paddy),Kharif,10.34676975304568,30.8,852.2,4.1
Punjab,Jalandhar,Rice (Paddy),Kharif,35.57457352685274,31.6,709.5,4.41
Punjab,Samrala,Maize,Kharif,2.2962707685407837,26.5,613.6,3.53
Punjab,Samrala,Wheat,Rabi,12.339218486680284,15.3,158.7,3.42
Haryana,Samrala,Rice (Paddy),Kharif,18.46235129836903,30.6,525.5,3.67
Punjab,Malerkotla,Rice (Paddy),Kharif,49.496421632849014,28.4,931.8,4.4
Haryana,Jalandhar,Cotton,Kharif,26.21310147535522,32.5,517.0,2.08
Haryana,Patiala,Maize,Kharif,33.04323993681639,29.4,448.8,3.45
Haryana,Phagwara,Sugarcane,Kharif,19.19678793002338,30.1,745.6,58.43
Punjab,Ludhiana,Wheat,Rabi,18.094469367963686,15.0,146.4,3.38
Punjab,Phagwara,Rice (Paddy),Kharif,14.093156561071885,30.4,496.8,3.8
Haryana,Phagwara,Maize,Kharif,22.743032765371623,25.1,357.4,2.95
Haryana,Amritsar,Wheat,Rabi,45.64221093441966,15.2,159.8,3.32
Punjab,Amritsar,Cotton,Kharif,6.449612175108554,30.7,388.7,2.05
Haryana,Malerkotla,Maize,Kharif,31.146147449317866,25.8,415.9,3.18
Haryana,Doraha,Sugarcane,Kharif,48.364134620946494,33.5,1133.1,76.16
Haryana,Malerkotla,Sugarcane,Kharif,28.0790945096305,31.8,1185.0,76.04
Punjab,Bathinda,Wheat,Rabi,21.988777125844916,20.3,165.3,3.48
Haryana,Jalandhar,Maize,Kharif,42.25838278009185,30.7,388.1,2.89
Punjab,Patiala,Rice (Paddy),Kharif,6.5228724546965395,27.8,1153.4,4.9
Haryana,Patiala,Cotton,Kharif,5.70772280627945,31.6,536.4,2.22
Haryana,Amritsar,Maize,Kharif,27.490227334355367,28.5,382.6,3.13
Punjab,Bathinda,Cotton,Kharif,20.667006800140793,30.5,525.7,2.21
Punjab,Malerkotla,Maize,Kharif,48.54880731683188,22.6,391.0,2.63
Punjab,Khanna,Wheat,Rabi,22.921055421601732,20.6,157.4,3.49
Punjab,Doraha,Sugarcane,Kharif,20.20280212585976,29.6,927.2,70.17
Punjab,Bathinda,Sugarcane,Kharif,15.807089989971425,24.1,1079.6,88.35
Punjab,Samrala,Rice (Paddy),Kharif,31.11661435129136,31.3,670.1,3.62
Haryana,Samrala,Wheat,Rabi,14.97791943513511,18.5,112.1,3.63
Punjab,Jalandhar,Wheat,Rabi,4.568803720509447,14.2,151.1,2.58
Punjab,Khanna,Sugarcane,Kharif,23.613294124115466,25.7,1267.1,73.67
Punjab,Malerkotla,Sugarcane,Kharif,3.4977277537914073,25.8,968.1,82.52
Haryana,Patiala,Wheat,Rabi,10.011612791049778,13.3,129.9,3.08
Punjab,Amritsar,Wheat,Rabi,21.97932265762525,21.7,227.4,3.39
Punjab,Bathinda,Rice (Paddy),Kharif,3.969907498772861,29.9,787.6,4.79
Haryana,Jalandhar,Sugarcane,Kharif,45.56437831002664,31.0,742.9,68.97
Punjab,Khanna,Rice (Paddy),Kharif,15.337225737573196,32.6,986.3,4.09
Haryana,Bathinda,Maize,Kharif,23.243062848408297,24.7,612.6,3.13
Punjab,Malerkotla,Rice (Paddy),Kharif,6.001027471753514,30.2,755.6,3.76
Punjab,Malerkotla,Sugarcane,Kharif,17.387863157037913,29.6,1165.8,74.59
Haryana,Malerkotla,Cotton,Kharif,46.8192575927063,31.0,407.6,2.2
Punjab,Ludhiana,Maize,Kharif,32.79356810603123,28.5,463.0,2.66
Haryana,Amritsar,Cotton,Kharif,48.06142789298929,28.6,525.7,1.64
Haryana,Patiala,Cotton,Kharif,19.26768947095707,30.3,576.7,2.33
Punjab,Doraha,Sugarcane,Kharif,11.058737474365333,29.2,1061.8,70.51
Punjab,Patiala,Cotton,Kharif,38.27174903932326,32.3,464.4,2.05
Haryana,Patiala,Rice (Paddy),Kharif,13.050923498389606,33.4,844.0,3.9
Punjab,Jalandhar,Cotton,Kharif,11.641061281865671,29.5,543.6,1.78
Punjab,Doraha,Rice (Paddy),Kharif,8.340998016259062,37.3,753.4,2.91
Punjab,Patiala,Wheat,Rabi,15.278711048123997,18.9,128.1,3.66
Punjab,Doraha,Cotton,Kharif,29.817466952324516,32.2,372.0,2.0
Haryana,Khanna,Cotton,Kharif,8.997882211285338,33.8,533.8,2.03
Haryana,Patiala,Wheat,Rabi,18.316519316975068,17.0,150.1,3.46
Punjab,Ludhiana,Maize,Kharif,34.692649948695866,26.7,433.7,3.1
Punjab,Phagwara,Sugarcane,Kharif,25.51296086639563,30.7,1177.4,70.22
Haryana,Samrala,Rice (Paddy),Kharif,7.758226498421463,28.1,770.6,3.68
Haryana,Patiala,Wheat,Rabi,7.998585681621539,19.3,95.9,3.46
Haryana,Malerkotla,Cotton,Kharif,21.001461009053482,34.5,446.1,1.96
Punjab,Khanna,Maize,Kharif,46.47847711475675,20.4,653.3,2.76
Punjab,Doraha,Sugarcane,Kharif,17.139978777343224,27.9,798.3,71.53
Haryana,Doraha,Wheat,Rabi,2.2518226549586027,14.0,193.9,3.41
Punjab,Bathinda,Maize,Kharif,6.474663540447061,28.0,604.5,2.83
Haryana,Khanna,Cotton,Kharif,46.13068494072157,29.7,325.4,1.94
Haryana,Samrala,Wheat,Rabi,4.955441924562807,20.8,134.3,3.45
Haryana,Amritsar,Maize,Kharif,33.70986534438252,29.6,408.1,3.2
Haryana,Amritsar,Cotton,Kharif,19.969413770341944,35.8,287.1,1.6
Punjab,Samrala,Maize,Kharif,41.91372959487963,28.0,626.4,2.95
Punjab,Ludhiana,Maize,Kharif,26.748972280256556,27.7,415.1,3.51
Punjab,Malerkotla,Maize,Kharif,48.27633314814014,24.5,532.9,3.35
Punjab,Jalandhar,Cotton,Kharif,1.2156788411855275,33.5,466.6,1.89
Punjab,Bathinda,Wheat,Rabi,4.973132722048039,18.9,56.6,3.54
Haryana,Phagwara,Maize,Kharif,23.407419690388494,27.9,459.7,3.12
Punjab,Khanna,Wheat,Rabi,35.12241664365772,18.0,144.4,4.19
Punjab,Khanna,Sugarcane,Kharif,13.4199879209018,27.6,1249.9,74.27
Haryana,Ludhiana,Wheat,Rabi,19.71171585949052,16.2,87.8,3.15
Punjab,Malerkotla,Sugarcane,Kharif,35.07720304603594,32.5,1042.9,75.67
Haryana,Doraha,Rice (Paddy),Kharif,31.612233535416447,32.9,733.7,4.45
Haryana,Jalandhar,Wheat,Rabi,10.961188216361853,14.8,72.3,3.45
Punjab,Jalandhar,Cotton,Kharif,48.26959226589524,33.7,417.7,2.35
Punjab,Bathinda,Wheat,Rabi,18.77500289885765,17.9,180.4,3.51
Haryana,Bathinda,Wheat,Rabi,47.36251153502092,18.4,159.9,3.21
Punjab,Jalandhar,Rice (Paddy),Kharif,25.194705077260416,30.2,871.6,3.85
Punjab,Samrala,Rice (Paddy),Kharif,9.25229123345191,24.9,750.4,3.53
Punjab,Jalandhar,Cotton,Kharif,33.11899155311705,31.6,338.5,2.13
Punjab,Malerkotla,Cotton,Kharif,40.697533028558205,32.5,433.8,2.16
Punjab,Khanna,Rice (Paddy),Kharif,45.5176774945251,31.1,1068.6,4.03
Punjab,Samrala,Maize,Kharif,3.7906904974883773,24.3,183.7,2.88
Haryana,Jalandhar,Maize,Kharif,21.16009824296937,24.1,519.1,3.06
Haryana,Malerkotla,Rice (Paddy),Kharif,18.378870503905212,31.2,680.9,3.77
Punjab,Phagwara,Wheat,Rabi,10.694877834205556,21.2,144.4,3.73
Punjab,Doraha,Wheat,Rabi,41.244304872137924,18.0,162.3,4.42
Punjab,Bathinda,Maize,Kharif,14.092041341363588,28.7,404.4,2.59
Haryana,Doraha,Rice (Paddy),Kharif,8.715194902302486,29.9,721.2,4.21
Haryana,Bathinda,Maize,Kharif,16.299360141416024,30.3,527.8,2.96
Haryana,Malerkotla,Maize,Kharif,49.507334893710436,27.8,522.8,2.88
Haryana,Phagwara,Wheat,Rabi,12.087848737389715,15.5,155.3,3.56
Haryana,Doraha,Sugarcane,Kharif,12.317187210730609,34.8,1219.4,77.53
Haryana,Doraha,Cotton,Kharif,7.046951235208347,31.3,421.5,2.23
Punjab,Malerkotla,Maize,Kharif,47.3225485883701,22.2,478.6,2.96
Haryana,Phagwara,Cotton,Kharif,36.010311486433125,33.0,492.3,1.95
Haryana,Doraha,Cotton,Kharif,36.98791661213571,33.3,562.1,2.1
Punjab,Ludhiana,Sugarcane,Kharif,34.83482496854566,25.1,1024.7,63.4
Haryana,Ludhiana,Maize,Kharif,18.712281141656995,32.1,443.1,2.57
Haryana,Jalandhar,Maize,Kharif,4.121452021731989,23.6,547.1,2.68
Haryana,Malerkotla,Sugarcane,Kharif,31.82043097399326,28.6,934.9,79.87
Haryana,Samrala,Cotton,Kharif,36.052671362440336,29.4,456.2,1.87
Punjab,Khanna,Rice (Paddy),Kharif,48.98242108156497,28.5,647.8,4.03
Punjab,Ludhiana,Cotton,Kharif,12.576101418040619,34.5,485.8,2.13
Punjab,Jalandhar,Wheat,Rabi,20.00859634508873,15.1,198.0,2.99
Haryana,Phagwara,Wheat,Rabi,21.34468431795355,18.1,178.8,3.25
Haryana,Bathinda,Maize,Kharif,3.013866452297889,22.6,564.0,3.0
Punjab,Patiala,Maize,Kharif,46.935892202873475,28.5,535.0,2.71
Haryana,Bathinda,Rice (Paddy),Kharif,30.45696434784228,26.7,609.0,2.94
Haryana,Ludhiana,Cotton,Kharif,16.423068150177688,27.6,531.8,1.61
Haryana,Patiala,Maize,Kharif,1.6593076293488749,26.3,516.3,3.28
Haryana,Doraha,Wheat,Rabi,18.11702476281965,19.1,150.5,3.89
Haryana,Ludhiana,Wheat,Rabi,1.824832673167512,17.4,187.6,3.49
Punjab,Bathinda,Cotton,Kharif,38.05845126915929,31.4,410.6,2.06
Punjab,Bathinda,Rice (Paddy),Kharif,26.933521506586757,27.4,782.2,3.95
Haryana,Amritsar,Cotton,Kharif,2.9978904427272015,34.6,339.2,1.61
Haryana,Doraha,Maize,Kharif,24.284256700103757,26.2,558.4,2.77
Haryana,Patiala,Maize,Kharif,17.566386559889136,24.8,335.3,2.77
Haryana,Ludhiana,Rice (Paddy),Kharif,16.79539957690264,31.8,944.8,3.49
Punjab,Phagwara,Sugarcane,Kharif,38.47703245803486,20.1,1264.5,74.92
Haryana,Patiala,Rice (Paddy),Kharif,13.075279758889124,35.3,619.6,2.95
Punjab,Amritsar,Rice (Paddy),Kharif,23.265774382173323,31.8,911.0,4.15
Haryana,Phagwara,Cotton,Kharif,34.452226734016,30.8,304.3,2.06
Haryana,Khanna,Cotton,Kharif,45.42677191614432,31.5,364.6,2.09
Punjab,Patiala,Maize,Kharif,4.665035751850025,29.0,526.7,2.97
Punjab,Bathinda,Sugarcane,Kharif,29.81739261233494,27.9,926.3,69.26
Haryana,Jalandhar,Cotton,Kharif,20.615933983061634,29.1,367.2,1.73
Punjab,Ludhiana,Sugarcane,Kharif,21.79446158368003,27.4,1091.0,79.71
Haryana,Patiala,Maize,Kharif,1.0570195520709431,27.3,534.0,3.3
Punjab,Phagwara,Maize,Kharif,31.255147115271498,22.2,500.8,2.72
Punjab,Doraha,Maize,Kharif,32.87368414973969,24.9,455.3,2.96
Punjab,Khanna,Cotton,Kharif,23.574250399558817,30.7,516.9,1.86
Haryana,Amritsar,Rice (Paddy),Kharif,11.52992524513736,33.7,1119.7,4.1
Haryana,Jalandhar,Rice (Paddy),Kharif,6.465945459996009,29.8,577.7,3.91
Haryana,Phagwara,Cotton,Kharif,28.168306165465324,30.7,636.3,2.26
Haryana,Jalandhar,Wheat,Rabi,21.05780522761829,13.2,203.5,2.58
Haryana,Khanna,Maize,Kharif,23.08043134858351,20.3,554.6,2.94
Haryana,Malerkotla,Rice (Paddy),Kharif,7.370340806405722,33.0,979.1,3.61
Punjab,Khanna,Wheat,Rabi,1.0123702700375432,17.7,102.3,3.8
Haryana,Jalandhar,Wheat,Rabi,49.84393382747653,16.9,157.4,3.62
Punjab,Bathinda,Rice (Paddy),Kharif,9.082386377151222,28.7,914.7,3.9
Haryana,Patiala,Sugarcane,Kharif,14.273416696292363,32.4,1043.1,81.37
Haryana,Patiala,Maize,Kharif,33.01634187548909,30.9,675.6,3.05
Punjab,Khanna,Sugarcane,Kharif,21.33722920374111,34.5,1277.6,82.52
Punjab,Doraha,Rice (Paddy),Kharif,21.278588484036185,26.8,683.2,3.88
Haryana,Doraha,Sugarcane,Kharif,47.57166947041506,27.1,718.2,77.98
Haryana,Jalandhar,Rice (Paddy),Kharif,25.097905023070187,31.8,737.1,3.44
Haryana,Doraha,Sugarcane,Kharif,47.734700414428524,31.9,944.5,72.57
Haryana,Patiala,Sugarcane,Kharif,32.77277265680736,24.2,982.1,80.97
Haryana,Patiala,Cotton,Kharif,9.606547794404454,33.2,619.5,2.12
Haryana,Samrala,Wheat,Rabi,9.344930542231294,19.3,100.5,3.73
Haryana,Doraha,Cotton,Kharif,29.78179616816371,34.0,345.0,2.05
Haryana,Phagwara,Wheat,Rabi,17.739187060899404,17.2,165.1,3.9
Punjab,Amritsar,Cotton,Kharif,14.174867617734227,33.0,453.4,2.2
Haryana,Ludhiana,Wheat,Rabi,29.268634487020584,15.6,121.5,3.33
Haryana,Amritsar,Rice (Paddy),Kharif,15.225709592744742,33.9,746.0,3.92
Punjab,Doraha,Cotton,Kharif,29.687133146014496,30.3,512.7,2.14
Haryana,Jalandhar,Rice (Paddy),Kharif,46.42638668650807,28.5,969.5,3.7
Haryana,Khanna,Cotton,Kharif,19.33642699121384,33.8,528.9,2.46
Punjab,Khanna,Rice (Paddy),Kharif,45.932186461888726,30.4,955.8,4.74
Haryana,Phagwara,Sugarcane,Kharif,10.669729491373174,28.4,981.6,81.86
Haryana,Malerkotla,Sugarcane,Kharif,9.965695787328604,26.0,1017.4,66.13
Punjab,Doraha,Maize,Kharif,32.05879214329357,32.3,479.4,3.12
Punjab,Ludhiana,Rice (Paddy),Kharif,11.557210570826522,31.9,982.1,4.79
Punjab,Amritsar,Sugarcane,Kharif,44.83334214099176,25.3,960.6,72.49
Punjab,Phagwara,Rice (Paddy),Kharif,4.604490419908094,26.5,867.4,3.61
Haryana,Malerkotla,Sugarcane,Kharif,43.0197829069054,31.8,800.3,70.68
Punjab,Ludhiana,Rice (Paddy),Kharif,32.92150010008744,29.8,937.6,4.48
Punjab,Jalandhar,Sugarcane,Kharif,28.03869860964075,31.4,1231.4,75.34
Punjab,Malerkotla,Rice (Paddy),Kharif,20.927329020736266,30.1,915.2,4.06
Haryana,Ludhiana,Maize,Kharif,39.64676661786752,23.9,503.7,3.09
Haryana,Doraha,Cotton,Kharif,4.320106856151495,31.2,373.8,2.06
Haryana,Khanna,Cotton,Kharif,11.48794489672832,33.8,620.8,2.18
Haryana,Phagwara,Maize,Kharif,40.51336937341417,27.2,587.1,3.53
Punjab,Jalandhar,Rice (Paddy),Kharif,1.8389822040609332,31.3,932.6,4.51
Punjab,Ludhiana,Rice (Paddy),Kharif,41.52348420069926,29.4,772.2,3.83
Punjab,Amritsar,Wheat,Rabi,19.558820973593015,18.2,223.0,3.97
Punjab,Phagwara,Cotton,Kharif,1.7813386362122317,33.4,391.4,2.03
Haryana,Malerkotla,Wheat,Rabi,20.05896579576893,14.6,151.1,3.41
Punjab,Ludhiana,Sugarcane,Kharif,14.388584553733438,30.6,1152.0,78.13
Punjab,Doraha,Maize,Kharif,40.03112753196469,30.7,319.3,3.17
Haryana,Ludhiana,Maize,Kharif,43.26687282572682,22.1,717.2,3.34
Haryana,Malerkotla,Rice (Paddy),Kharif,48.355305694131665,30.4,868.3,3.24
Punjab,Bathinda,Sugarcane,Kharif,41.30660287591018,29.5,859.5,67.76
Haryana,Ludhiana,Wheat,Rabi,25.884653563160516,16.5,129.1,3.19
Haryana,Khanna,Wheat,Rabi,19.37702343025019,16.3,189.7,3.48
Punjab,Amritsar,Sugarcane,Kharif,7.818586891392964,26.9,979.5,66.01
Punjab,Phagwara,Rice (Paddy),Kharif,48.178995028897496,30.5,786.5,4.15
Punjab,Ludhiana,Wheat,Rabi,8.97470628133665,18.4,122.0,4.32
Punjab,Phagwara,Sugarcane,Kharif,33.42925830146624,31.3,994.9,66.89
Haryana,Khanna,Cotton,Kharif,37.45051906181233,30.0,451.5,1.89
Punjab,Phagwara,Sugarcane,Kharif,16.623834760128915,26.6,1006.7,71.97
Haryana,Malerkotla,Maize,Kharif,1.3695135430839351,25.4,441.6,2.71
Punjab,Jalandhar,Cotton,Kharif,27.86826792795999,32.7,514.6,2.14
Haryana,Patiala,Wheat,Rabi,7.7009961570559895,20.0,244.1,3.82
Haryana,Bathinda,Wheat,Rabi,46.707788733542586,17.4,141.0,4.15
Punjab,Ludhiana,Cotton,Kharif,26.084860528130474,34.8,336.1,1.9
Punjab,Khanna,Rice (Paddy),Kharif,38.09906737488326,28.2,856.7,3.97
Haryana,Bathinda,Cotton,Kharif,30.931094172661748,32.3,573.9,2.3
Punjab,Ludhiana,Wheat,Rabi,27.604177884088564,18.1,129.3,3.86
Haryana,Bathinda,Sugarcane,Kharif,38.24175691765914,25.6,1028.7,79.14
Punjab,Samrala,Cotton,Kharif,32.71324759025059,32.0,464.0,2.02
Haryana,Ludhiana,Maize,Kharif,46.71430673088306,27.2,439.1,2.77
Haryana,Doraha,Sugarcane,Kharif,1.5177767316168542,29.1,1403.6,82.67
Punjab,Patiala,Cotton,Kharif,8.025407882343739,32.4,485.0,2.47
Punjab,Doraha,Maize,Kharif,36.830473101598066,29.0,425.0,3.19
Haryana,Ludhiana,Cotton,Kharif,41.26380120265117,30.8,476.6,1.93
Haryana,Amritsar,Cotton,Kharif,41.74120847802241,31.2,525.9,2.0
Haryana,Patiala,Cotton,Kharif,23.338581782577805,31.8,224.2,2.28
Punjab,Doraha,Wheat,Rabi,27.642610006678073,18.7,167.3,3.66
Punjab,Khanna,Cotton,Kharif,40.22009310293007,33.9,518.0,1.83
Haryana,Bathinda,Rice (Paddy),Kharif,11.158320988894328,30.2,616.7,4.2
Punjab,Doraha,Maize,Kharif,3.4605822811195397,30.6,705.2,3.34
Punjab,Jalandhar,Rice (Paddy),Kharif,2.4728572978979266,30.2,935.6,4.51
Haryana,Jalandhar,Wheat,Rabi,36.02730351340619,17.0,189.1,4.3
Punjab,Ludhiana,Wheat,Rabi,21.92076782932737,19.6,185.7,3.8
Punjab,Samrala,Wheat,Rabi,9.45025023597458,14.7,129.3,3.06
Punjab,Jalandhar,Wheat,Rabi,19.273646859763947,18.1,216.4,3.98
Haryana,Phagwara,Cotton,Kharif,11.43337157364746,30.3,386.9,1.94
Haryana,Bathinda,Rice (Paddy),Kharif,18.271751652305028,28.3,493.1,3.61
Haryana,Khanna,Wheat,Rabi,2.276722086958435,20.8,162.9,3.25
Haryana,Jalandhar,Rice (Paddy),Kharif,26.210606077997507,29.7,1042.7,4.76
Punjab,Ludhiana,Cotton,Kharif,1.8153337458955638,35.0,357.9,1.51
Haryana,Ludhiana,Wheat,Rabi,9.346250084123607,18.4,199.3,3.56
Punjab,Amritsar,Maize,Kharif,20.496011194299264,29.2,677.2,3.47
Punjab,Phagwara,Cotton,Kharif,39.03036865810553,28.7,524.1,1.83
Haryana,Malerkotla,Wheat,Rabi,37.26701713128669,21.8,146.7,2.97
Haryana,Khanna,Wheat,Rabi,36.90427050245383,19.2,166.7,3.99
Punjab,Patiala,Cotton,Kharif,37.82940699139587,33.1,559.6,2.02
Haryana,Patiala,Sugarcane,Kharif,21.787625019468397,28.2,1036.5,82.38
Haryana,Amritsar,Sugarcane,Kharif,9.921308067140188,26.8,941.3,64.44
Haryana,Phagwara,Cotton,Kharif,16.883565745146484,27.3,319.5,1.13
Punjab,Samrala,Wheat,Rabi,31.14818885683579,17.4,168.9,4.44
Haryana,Phagwara,Wheat,Rabi,30.476541372273115,21.1,196.0,2.74
Punjab,Doraha,Cotton,Kharif,30.242053200616272,31.0,496.1,2.39
Haryana,Phagwara,Wheat,Rabi,25.960691607017544,22.9,211.9,2.69
Punjab,Khanna,Sugarcane,Kharif,8.107120311790172,28.9,823.3,74.88
Punjab,Khanna,Rice (Paddy),Kharif,14.212172095617124,29.7,854.7,3.48
Haryana,Patiala,Maize,Kharif,45.3515598673651,28.7,414.1,3.23
Haryana,Bathinda,Rice (Paddy),Kharif,34.681443145665696,28.2,1020.4,4.89
Punjab,Jalandhar,Rice (Paddy),Kharif,25.171316628290278,32.3,907.4,3.76
Punjab,Khanna,Wheat,Rabi,41.11274461569416,19.9,167.4,4.26
Punjab,Ludhiana,Maize,Kharif,10.367968915768497,29.5,391.7,3.25
Haryana,Phagwara,Wheat,Rabi,40.94397838234489,16.2,131.9,3.49
Punjab,Khanna,Rice (Paddy),Kharif,25.548844993997587,31.8,684.5,3.72
Punjab,Jalandhar,Cotton,Kharif,37.9274721486336,32.6,503.8,2.18
Punjab,Khanna,Rice (Paddy),Kharif,19.600088547299553,29.2,764.3,4.19
Haryana,Amritsar,Sugarcane,Kharif,38.96144803180947,27.7,1013.2,63.84
Haryana,Doraha,Cotton,Kharif,26.88342840303296,30.8,402.3,1.63
Punjab,Patiala,Wheat,Rabi,9.755954662029353,18.8,178.0,4.02
Haryana,Phagwara,Wheat,Rabi,2.290596385679049,17.6,165.1,3.06
Punjab,Jalandhar,Rice (Paddy),Kharif,34.99257701165967,24.3,725.7,2.71
Haryana,Amritsar,Cotton,Kharif,23.105855075551446,31.9,480.0,2.14
Haryana,Doraha,Wheat,Rabi,46.89859612572905,16.7,101.7,3.57
Haryana,Doraha,Cotton,Kharif,25.590831967215916,30.5,443.9,1.81
Haryana,Jalandhar,Maize,Kharif,6.037904925321624,29.5,723.8,3.23
Haryana,Bathinda,Sugarcane,Kharif,44.719312137494704,28.0,583.2,76.62
Punjab,Samrala,Cotton,Kharif,5.199794578475913,32.2,419.6,1.79
Punjab,Ludhiana,Wheat,Rabi,32.11078816274453,17.6,165.1,3.88
Haryana,Doraha,Cotton,Kharif,24.559826675541533,29.3,379.1,1.96
Haryana,Bathinda,Wheat,Rabi,20.93981375714744,18.1,179.8,4.68
Haryana,Amritsar,Cotton,Kharif,42.085651837725386,33.2,355.0,1.87
Punjab,Bathinda,Wheat,Rabi,39.679427791497936,13.3,121.7,2.73
Punjab,Khanna,Sugarcane,Kharif,5.35372276850011,30.7,552.7,70.93
Punjab,Ludhiana,Rice (Paddy),Kharif,17.43333995909672,29.5,663.3,4.51
Haryana,Bathinda,Cotton,Kharif,38.75573868607387,32.9,382.4,1.9
Punjab,Patiala,Rice (Paddy),Kharif,35.52435276088677,30.3,671.6,4.27
Punjab,Malerkotla,Sugarcane,Kharif,39.414078565989875,28.4,1303.3,75.98
Punjab,Jalandhar,Wheat,Rabi,39.59245617662057,21.5,150.4,2.94
Punjab,Bathinda,Maize,Kharif,43.52183028283447,20.9,467.4,3.09
Haryana,Ludhiana,Rice (Paddy),Kharif,43.05074092922083,28.7,866.6,3.84
Haryana,Bathinda,Cotton,Kharif,39.05332562763771,33.1,507.6,1.95
Punjab,Amritsar,Wheat,Rabi,1.917784310960574,16.4,148.1,3.22
Punjab,Malerkotla,Sugarcane,Kharif,38.06770860589591,25.4,581.1,75.93
Haryana,Khanna,Sugarcane,Kharif,47.58341490354704,26.8,1018.5,57.21
Haryana,Phagwara,Cotton,Kharif,22.800102441206363,28.8,305.5,1.89
Punjab,Phagwara,Wheat,Rabi,23.157217121116734,15.4,148.2,3.28
Punjab,Bathinda,Wheat,Rabi,8.040145381383741,18.4,182.7,3.74
Haryana,Phagwara,Sugarcane,Kharif,15.817527471619908,28.7,1241.7,81.93
Haryana,Khanna,Cotton,Kharif,4.97267089121764,32.5,360.1,2.01
Punjab,Patiala,Rice (Paddy),Kharif,26.92899194682746,30.1,750.4,4.48
Punjab,Patiala,Cotton,Kharif,29.906235735416935,32.4,550.9,2.02
Punjab,Jalandhar,Wheat,Rabi,24.20648827323954,17.4,182.6,3.87
Haryana,Doraha,Rice (Paddy),Kharif,1.8680305659394936,30.4,1087.5,4.23
Punjab,Khanna,Sugarcane,Kharif,33.10033956502061,29.2,1059.5,73.7
Punjab,Bathinda,Sugarcane,Kharif,48.64590875421894,33.4,825.2,78.37
Punjab,Khanna,Wheat,Rabi,7.8856624848242065,20.5,145.6,2.95
Punjab,Malerkotla,Sugarcane,Kharif,13.795245616394935,27.1,889.0,76.6
Haryana,Amritsar,Maize,Kharif,37.347383213595464,27.1,641.9,3.06
Haryana,Ludhiana,Maize,Kharif,30.3493651798699,25.3,556.6,3.54
Punjab,Phagwara,Cotton,Kharif,34.2929194550133,32.6,584.7,2.36
Haryana,Khanna,Sugarcane,Kharif,18.37672762771281,27.0,1111.1,70.7
Haryana,Bathinda,Maize,Kharif,15.915323275047836,24.7,458.8,3.23
Punjab,Patiala,Wheat,Rabi,37.26259683711346,20.2,209.4,3.16
Haryana,Samrala,Sugarcane,Kharif,25.127361148545443,32.2,896.5,74.83
Punjab,Jalandhar,Wheat,Rabi,10.070327790964418,20.7,185.2,3.58
Haryana,Malerkotla,Sugarcane,Kharif,18.36861939449844,25.7,1025.0,72.32
Punjab,Patiala,Cotton,Kharif,6.4811373709698,30.4,445.4,1.86
Haryana,Phagwara,Maize,Kharif,48.58222577325762,24.0,758.0,3.58
Punjab,Doraha,Wheat,Rabi,14.033144429617153,17.9,121.1,3.92
Haryana,Doraha,Maize,Kharif,14.936595871285787,26.4,486.6,2.91
Punjab,Ludhiana,Cotton,Kharif,32.91720606824839,33.3,477.0,1.97
Punjab,Patiala,Wheat,Rabi,14.42701515271798,19.4,112.6,3.48
Punjab,Samrala,Sugarcane,Kharif,23.35814132904803,27.6,783.9,76.32
Haryana,Phagwara,Rice (Paddy),Kharif,22.03353785519601,25.2,993.2,4.44
Punjab,Samrala,Rice (Paddy),Kharif,12.158012387271373,28.2,1006.2,4.99
Haryana,Samrala,Rice (Paddy),Kharif,20.93037697237426,31.3,824.9,4.28
Haryana,Bathinda,Sugarcane,Kharif,20.97588338633973,30.9,814.5,65.23
Punjab,Doraha,Maize,Kharif,13.846406035339157,25.4,552.1,3.36
Punjab,Ludhiana,Sugarcane,Kharif,8.993853935166264,28.2,1133.3,77.5
Punjab,Malerkotla,Cotton,Kharif,31.202621281292874,32.1,519.5,2.26
Punjab,Amritsar,Wheat,Rabi,26.316364294295074,21.5,155.2,3.6
Punjab,Samrala,Sugarcane,Kharif,5.320823000801796,30.0,967.3,84.52
Haryana,Bathinda,Maize,Kharif,46.80822791836576,25.3,298.6,2.6
Haryana,Patiala,Sugarcane,Kharif,6.619799350894507,29.6,1082.8,70.24
Punjab,Phagwara,Wheat,Rabi,3.3966794386458643,18.9,103.3,3.85
Haryana,Doraha,Wheat,Rabi,7.364748488639016,17.2,156.7,4.01
Haryana,Bathinda,Sugarcane,Kharif,32.577094182216314,31.6,1195.5,87.52
Punjab,Jalandhar,Rice (Paddy),Kharif,40.47309918792291,31.0,984.6,4.58
Punjab,Ludhiana,Maize,Kharif,16.839092413256346,21.1,728.6,2.9
Haryana,Patiala,Rice (Paddy),Kharif,13.830676039012296,28.0,868.5,3.81
Punjab,Malerkotla,Rice (Paddy),Kharif,37.82455830647143,29.6,482.9,4.31
Haryana,Jalandhar,Maize,Kharif,10.151652397230434,23.3,168.4,2.8
Punjab,Malerkotla,Sugarcane,Kharif,1.8979822587147335,30.6,1154.5,82.42
Punjab,Malerkotla,Maize,Kharif,36.558900596822546,34.7,532.7,2.85
Haryana,Phagwara,Rice (Paddy),Kharif,14.338721241149008,30.3,784.9,4.39
Haryana,Samrala,Sugarcane,Kharif,49.5473456214296,28.1,914.1,68.62
Punjab,Ludhiana,Cotton,Kharif,17.161563641819086,28.5,340.6,1.65
Punjab,Doraha,Maize,Kharif,48.934181100560224,30.0,485.6,3.18
Punjab,Patiala,Cotton,Kharif,13.973909566736536,33.5,495.3,1.95
Haryana,Phagwara,Cotton,Kharif,25.126018651681164,30.8,509.1,2.15
Punjab,Doraha,Sugarcane,Kharif,42.61367269848268,29.0,974.9,71.84
Haryana,Phagwara,Cotton,Kharif,33.70253260347957,29.2,478.0,1.74
Haryana,Ludhiana,Wheat,Rabi,43.589960335045006,18.4,166.5,3.95
Haryana,Bathinda,Sugarcane,Kharif,38.592046105557884,32.3,683.1,69.06
Haryana,Bathinda,Cotton,Kharif,25.438825513457452,27.7,410.4,1.35
Haryana,Bathinda,Maize,Kharif,48.58416990987297,25.9,629.2,3.12
Haryana,Malerkotla,Sugarcane,Kharif,1.7930487776626682,29.9,447.1,60.27
Haryana,Amritsar,Cotton,Kharif,16.801084529460596,33.2,375.2,2.0
Punjab,Khanna,Sugarcane,Kharif,36.485429886053595,28.4,1171.4,72.75
Punjab,Malerkotla,Cotton,Kharif,30.811988175034504,26.9,497.0,1.43
Punjab,Amritsar,Wheat,Rabi,25.25953004966465,18.3,100.6,2.9
Punjab,Samrala,Rice (Paddy),Kharif,43.83932930298431,29.4,849.3,3.76
Haryana,Bathinda,Maize,Kharif,25.318557490373802,24.2,371.5,3.24
Haryana,Jalandhar,Maize,Kharif,45.48388701078043,29.1,543.8,3.53
Punjab,Phagwara,Maize,Kharif,34.13609379103016,28.0,443.4,3.09
Haryana,Patiala,Sugarcane,Kharif,15.347829900134435,25.9,977.8,77.44
Haryana,Khanna,Wheat,Rabi,14.542587920479074,15.5,221.8,3.98
Haryana,Khanna,Sugarcane,Kharif,2.8611288270495656,28.3,1004.6,66.97
Haryana,Phagwara,Maize,Kharif,19.031983410956705,24.8,506.7,2.9
Haryana,Malerkotla,Maize,Kharif,7.784238829193263,26.6,616.2,3.48
Haryana,Jalandhar,Cotton,Kharif,18.889158997836635,36.1,269.0,1.54
Haryana,Samrala,Rice (Paddy),Kharif,9.18074627951783,29.0,660.5,3.34
Haryana,Bathinda,Maize,Kharif,9.436214627758098,23.8,652.9,3.56
Punjab,Phagwara,Cotton,Kharif,12.180199384648638,33.8,339.8,1.9
Punjab,Malerkotla,Maize,Kharif,5.748513299212743,28.7,600.9,3.41
Haryana,Phagwara,Cotton,Kharif,6.8744076703762085,36.0,407.2,1.52
Punjab,Bathinda,Wheat,Rabi,21.012516667435936,15.5,117.7,3.34
Punjab,Khanna,Maize,Kharif,39.60382622108934,27.1,393.5,2.83
Punjab,Khanna,Maize,Kharif,38.871187965044534,30.4,549.7,3.39
Punjab,Jalandhar,Sugarcane,Kharif,12.973909073343133,27.3,921.4,80.42
Punjab,Patiala,Maize,Kharif,41.220757728363125,23.8,490.5,3.07
Haryana,Samrala,Maize,Kharif,45.282894248623435,25.1,553.6,2.87
Punjab,Khanna,Wheat,Rabi,21.56505125148026,20.0,169.8,3.67
Punjab,Khanna,Cotton,Kharif,15.081615847522851,30.9,257.7,1.93
Haryana,Samrala,Rice (Paddy),Kharif,3.7276411567537573,28.1,661.0,4.25
Punjab,Khanna,Sugarcane,Kharif,34.929828580835796,29.0,1105.6,75.05
Haryana,Malerkotla,Rice (Paddy),Kharif,39.17579904986533,27.6,782.9,3.28
Punjab,Ludhiana,Sugarcane,Kharif,38.63640535573787,27.5,953.6,79.03
Haryana,Ludhiana,Sugarcane,Kharif,46.6095750387962,29.3,1206.4,81.12
Punjab,Khanna,Sugarcane,Kharif,22.374229446908533,29.1,1052.2,69.24
Punjab,Malerkotla,Maize,Kharif,24.597326014908017,22.7,543.0,3.37
Punjab,Malerkotla,Maize,Kharif,6.56914248424058,23.3,362.5,2.99
Haryana,Doraha,Wheat,Rabi,7.629682238128911,18.9,190.2,3.78
Punjab,Doraha,Rice (Paddy),Kharif,33.4562095954162,29.2,801.6,4.22
Haryana,Bathinda,Wheat,Rabi,38.33988470606467,16.5,121.3,3.79
Punjab,Bathinda,Cotton,Kharif,35.11250222794502,34.7,286.5,1.97
Haryana,Samrala,Cotton,Kharif,29.000979721655856,30.8,402.7,2.05
Haryana,Jalandhar,Maize,Kharif,42.219493130041606,27.5,406.6,3.02
Punjab,Ludhiana,Rice (Paddy),Kharif,11.646660159589684,28.8,1004.3,4.1
Punjab,Ludhiana,Wheat,Rabi,5.173191168817262,19.0,137.4,3.46
Punjab,Malerkotla,Maize,Kharif,47.096589430805636,27.4,483.0,2.84
Punjab,Amritsar,Rice (Paddy),Kharif,30.730636825951002,33.6,742.3,4.06
Punjab,Jalandhar,Maize,Kharif,16.523451525117217,27.6,385.0,2.75
Punjab,Phagwara,Maize,Kharif,10.07190336705974,27.3,526.2,3.52
Haryana,Patiala,Cotton,Kharif,48.27813601965994,34.3,342.6,1.8
Haryana,Malerkotla,Cotton,Kharif,14.974591666952335,28.8,461.0,1.75
Haryana,Patiala,Wheat,Rabi,8.501156123229004,14.8,197.1,3.51
Haryana,Patiala,Rice (Paddy),Kharif,23.940868008477402,34.1,836.7,3.38
Punjab,Samrala,Cotton,Kharif,44.23120631190557,36.4,433.9,1.53
Haryana,Doraha,Maize,Kharif,49.48860080962785,28.4,491.2,3.26
Punjab,Phagwara,Cotton,Kharif,31.752729345271117,32.5,399.4,2.06
Haryana,Malerkotla,Maize,Kharif,12.622038615815937,26.7,611.2,3.67
Haryana,Samrala,Cotton,Kharif,20.691606266813196,31.7,367.3,2.26
Punjab,Patiala,Rice (Paddy),Kharif,16.35711872476162,31.3,958.7,4.13
Punjab,Patiala,Cotton,Kharif,41.09511083981993,34.1,342.9,1.76
Haryana,Phagwara,Rice (Paddy),Kharif,25.42686585968097,27.1,986.9,3.29
Haryana,Bathinda,Wheat,Rabi,44.21615896376156,17.2,93.7,3.72
Haryana,Jalandhar,Rice (Paddy),Kharif,49.71451579240498,29.4,852.5,4.51
Haryana,Bathinda,Cotton,Kharif,7.803240484851278,31.1,538.3,2.3
Punjab,Samrala,Wheat,Rabi,25.845133309898774,19.9,163.1,3.52
Haryana,Bathinda,Rice (Paddy),Kharif,34.92051409019933,33.5,812.4,4.15
Haryana,Bathinda,Sugarcane,Kharif,35.318871524021375,28.4,906.2,62.92
Haryana,Jalandhar,Cotton,Kharif,37.65791920543539,31.1,435.1,1.96
Haryana,Phagwara,Sugarcane,Kharif,16.93603972604221,30.9,785.8,73.7
Haryana,Patiala,Rice (Paddy),Kharif,16.93222486532636,29.4,502.1,3.84
Punjab,Ludhiana,Cotton,Kharif,28.92729110437229,29.4,496.5,2.15
Punjab,Bathinda,Cotton,Kharif,45.73628491511943,28.2,401.3,1.72
Haryana,Phagwara,Rice (Paddy),Kharif,48.018117300695096,31.2,864.7,4.01
Haryana,Phagwara,Sugarcane,Kharif,15.88921173544738,31.3,798.4,65.32
Haryana,Doraha,Maize,Kharif,41.531756626242625,28.2,543.1,2.57
Haryana,Patiala,Cotton,Kharif,2.4557069619908782,29.7,426.0,1.93
Punjab,Khanna,Maize,Kharif,47.86892856550251,30.8,565.1,3.2
Punjab,Jalandhar,Sugarcane,Kharif,47.2256062307428,23.1,1126.4,80.44
Haryana,Ludhiana,Sugarcane,Kharif,39.06625528896948,30.0,933.3,65.46
Punjab,Khanna,Sugarcane,Kharif,48.334592710252664,31.4,1182.9,74.91
Punjab,Bathinda,Rice (Paddy),Kharif,36.36126892472372,30.4,843.4,4.42
Punjab,Ludhiana,Maize,Kharif,1.0985519529263517,29.6,446.5,2.79
Punjab,Doraha,Cotton,Kharif,35.39529640415482,30.6,565.9,2.19
Punjab,Khanna,Sugarcane,Kharif,41.416977580534144,27.5,938.0,70.71
Punjab,Ludhiana,Sugarcane,Kharif,10.901454547341807,27.4,974.5,81.58
Haryana,Amritsar,Wheat,Rabi,46.480621014245514,17.8,150.5,4.1
Haryana,Khanna,Maize,Kharif,20.008818708264595,27.2,515.3,2.99
Punjab,Jalandhar,Sugarcane,Kharif,23.005788548642144,29.5,1218.2,73.53
Haryana,Ludhiana,Wheat,Rabi,15.451380558420318,18.3,212.0,4.39
Punjab,Ludhiana,Wheat,Rabi,17.266870655900423,16.8,173.3,3.45
Haryana,Bathinda,Cotton,Kharif,45.92160763067736,30.7,513.3,2.16
Punjab,Bathinda,Sugarcane,Kharif,17.358239873397768,29.5,1095.3,77.59
Haryana,Samrala,Rice (Paddy),Kharif,12.529590327039347,26.5,1096.8,4.39
Punjab,Doraha,Cotton,Kharif,29.45551844099748,30.3,535.6,1.89
Punjab,Doraha,Sugarcane,Kharif,21.936803698239057,30.8,1063.9,69.87
Punjab,Bathinda,Wheat,Rabi,31.39127257420305,19.8,205.7,3.8
Haryana,Khanna,Rice (Paddy),Kharif,21.755318521169645,29.6,837.2,3.16
Haryana,Phagwara,Maize,Kharif,23.532430399750144,29.4,540.7,3.2
Punjab,Jalandhar,Maize,Kharif,44.12375873530837,26.6,568.1,3.75
Haryana,Jalandhar,Maize,Kharif,31.87459862331517,29.7,601.8,3.47
Haryana,Patiala,Rice (Paddy),Kharif,39.89412500227993,32.1,654.6,3.86
Punjab,Amritsar,Rice (Paddy),Kharif,37.544087467517485,34.7,897.6,4.31
Punjab,Ludhiana,Sugarcane,Kharif,28.037069977299165,25.0,1263.0,87.93
Haryana,Phagwara,Wheat,Rabi,38.83532628501734,17.1,100.6,3.58
Haryana,Doraha,Wheat,Rabi,4.143735235206565,17.7,275.6,4.36
Haryana,Amritsar,Sugarcane,Kharif,38.304374952423004,27.7,752.4,83.51
Haryana,Ludhiana,Rice (Paddy),Kharif,6.700670938961204,31.5,879.1,3.57
Haryana,Khanna,Rice (Paddy),Kharif,49.993700475432554,29.8,813.3,4.84
Punjab,Doraha,Maize,Kharif,22.36150837132099,26.1,574.5,3.63
Haryana,Phagwara,Sugarcane,Kharif,37.234695695445055,28.8,1096.7,74.27
Punjab,Bathinda,Maize,Kharif,25.478553245871534,24.7,584.1,3.3
Haryana,Jalandhar,Wheat,Rabi,45.71883625744741,17.6,161.0,3.56
Haryana,Khanna,Cotton,Kharif,46.28795278284575,31.6,459.9,2.1
Haryana,Khanna,Maize,Kharif,29.664704947700944,23.7,823.8,3.37
Punjab,Samrala,Wheat,Rabi,20.0529893353226,18.7,111.6,3.36
Haryana,Bathinda,Maize,Kharif,2.1870672582271675,22.7,564.3,3.77
Punjab,Samrala,Cotton,Kharif,34.57289883009512,30.4,358.8,2.03
Haryana,Khanna,Wheat,Rabi,14.766443464185333,17.7,142.3,3.82
Punjab,Bathinda,Cotton,Kharif,21.04133802617663,31.9,364.0,2.16
Haryana,Bathinda,Cotton,Kharif,42.51977396265009,35.0,544.7,1.93
Punjab,Ludhiana,Sugarcane,Kharif,38.24231309208789,31.4,1185.0,80.97
Haryana,Patiala,Maize,Kharif,49.29738691538341,24.0,613.5,3.11
Haryana,Bathinda,Cotton,Kharif,29.688031422121572,29.7,581.1,2.09
Punjab,Malerkotla,Cotton,Kharif,33.48841514173938,35.2,325.2,1.67
Punjab,Samrala,Maize,Kharif,20.632095086878554,31.0,409.4,3.09
Haryana,Bathinda,Rice (Paddy),Kharif,10.892906750511603,25.8,723.9,3.42
Punjab,Bathinda,Maize,Kharif,48.54151805897301,28.4,695.3,3.12
Haryana,Khanna,Maize,Kharif,22.94915855283692,27.2,411.8,3.15
Punjab,Amritsar,Cotton,Kharif,21.116113396337962,30.1,590.8,1.96
Haryana,Ludhiana,Sugarcane,Kharif,32.579423273014285,28.1,1055.2,82.88
Haryana,Jalandhar,Wheat,Rabi,23.716611792253445,19.7,152.3,3.91
Haryana,Phagwara,Rice (Paddy),Kharif,2.7996812563898623,29.8,871.2,4.29
Haryana,Bathinda,Maize,Kharif,13.98405787292727,27.4,540.3,2.98
Haryana,Khanna,Cotton,Kharif,30.25603902620148,28.4,278.9,1.57
Haryana,Khanna,Cotton,Kharif,9.707339924687114,35.0,396.5,1.84
Punjab,Amritsar,Wheat,Rabi,14.52316864988835,19.1,201.1,3.99
Punjab,Ludhiana,Wheat,Rabi,41.60914561342363,13.4,120.7,3.01
Haryana,Amritsar,Maize,Kharif,47.13555626530036,22.6,386.5,3.06
Haryana,Doraha,Rice (Paddy),Kharif,19.784665437616813,31.3,825.0,4.09
Punjab,Patiala,Maize,Kharif,26.616500919519442,26.0,546.3,3.06
Punjab,Amritsar,Cotton,Kharif,10.027227383327213,31.5,417.6,2.19
Haryana,Ludhiana,Rice (Paddy),Kharif,6.995876609535189,29.1,612.3,3.73
Haryana,Jalandhar,Rice (Paddy),Kharif,47.53822994092988,30.7,867.7,4.11
Punjab,Bathinda,Sugarcane,Kharif,34.743341323831736,30.9,687.6,68.39
Punjab,Khanna,Wheat,Rabi,30.81175815348046,19.1,175.3,3.39
Haryana,Jalandhar,Maize,Kharif,28.52150351020598,28.4,537.3,3.43
Punjab,Phagwara,Wheat,Rabi,9.683481505185606,19.1,148.1,4.21
Punjab,Patiala,Cotton,Kharif,38.34783787337804,30.7,491.3,2.07
Haryana,Jalandhar,Maize,Kharif,23.02710945328005,27.1,368.6,2.98
Haryana,Malerkotla,Wheat,Rabi,20.881940961644627,18.0,185.7,3.49
Haryana,Amritsar,Cotton,Kharif,36.9277589094891,32.8,517.1,2.3
Haryana,Jalandhar,Rice (Paddy),Kharif,1.8639390377672105,30.3,742.8,4.24
Punjab,Bathinda,Maize,Kharif,16.991703123006232,28.3,414.0,3.16
Haryana,Malerkotla,Maize,Kharif,2.859573826783193,31.0,414.0,3.19
Punjab,Malerkotla,Maize,Kharif,9.494538580357752,29.1,643.7,3.31
Punjab,Jalandhar,Maize,Kharif,41.90885080718065,22.5,499.6,2.44
Punjab,Amritsar,Cotton,Kharif,21.408030206084426,31.2,413.0,1.75
Punjab,Patiala,Cotton,Kharif,12.622523205562839,30.7,536.1,2.21
Punjab,Amritsar,Sugarcane,Kharif,47.61887026979776,25.9,1044.7,72.05
Haryana,Bathinda,Rice (Paddy),Kharif,49.86032254815017,26.3,896.9,4.37
Punjab,Phagwara,Cotton,Kharif,8.868756665433166,31.1,616.9,2.09
Haryana,Doraha,Sugarcane,Kharif,3.7247191951527303,24.9,1013.4,74.75
Punjab,Phagwara,Maize,Kharif,11.993012132216462,25.8,582.6,3.2
Punjab,Samrala,Rice (Paddy),Kharif,43.11690243453976,30.7,463.9,4.0
Punjab,Khanna,Maize,Kharif,19.61559788358821,35.0,433.9,2.84
Haryana,Samrala,Maize,Kharif,32.85801309336454,21.6,618.8,3.12
Haryana,Bathinda,Sugarcane,Kharif,45.87829318248389,26.9,1239.3,80.91
Haryana,Bathinda,Maize,Kharif,5.319577568362657,29.0,583.8,2.76
Punjab,Amritsar,Cotton,Kharif,17.644140588737773,34.1,377.3,2.14
Punjab,Samrala,Cotton,Kharif,19.857735120440147,28.7,357.5,1.83
Haryana,Khanna,Cotton,Kharif,37.71023743273866,26.1,490.9,0.87
Haryana,Phagwara,Rice (Paddy),Kharif,44.68709077089844,33.4,471.9,3.69
Punjab,Malerkotla,Wheat,Rabi,20.65709285602432,15.6,177.1,3.48
Punjab,Ludhiana,Sugarcane,Kharif,26.76523175738288,30.5,680.4,57.6
Punjab,Patiala,Wheat,Rabi,44.947085461967184,18.4,170.8,4.15
Punjab,Patiala,Wheat,Rabi,39.45100710092351,13.9,154.3,2.69
Haryana,Jalandhar,Rice (Paddy),Kharif,5.203763324839789,26.7,686.8,3.72
Punjab,Phagwara,Cotton,Kharif,29.474317563226762,29.6,460.0,2.19
Haryana,Samrala,Cotton,Kharif,26.567453569029418,31.8,226.6,2.08
Punjab,Doraha,Maize,Kharif,34.42647593356605,25.9,623.4,3.21
Haryana,Samrala,Wheat,Rabi,34.42205245121138,18.7,192.0,4.05
Punjab,Jalandhar,Wheat,Rabi,18.0582487051355,17.2,136.2,3.47
Punjab,Bathinda,Maize,Kharif,40.248383026277615,29.6,454.6,3.11
Haryana,Patiala,Sugarcane,Kharif,10.374949631832383,23.2,827.3,70.41
Punjab,Amritsar,Rice (Paddy),Kharif,28.473569012583745,25.9,670.5,3.8
Haryana,Doraha,Maize,Kharif,31.013471932486596,26.3,466.1,2.82
Haryana,Khanna,Wheat,Rabi,43.70420023835413,18.3,156.8,3.29
Haryana,Amritsar,Rice (Paddy),Kharif,34.437901935810565,27.0,853.8,4.1
Haryana,Doraha,Sugarcane,Kharif,2.2484922452390212,29.9,803.0,71.96
Punjab,Ludhiana,Maize,Kharif,28.042117163813316,29.5,434.2,2.92
Haryana,Jalandhar,Sugarcane,Kharif,4.420821851568512,25.9,815.6,71.92
Punjab,Jalandhar,Sugarcane,Kharif,6.598035908806896,29.3,1150.7,69.15
Haryana,Amritsar,Cotton,Kharif,22.0504692942147,32.0,440.3,2.07
Haryana,Khanna,Maize,Kharif,22.592030659444625,27.3,622.1,3.27
Punjab,Amritsar,Rice (Paddy),Kharif,6.814136390760107,33.2,788.1,3.66
Haryana,Phagwara,Wheat,Rabi,48.51871594759703,19.3,133.5,3.41
Haryana,Patiala,Cotton,Kharif,33.624467562577856,32.2,373.1,1.86
Haryana,Samrala,Maize,Kharif,5.348317159730591,26.0,420.5,3.27
Punjab,Samrala,Cotton,Kharif,16.634417988565602,32.9,385.7,1.99
Punjab,Malerkotla,Maize,Kharif,36.58588683686117,32.5,261.3,2.79
Haryana,Bathinda,Rice (Paddy),Kharif,44.92186354197374,34.1,927.5,3.9
Haryana,Samrala,Rice (Paddy),Kharif,24.57780329649743,32.3,775.2,3.73
Punjab,Patiala,Rice (Paddy),Kharif,26.716842176267463,25.3,816.8,3.4
Punjab,Doraha,Maize,Kharif,32.9729896465509,20.1,762.8,2.78
Punjab,Doraha,Wheat,Rabi,20.870735851439235,15.8,103.9,3.8
Punjab,Patiala,Wheat,Rabi,40.53653412771925,17.1,73.1,3.37
Punjab,Jalandhar,Wheat,Rabi,12.887743830719158,21.8,129.0,3.19
Haryana,Phagwara,Wheat,Rabi,19.65274492639203,18.4,148.9,4.07
Punjab,Khanna,Wheat,Rabi,43.527645455223805,18.8,114.3,3.4
Punjab,Khanna,Wheat,Rabi,1.9104363686998598,19.0,100.9,3.93
Haryana,Khanna,Wheat,Rabi,2.4480867561393094,20.2,167.8,3.54
Punjab,Samrala,Wheat,Rabi,34.55854866131552,20.1,171.3,3.24
Haryana,Bathinda,Cotton,Kharif,21.915229059079927,34.3,485.5,2.0
Haryana,Amritsar,Cotton,Kharif,1.165815342124894,31.1,693.9,2.46
Punjab,Phagwara,Wheat,Rabi,11.176057769596225,20.4,105.3,3.73
Punjab,Patiala,Wheat,Rabi,7.198057006692457,18.0,139.8,4.42
Punjab,Malerkotla,Rice (Paddy),Kharif,22.41417972883497,23.3,730.7,2.96
Punjab,Bathinda,Cotton,Kharif,6.5237960743469205,32.7,506.2,2.13
Punjab,Amritsar,Maize,Kharif,49.19116708418897,22.6,513.3,2.65
Haryana,Amritsar,Maize,Kharif,34.10034867339725,24.5,629.9,2.71
Punjab,Khanna,Wheat,Rabi,38.33617910557518,19.2,139.5,4.08
Punjab,Samrala,Wheat,Rabi,12.840259455791507,13.9,138.9,3.02
Haryana,Jalandhar,Rice (Paddy),Kharif,23.208358261250012,33.6,1121.4,3.91
Haryana,Phagwara,Cotton,Kharif,9.20899392690955,36.9,437.3,1.47
Punjab,Jalandhar,Maize,Kharif,37.70139465817543,28.4,358.7,3.0
Haryana,Malerkotla,Maize,Kharif,38.79762924729116,27.1,701.4,3.34
Haryana,Phagwara,Maize,Kharif,4.640628373560778,25.8,310.9,2.75
Punjab,Khanna,Wheat,Rabi,18.582601738804794,19.9,164.9,3.62
Punjab,Khanna,Cotton,Kharif,33.36079697907325,31.6,499.0,2.28
Punjab,Patiala,Sugarcane,Kharif,16.616491052382663,27.8,1104.2,75.68
Punjab,Phagwara,Sugarcane,Kharif,18.14036111429726,30.1,866.2,74.56
Punjab,Jalandhar,Maize,Kharif,15.99382402910459,25.1,334.6,2.97
Punjab,Phagwara,Sugarcane,Kharif,14.392646677899942,22.6,1166.2,83.74
Haryana,Patiala,Sugarcane,Kharif,46.74455326853393,30.3,1347.6,85.1
Punjab,Bathinda,Sugarcane,Kharif,33.041971625394005,28.7,903.6,67.85
Punjab,Samrala,Wheat,Rabi,35.82283460313668,16.5,72.1,3.53
Punjab,Jalandhar,Wheat,Rabi,36.811736886087864,18.4,145.6,3.62
Haryana,Amritsar,Sugarcane,Kharif,8.599619272174765,26.1,1185.2,78.61
Punjab,Malerkotla,Cotton,Kharif,7.1004096403936225,29.0,519.9,1.67
Punjab,Malerkotla,Cotton,Kharif,5.294476562657266,28.7,454.5,1.6
Haryana,Jalandhar,Sugarcane,Kharif,49.10901841535914,27.4,928.1,70.84
Haryana,Amritsar,Cotton,Kharif,9.565586794984121,30.9,424.3,2.02
Haryana,Jalandhar,Maize,Kharif,30.073839202235114,29.8,471.7,2.94
Haryana,Khanna,Wheat,Rabi,40.7931224043404,18.7,125.8,3.74
Haryana,Jalandhar,Cotton,Kharif,19.54656178278376,30.5,524.0,2.04
Punjab,Ludhiana,Rice (Paddy),Kharif,30.682819994496313,31.0,637.1,4.37
Punjab,Samrala,Sugarcane,Kharif,25.60427669349562,25.1,1120.8,76.64
Punjab,Samrala,Maize,Kharif,46.08898674765347,29.4,455.2,2.92
Haryana,Bathinda,Sugarcane,Kharif,21.654016044439416,25.4,975.7,72.85
Punjab,Patiala,Wheat,Rabi,17.638933567457368,14.3,189.5,2.92
Haryana,Ludhiana,Maize,Kharif,38.20685486034169,28.2,502.4,3.32
Punjab,Khanna,Rice (Paddy),Kharif,37.1899808931098,33.4,874.8,4.41
Haryana,Ludhiana,Wheat,Rabi,33.41444480873848,15.4,104.8,3.46
Punjab,Khanna,Wheat,Rabi,2.3095007080135654,15.6,167.9,3.19
Haryana,Ludhiana,Wheat,Rabi,17.682863041829975,17.6,137.8,3.67
Haryana,Malerkotla,Rice (Paddy),Kharif,4.595541097445023,27.6,834.8,4.24
Haryana,Khanna,Cotton,Kharif,10.889160801690382,34.0,347.6,1.76
Punjab,Patiala,Maize,Kharif,37.275336232218145,29.2,427.2,3.09
Punjab,Malerkotla,Maize,Kharif,45.73120551591216,24.3,574.5,3.08
Haryana,Amritsar,Maize,Kharif,35.94756667571924,32.2,438.2,2.48
Haryana,Amritsar,Sugarcane,Kharif,15.486065269745188,27.9,746.8,79.42
Punjab,Malerkotla,Rice (Paddy),Kharif,48.30207388713906,26.3,738.5,3.82
Haryana,Phagwara,Wheat,Rabi,25.478545640811255,16.7,157.0,3.76
Haryana,Ludhiana,Sugarcane,Kharif,47.415145958606864,24.7,925.1,66.19
Haryana,Patiala,Wheat,Rabi,44.33841630246514,20.1,169.1,3.85
Punjab,Samrala,Sugarcane,Kharif,36.84096477472629,22.8,985.7,77.61
Punjab,Phagwara,Sugarcane,Kharif,25.450713568147997,31.3,1423.1,83.16
Punjab,Ludhiana,Cotton,Kharif,47.60522458110151,31.2,356.8,2.0
Punjab,Khanna,Cotton,Kharif,9.722781413854786,32.5,546.4,2.3
Haryana,Amritsar,Wheat,Rabi,11.60957957951525,20.1,167.4,3.62
Punjab,Samrala,Sugarcane,Kharif,12.43181209035628,26.2,844.0,85.2
Haryana,Doraha,Sugarcane,Kharif,32.533238436000815,35.9,837.5,76.0
Punjab,Amritsar,Rice (Paddy),Kharif,23.358682447737234,29.2,654.9,3.65
Haryana,Khanna,Cotton,Kharif,21.359325831305103,32.0,393.4,2.15
Haryana,Jalandhar,Rice (Paddy),Kharif,27.043695240639327,31.9,882.5,3.94
Punjab,Bathinda,Sugarcane,Kharif,42.96489795407358,28.4,1005.7,73.82
Punjab,Jalandhar,Sugarcane,Kharif,24.888286196902634,34.5,1117.1,68.57
Haryana,Jalandhar,Sugarcane,Kharif,11.81447250699438,26.0,1154.6,65.7
Haryana,Phagwara,Sugarcane,Kharif,37.976467355514714,31.9,1364.9,77.2
Haryana,Ludhiana,Sugarcane,Kharif,9.829475958093841,30.9,1172.3,73.05
Punjab,Jalandhar,Wheat,Rabi,1.7010669999174994,19.8,161.9,3.6
Haryana,Doraha,Wheat,Rabi,46.94913602487568,15.7,176.8,3.51
Punjab,Samrala,Maize,Kharif,12.442081071069966,24.9,378.0,3.18
Haryana,Malerkotla,Maize,Kharif,4.444093087466015,19.8,553.8,2.95
Haryana,Amritsar,Wheat,Rabi,30.097663831641967,16.2,159.2,3.49
Haryana,Phagwara,Cotton,Kharif,38.54535144798212,30.6,237.0,2.08
Punjab,Jalandhar,Maize,Kharif,42.319714551739395,25.8,652.4,3.5
Haryana,Malerkotla,Rice (Paddy),Kharif,5.85572606775915,31.2,930.1,4.41
Punjab,Samrala,Wheat,Rabi,45.665903366953486,18.5,175.1,3.29
Haryana,Bathinda,Rice (Paddy),Kharif,40.9466480908268,27.9,714.0,4.37
Haryana,Phagwara,Rice (Paddy),Kharif,41.82634941734668,24.8,805.7,3.35
Punjab,Khanna,Rice (Paddy),Kharif,35.264464971434116,30.1,752.8,4.2
Haryana,Doraha,Cotton,Kharif,12.9542105895096,31.0,483.5,2.37
Punjab,Phagwara,Sugarcane,Kharif,38.50746391509633,26.7,1293.3,85.97
Punjab,Malerkotla,Wheat,Rabi,45.87702935044375,17.8,121.9,3.8
Punjab,Ludhiana,Wheat,Rabi,1.2018710522408234,15.2,191.3,3.65
Haryana,Doraha,Rice (Paddy),Kharif,23.558662895872896,34.0,565.0,3.49
Punjab,Amritsar,Rice (Paddy),Kharif,49.494950521539586,27.7,597.1,3.36
Haryana,Jalandhar,Sugarcane,Kharif,21.393195385751092,22.8,612.7,79.1
Haryana,Khanna,Rice (Paddy),Kharif,24.017845319672613,25.6,1017.6,4.17
Haryana,Patiala,Wheat,Rabi,31.5119688883788,15.9,169.8,3.47
Punjab,Jalandhar,Cotton,Kharif,14.340338939800521,32.8,535.7,2.07
Haryana,Patiala,Sugarcane,Kharif,31.530480636723436,27.5,1095.3,72.42
Haryana,Patiala,Maize,Kharif,6.5417592767166335,25.0,701.8,3.73
Haryana,Malerkotla,Cotton,Kharif,12.994193768377336,32.1,686.1,2.32
Haryana,Phagwara,Maize,Kharif,22.221630721496663,30.4,426.6,3.53
Haryana,Khanna,Sugarcane,Kharif,32.04290714158796,30.4,964.7,80.5
Punjab,Doraha,Cotton,Kharif,15.53018703838581,32.2,439.0,2.5
Punjab,Samrala,Wheat,Rabi,33.85516633231961,16.3,122.2,3.74
Haryana,Ludhiana,Wheat,Rabi,48.46891867969735,20.1,137.8,4.0
Haryana,Bathinda,Rice (Paddy),Kharif,23.419814226353232,24.8,642.1,3.16
Punjab,Bathinda,Maize,Kharif,45.26931636783286,31.8,508.3,3.19
Haryana,Ludhiana,Rice (Paddy),Kharif,10.810583857140587,29.3,1001.4,4.93
Haryana,Doraha,Maize,Kharif,39.585370602495615,26.0,671.8,3.26
Haryana,Bathinda,Cotton,Kharif,41.68098076698665,33.3,606.4,2.11
Punjab,Ludhiana,Rice (Paddy),Kharif,45.10066265013147,28.8,872.3,3.22
Haryana,Amritsar,Sugarcane,Kharif,48.70538853026676,29.5,780.5,66.98
Punjab,Malerkotla,Maize,Kharif,49.72707878081326,28.1,406.5,3.19
Punjab,Amritsar,Cotton,Kharif,34.92818598807671,31.9,263.7,1.92
Punjab,Phagwara,Sugarcane,Kharif,33.63871467013815,23.1,1071.8,73.45
Punjab,Amritsar,Cotton,Kharif,11.091483591142657,30.3,425.4,2.37
Haryana,Bathinda,Sugarcane,Kharif,15.158724710873768,32.2,859.6,73.53
Punjab,Jalandhar,Sugarcane,Kharif,36.66310191902616,27.9,878.0,60.94
Punjab,Patiala,Sugarcane,Kharif,36.475350748713765,32.3,1278.0,78.23
Punjab,Phagwara,Maize,Kharif,34.350572491734084,27.8,374.2,2.87
Punjab,Jalandhar,Cotton,Kharif,26.51753312480961,33.3,459.1,2.23
Punjab,Patiala,Maize,Kharif,7.824645184068757,25.0,362.7,3.22
Haryana,Malerkotla,Rice (Paddy),Kharif,4.446208351537541,37.3,781.4,3.88
Haryana,Jalandhar,Cotton,Kharif,9.173812839361418,26.9,436.1,1.23
Haryana,Doraha,Rice (Paddy),Kharif,34.045438865229976,28.8,927.8,3.99
Haryana,Khanna,Maize,Kharif,18.845540363302316,28.6,467.9,2.63
Haryana,Phagwara,Wheat,Rabi,5.586292500206058,21.2,179.8,3.61
Haryana,Ludhiana,Cotton,Kharif,47.50725636490392,30.1,579.3,2.04
Punjab,Jalandhar,Wheat,Rabi,7.584111080709158,16.2,113.2,3.24
Haryana,Patiala,Cotton,Kharif,41.71612842660404,31.7,404.9,2.04
Haryana,Phagwara,Sugarcane,Kharif,26.566065441033622,30.0,953.8,67.94
Haryana,Bathinda,Maize,Kharif,24.854641968933645,26.4,471.1,3.07
Haryana,Bathinda,Rice (Paddy),Kharif,23.54059275695469,28.3,753.6,3.91
Punjab,Ludhiana,Cotton,Kharif,15.07006926763844,32.3,383.8,1.95
Punjab,Phagwara,Rice (Paddy),Kharif,29.074475211173496,36.8,578.5,2.84
Punjab,Bathinda,Cotton,Kharif,29.522700681844547,31.0,542.5,1.78
Haryana,Patiala,Cotton,Kharif,49.14680276603824,33.6,504.0,2.07
Punjab,Jalandhar,Rice (Paddy),Kharif,39.81957219496917,30.8,831.8,4.65
Punjab,Jalandhar,Maize,Kharif,13.514471334057815,28.8,200.9,2.82
Haryana,Samrala,Sugarcane,Kharif,20.840967955071477,34.4,781.9,83.28
Haryana,Phagwara,Maize,Kharif,28.218011429506614,24.7,703.9,3.66
Haryana,Phagwara,Wheat,Rabi,11.443017205172362,19.1,206.8,3.89
Punjab,Malerkotla,Maize,Kharif,1.53892165245253,29.9,547.4,3.09
Punjab,Malerkotla,Rice (Paddy),Kharif,37.389079860508524,27.1,597.5,3.57
Haryana,Malerkotla,Rice (Paddy),Kharif,19.47707552036442,34.1,781.9,3.71
Punjab,Amritsar,Maize,Kharif,46.63760624427672,35.0,315.6,2.27
Haryana,Patiala,Wheat,Rabi,42.28873274426902,17.5,196.1,3.88
Punjab,Malerkotla,Cotton,Kharif,44.81059490426287,30.7,501.8,1.94
Punjab,Jalandhar,Wheat,Rabi,6.075844076969428,16.5,166.1,3.56
Haryana,Malerkotla,Cotton,Kharif,25.01500201792307,29.9,594.4,2.15
Haryana,Khanna,Sugarcane,Kharif,35.66840018200478,24.1,1484.3,81.24
Haryana,Patiala,Rice (Paddy),Kharif,18.145673702778414,33.3,768.9,3.52
Punjab,Patiala,Wheat,Rabi,5.139137631551323,15.1,135.8,3.3
Haryana,Patiala,Rice (Paddy),Kharif,13.247113146309408,26.0,898.2,3.98
Punjab,Amritsar,Rice (Paddy),Kharif,20.874214311354514,31.0,802.9,3.44
Haryana,Amritsar,Cotton,Kharif,43.994975698897825,35.0,571.0,1.74
Punjab,Amritsar,Maize,Kharif,49.9003486905814,18.2,709.1,3.31
Punjab,Amritsar,Cotton,Kharif,14.627451123793465,32.9,464.2,1.97
Punjab,Ludhiana,Sugarcane,Kharif,43.71521530769607,24.7,1060.9,78.44
Haryana,Phagwara,Cotton,Kharif,30.195909948135398,32.7,471.4,1.86
Punjab,Malerkotla,Rice (Paddy),Kharif,44.22366867251362,29.3,657.0,4.27
Haryana,Patiala,Rice (Paddy),Kharif,17.456643536410226,30.2,897.6,4.6
Haryana,Malerkotla,Cotton,Kharif,6.493397555232562,32.0,382.0,2.0
Haryana,Samrala,Rice (Paddy),Kharif,36.26656594443472,31.2,782.4,4.04
Punjab,Patiala,Sugarcane,Kharif,17.284687440743845,26.6,809.9,70.85
Haryana,Khanna,Maize,Kharif,45.78591062594605,27.1,657.0,3.44
Haryana,Ludhiana,Sugarcane,Kharif,4.690682084683154,28.2,1070.3,79.18
Punjab,Bathinda,Sugarcane,Kharif,26.351628989219073,35.6,1086.7,72.45
Punjab,Ludhiana,Wheat,Rabi,49.4261408783414,18.7,158.9,4.49
Haryana,Amritsar,Rice (Paddy),Kharif,8.08666882136297,28.6,754.9,4.3
Haryana,Doraha,Wheat,Rabi,23.29302355394423,18.2,141.2,4.49
Haryana,Jalandhar,Rice (Paddy),Kharif,2.524887139459171,34.5,675.1,3.78
Punjab,Doraha,Maize,Kharif,21.47818807581713,25.9,416.3,3.14
Punjab,Malerkotla,Maize,Kharif,1.4694697398472518,31.3,593.1,3.22
Haryana,Ludhiana,Wheat,Rabi,26.5463447841543,18.6,93.4,3.57
Punjab,Bathinda,Cotton,Kharif,19.393383077178868,31.8,597.5,2.28
Haryana,Phagwara,Maize,Kharif,8.670983071464928,29.5,508.9,2.88
Haryana,Ludhiana,Cotton,Kharif,15.701293867779889,30.6,551.3,2.12
Haryana,Khanna,Rice (Paddy),Kharif,2.8239115693803645,30.8,856.9,4.3
Punjab,Khanna,Maize,Kharif,41.93433432752981,30.3,366.1,2.79
Punjab,Patiala,Rice (Paddy),Kharif,17.790470520865707,26.4,878.9,3.93
Haryana,Ludhiana,Rice (Paddy),Kharif,29.345075227672478,30.4,792.7,3.85
Haryana,Phagwara,Rice (Paddy),Kharif,2.145501194376764,33.7,738.3,4.27
Punjab,Samrala,Cotton,Kharif,22.26655915422081,33.8,404.1,1.78
Punjab,Patiala,Cotton,Kharif,1.5927572870786508,35.7,195.7,1.75
Punjab,Ludhiana,Sugarcane,Kharif,30.96927625495399,25.4,1079.9,78.5
Punjab,Ludhiana,Rice (Paddy),Kharif,12.604077811539895,31.2,990.5,4.2
Haryana,Jalandhar,Maize,Kharif,49.708741881637565,29.5,518.8,3.13
Haryana,Bathinda,Cotton,Kharif,6.709678327046955,31.9,378.3,1.95
Haryana,Amritsar,Cotton,Kharif,26.026927239190663,30.5,668.2,2.14
Haryana,Malerkotla,Wheat,Rabi,27.22672750882194,16.9,171.7,3.52
Punjab,Khanna,Rice (Paddy),Kharif,26.198108599860074,28.2,796.7,3.79
Punjab,Patiala,Cotton,Kharif,37.18282996090128,29.5,296.8,1.64
Punjab,Amritsar,Cotton,Kharif,40.501250237619054,34.7,639.3,1.82
Haryana,Malerkotla,Maize,Kharif,3.1412864821259032,23.8,691.5,3.41
Haryana,Jalandhar,Wheat,Rabi,1.8185985036667298,18.8,125.7,3.26
Haryana,Patiala,Wheat,Rabi,16.875715601736466,19.2,192.2,3.84
Haryana,Amritsar,Maize,Kharif,18.0361569924105,30.3,501.9,3.12
Haryana,Doraha,Sugarcane,Kharif,42.174898037328845,28.7,1131.9,81.03
Haryana,Jalandhar,Maize,Kharif,15.747800255110047,29.7,409.7,3.16
Haryana,Malerkotla,Cotton,Kharif,28.621957305147248,29.6,468.1,2.07
Punjab,Khanna,Maize,Kharif,29.63763174289116,25.4,532.1,2.94
Haryana,Samrala,Wheat,Rabi,29.553216404518086,17.6,171.7,4.01
Punjab,Malerkotla,Sugarcane,Kharif,48.04090248326692,30.2,922.1,76.48
Haryana,Bathinda,Rice (Paddy),Kharif,34.821928074492995,27.3,866.9,3.95
Punjab,Malerkotla,Rice (Paddy),Kharif,16.294800791500304,30.2,809.7,4.92
Haryana,Patiala,Wheat,Rabi,41.927100495389574,17.6,63.4,4.08
Punjab,Ludhiana,Wheat,Rabi,47.5012345469659,15.0,142.1,3.58
Punjab,Samrala,Rice (Paddy),Kharif,13.13054127745151,31.9,524.9,3.96
Haryana,Amritsar,Maize,Kharif,43.966779131197306,27.0,361.3,3.19
Haryana,Amritsar,Sugarcane,Kharif,29.93142675816683,27.9,1303.4,75.6
Haryana,Doraha,Wheat,Rabi,11.168976635227308,19.4,176.1,3.57
Haryana,Jalandhar,Rice (Paddy),Kharif,16.29724810184272,27.3,984.3,3.7
Haryana,Jalandhar,Sugarcane,Kharif,21.303057313149704,20.1,1022.2,74.22
Haryana,Patiala,Maize,Kharif,3.1564172539507984,27.6,555.7,3.56
Haryana,Phagwara,Wheat,Rabi,24.85531512589351,19.2,206.0,3.65
Punjab,Khanna,Rice (Paddy),Kharif,48.060295169192905,27.3,725.4,3.39
Punjab,Patiala,Maize,Kharif,27.011959552586962,29.8,503.3,3.01
Haryana,Patiala,Wheat,Rabi,33.45346069766421,18.1,183.2,3.78
Punjab,Malerkotla,Wheat,Rabi,3.6479400250472147,20.2,125.0,3.32
Punjab,Patiala,Cotton,Kharif,28.753072249274247,33.2,246.6,1.79
Punjab,Bathinda,Rice (Paddy),Kharif,30.502476957021543,28.3,868.4,3.88
Punjab,Doraha,Sugarcane,Kharif,1.9119398014517106,24.1,972.1,66.88
Haryana,Patiala,Rice (Paddy),Kharif,33.83796629942483,32.8,906.1,4.12
Punjab,Malerkotla,Sugarcane,Kharif,28.252333334437918,34.4,628.5,63.05
Haryana,Patiala,Wheat,Rabi,9.278755891068299,16.4,155.1,3.02
Punjab,Amritsar,Sugarcane,Kharif,26.488790693027518,27.6,1199.7,72.85
Haryana,Bathinda,Rice (Paddy),Kharif,42.06651910864062,32.5,589.0,4.09
Punjab,Samrala,Wheat,Rabi,5.621880735936839,18.5,142.4,3.8
Punjab,Jalandhar,Wheat,Rabi,36.93050909586487,19.3,138.3,3.96
Haryana,Khanna,Rice (Paddy),Kharif,19.387978911043707,31.7,934.8,3.89
Punjab,Phagwara,Maize,Kharif,24.76758073667816,25.8,441.7,3.15
Punjab,Khanna,Wheat,Rabi,18.60392496155428,18.3,189.9,4.11
Punjab,Patiala,Cotton,Kharif,41.3839644066893,31.2,468.9,1.97
Haryana,Amritsar,Maize,Kharif,25.852402512888435,29.4,926.8,2.91
Haryana,Khanna,Rice (Paddy),Kharif,7.117282490630929,33.0,1013.5,4.4
Punjab,Bathinda,Wheat,Rabi,25.3833832009077,16.6,188.4,3.62
Punjab,Doraha,Cotton,Kharif,37.56357211567943,32.2,479.6,2.18
Punjab,Doraha,Wheat,Rabi,29.0990493250995,15.2,269.2,3.59
Punjab,Khanna,Rice (Paddy),Kharif,44.83639318433529,31.6,731.4,4.17
Haryana,Amritsar,Sugarcane,Kharif,36.56737083049716,24.7,1018.4,78.93
Haryana,Doraha,Maize,Kharif,21.301613862364988,25.8,407.3,2.91
Punjab,Patiala,Rice (Paddy),Kharif,40.1883723485692,28.6,909.8,4.12
Haryana,Jalandhar,Cotton,Kharif,8.030484217534802,31.8,308.2,2.06
Haryana,Doraha,Wheat,Rabi,42.680705595867046,20.5,112.3,3.56
Haryana,Doraha,Maize,Kharif,46.019462641017086,30.3,515.8,3.04
Punjab,Amritsar,Sugarcane,Kharif,29.811503053772775,29.4,888.4,77.35
Haryana,Samrala,Wheat,Rabi,39.19996370436965,19.7,70.5,3.02
Punjab,Amritsar,Maize,Kharif,12.796482801597573,29.6,554.2,3.01
Punjab,Ludhiana,Wheat,Rabi,9.584694857669902,15.6,184.5,3.94
Punjab,Phagwara,Maize,Kharif,35.7277611117163,25.6,319.8,2.99
Punjab,Phagwara,Maize,Kharif,24.049421289354644,28.4,361.5,2.72
Haryana,Jalandhar,Cotton,Kharif,11.820788202998664,33.0,468.3,2.0
Haryana,Malerkotla,Wheat,Rabi,44.87065821250404,18.6,180.1,3.74
Haryana,Patiala,Wheat,Rabi,46.295948915132406,16.9,157.3,4.04
Punjab,Phagwara,Maize,Kharif,43.62957707681514,30.1,422.5,2.86
Haryana,Jalandhar,Sugarcane,Kharif,10.506088906345438,24.3,973.1,78.83
Punjab,Malerkotla,Rice (Paddy),Kharif,34.0383714849577,32.3,938.0,4.01
Haryana,Malerkotla,Wheat,Rabi,9.753741590359557,17.4,129.1,3.88
Haryana,Doraha,Rice (Paddy),Kharif,25.359409370726425,26.0,656.3,3.78
Punjab,Amritsar,Wheat,Rabi,31.525817913557646,19.8,107.5,3.47
Haryana,Samrala,Wheat,Rabi,16.675246681780642,16.1,132.0,3.72
Haryana,Amritsar,Rice (Paddy),Kharif,45.386174314972905,34.6,709.5,3.76
Punjab,Patiala,Rice (Paddy),Kharif,44.65494674768025,28.7,755.6,4.45
Haryana,Malerkotla,Rice (Paddy),Kharif,9.826714329478106,31.1,820.3,3.75
Punjab,Malerkotla,Rice (Paddy),Kharif,49.90979851252672,26.3,676.6,4.03
Punjab,Khanna,Wheat,Rabi,18.88374240042586,16.9,151.7,3.78
Haryana,Patiala,Maize,Kharif,11.59656748216967,28.4,542.5,3.45
Punjab,Samrala,Sugarcane,Kharif,25.16752733618409,33.8,933.0,68.44
Punjab,Phagwara,Maize,Kharif,25.78620226049389,29.2,418.8,3.11
Punjab,Jalandhar,Cotton,Kharif,31.349094871505546,28.3,444.5,2.04
Punjab,Phagwara,Cotton,Kharif,24.013969795861843,28.9,371.4,1.47
Haryana,Malerkotla,Cotton,Kharif,32.17905635839547,31.4,494.9,2.03
Haryana,Malerkotla,Rice (Paddy),Kharif,37.80216947348915,31.1,629.9,3.66
Punjab,Phagwara,Sugarcane,Kharif,20.209325747869876,28.2,785.4,70.6
Haryana,Samrala,Wheat,Rabi,49.87762267057866,20.8,97.7,2.89
Haryana,Bathinda,Maize,Kharif,26.503687305136868,29.3,557.0,3.3
Punjab,Khanna,Rice (Paddy),Kharif,18.380484148086243,29.0,582.4,3.53
Haryana,Ludhiana,Cotton,Kharif,43.65343852822047,35.6,534.7,1.62
Punjab,Patiala,Sugarcane,Kharif,19.960346646339808,33.2,1184.7,66.82
Punjab,Amritsar,Rice (Paddy),Kharif,8.893128098938465,29.0,904.0,4.03
Haryana,Patiala,Sugarcane,Kharif,30.70620525290673,33.9,1251.0,77.01
Haryana,Patiala,Wheat,Rabi,1.1308786750155018,17.4,116.2,3.13
Punjab,Phagwara,Rice (Paddy),Kharif,13.764816013751364,27.2,681.0,3.46
Punjab,Jalandhar,Sugarcane,Kharif,4.43134448649318,22.9,718.0,59.57
Punjab,Khanna,Maize,Kharif,41.587986058544544,24.8,618.5,3.14
Punjab,Bathinda,Cotton,Kharif,3.2040757495298946,28.9,560.3,2.02
Punjab,Jalandhar,Sugarcane,Kharif,36.50161909036727,23.9,1102.4,73.09
Punjab,Patiala,Maize,Kharif,21.02179885606549,31.9,576.3,3.24
Haryana,Bathinda,Sugarcane,Kharif,23.963428530594094,30.0,1208.2,92.05
Haryana,Ludhiana,Cotton,Kharif,33.083363896806276,29.4,569.2,1.91
Punjab,Jalandhar,Maize,Kharif,3.8978311887640205,30.4,292.6,2.68
Haryana,Amritsar,Cotton,Kharif,5.986524031016911,32.0,488.3,2.33
Punjab,Doraha,Sugarcane,Kharif,35.08001334645547,26.5,886.4,74.42
Punjab,Bathinda,Maize,Kharif,12.930641353685225,27.4,311.5,2.92
Punjab,Ludhiana,Cotton,Kharif,7.1743129450500165,35.2,413.1,1.84
Haryana,Phagwara,Rice (Paddy),Kharif,39.991613181686,25.5,738.7,3.64
Punjab,Ludhiana,Sugarcane,Kharif,45.754453679209625,23.6,989.5,73.91
Haryana,Bathinda,Maize,Kharif,11.684904953889086,31.0,457.5,2.69
Haryana,Ludhiana,Cotton,Kharif,7.7696141076741965,34.2,602.9,2.21
Haryana,Ludhiana,Rice (Paddy),Kharif,34.71635722938601,32.9,828.9,4.29
Punjab,Doraha,Wheat,Rabi,22.001037747663396,17.1,209.1,4.3
Haryana,Malerkotla,Rice (Paddy),Kharif,35.37100776124636,29.5,1014.6,4.28
Haryana,Malerkotla,Maize,Kharif,14.038708528067863,26.0,467.1,3.58
Haryana,Ludhiana,Sugarcane,Kharif,26.166418553218843,27.4,682.7,74.49
Haryana,Phagwara,Rice (Paddy),Kharif,47.38614551340638,25.5,603.8,3.15
Haryana,Doraha,Wheat,Rabi,22.507567235565247,19.9,122.0,3.54
Haryana,Bathinda,Rice (Paddy),Kharif,39.901315606501846,31.7,789.1,4.21
Punjab,Phagwara,Cotton,Kharif,49.05639353603468,31.9,450.0,2.02
Punjab,Malerkotla,Maize,Kharif,28.706693942240797,23.4,898.1,3.53
Punjab,Phagwara,Sugarcane,Kharif,5.743790773162013,21.5,1300.0,81.04
Punjab,Malerkotla,Cotton,Kharif,3.709733630089071,34.4,441.0,1.94
Haryana,Ludhiana,Maize,Kharif,29.670993927800563,28.1,501.5,3.16
Haryana,Amritsar,Maize,Kharif,36.65373723797944,26.1,463.2,2.96
Haryana,Phagwara,Cotton,Kharif,36.24429388564651,36.2,519.9,1.41
Punjab,Khanna,Cotton,Kharif,19.54346631437403,31.9,446.3,2.08
Punjab,Patiala,Sugarcane,Kharif,32.529762662197705,30.3,1163.2,73.72
Punjab,Amritsar,Rice (Paddy),Kharif,36.24680513643129,30.3,869.2,4.22
Punjab,Malerkotla,Maize,Kharif,31.578863696090085,25.8,460.6,3.2
Haryana,Bathinda,Wheat,Rabi,13.281414790579081,17.2,176.4,4.3
Punjab,Jalandhar,Maize,Kharif,40.21257728591808,28.2,700.6,3.17
Punjab,Malerkotla,Sugarcane,Kharif,44.98036208442203,29.4,794.4,74.97
Haryana,Amritsar,Sugarcane,Kharif,48.742945423887036,24.6,962.5,72.67
Punjab,Khanna,Rice (Paddy),Kharif,42.0216035983349,30.2,780.1,3.31
Punjab,Doraha,Rice (Paddy),Kharif,7.450390178034736,26.7,802.5,3.52
Haryana,Amritsar,Wheat,Rabi,7.078131462483851,19.7,150.7,3.41
Punjab,Phagwara,Sugarcane,Kharif,29.90424009493451,28.3,901.6,68.59
Haryana,Patiala,Cotton,Kharif,31.87358434318651,33.6,432.2,1.72
Haryana,Bathinda,Sugarcane,Kharif,15.01737817262681,25.5,1055.7,84.1
Punjab,Malerkotla,Cotton,Kharif,6.721551631196421,29.2,402.9,1.86
Haryana,Khanna,Maize,Kharif,1.1972059682475689,22.8,355.7,3.16
Punjab,Phagwara,Rice (Paddy),Kharif,17.104591424166816,31.9,794.3,4.42
Punjab,Malerkotla,Maize,Kharif,46.19383001245478,23.2,402.3,2.85
Haryana,Doraha,Wheat,Rabi,12.267911831042285,16.2,139.4,3.17
Punjab,Jalandhar,Maize,Kharif,2.0012251375047256,28.4,604.4,3.49
Haryana,Jalandhar,Cotton,Kharif,14.650673469506216,31.7,615.2,2.35
Haryana,Jalandhar,Cotton,Kharif,47.263394552408045,33.3,378.9,2.3
Haryana,Ludhiana,Cotton,Kharif,31.931040317319336,32.8,501.1,2.18
Haryana,Samrala,Sugarcane,Kharif,3.192858740486572,30.5,553.5,68.79
Punjab,Malerkotla,Cotton,Kharif,14.328149740628266,32.5,605.1,1.84
Punjab,Patiala,Cotton,Kharif,41.2359642180353,28.9,514.0,2.06
Punjab,Ludhiana,Maize,Kharif,31.11141530406764,27.5,398.8,2.91
Punjab,Ludhiana,Maize,Kharif,42.608990437037406,27.3,503.3,2.95
Punjab,Malerkotla,Rice (Paddy),Kharif,37.77759183083511,29.6,646.1,4.03
Haryana,Doraha,Maize,Kharif,18.81973755842148,23.6,583.6,2.9
Haryana,Samrala,Maize,Kharif,28.432003339825897,25.6,273.8,2.96
Haryana,Patiala,Wheat,Rabi,37.943917206592914,16.2,194.6,3.65
Haryana,Jalandhar,Rice (Paddy),Kharif,7.241425593864699,32.9,670.6,4.11
Punjab,Bathinda,Sugarcane,Kharif,17.13506171816207,28.7,1270.3,74.15
Punjab,Phagwara,Sugarcane,Kharif,2.729810471189413,30.1,1249.5,68.72
Haryana,Phagwara,Sugarcane,Kharif,17.23009929845321,29.6,600.5,61.27
Punjab,Patiala,Maize,Kharif,31.14104119292924,28.6,584.9,3.42
Punjab,Khanna,Maize,Kharif,47.60571527564753,32.7,481.6,2.72
Haryana,Doraha,Maize,Kharif,20.33160713227684,30.4,290.1,2.89
Punjab,Doraha,Rice (Paddy),Kharif,45.529084029731116,28.4,759.7,4.06
Haryana,Amritsar,Maize,Kharif,49.39726044529305,28.3,668.3,3.34
Punjab,Khanna,Sugarcane,Kharif,5.6140266337886615,29.4,1043.0,73.77
Haryana,Bathinda,Maize,Kharif,12.480698246962335,25.9,562.7,3.18
Haryana,Malerkotla,Sugarcane,Kharif,48.45212864586641,27.4,1186.7,82.08
Haryana,Phagwara,Rice (Paddy),Kharif,46.9998089397051,29.1,843.4,4.14
Punjab,Jalandhar,Sugarcane,Kharif,12.85234775115659,24.9,706.3,71.26
Haryana,Malerkotla,Sugarcane,Kharif,12.509618132619185,26.7,934.0,78.57
Haryana,Malerkotla,Rice (Paddy),Kharif,4.9785349501958915,30.4,974.0,4.63
Punjab,Khanna,Maize,Kharif,41.84264866686888,24.2,480.7,2.95
Haryana,Bathinda,Maize,Kharif,3.4883983226008155,26.0,330.2,3.52
Haryana,Doraha,Rice (Paddy),Kharif,17.389549798078775,34.2,913.7,4.47
Punjab,Bathinda,Rice (Paddy),Kharif,37.181216099021,30.4,517.3,3.56
Punjab,Bathinda,Maize,Kharif,48.87168497355044,29.2,413.3,2.67
Haryana,Samrala,Rice (Paddy),Kharif,28.56129143704276,31.2,565.9,4.01
Haryana,Patiala,Maize,Kharif,2.0751319122806358,30.2,348.9,2.92
Punjab,Patiala,Sugarcane,Kharif,43.44271816060757,34.2,890.7,69.02
Punjab,Jalandhar,Rice (Paddy),Kharif,4.012887547442741,28.3,859.8,4.49
Haryana,Khanna,Sugarcane,Kharif,45.93418836651402,30.1,1102.9,73.11
Haryana,Phagwara,Maize,Kharif,43.51675498187596,28.0,484.9,2.9
Punjab,Bathinda,Sugarcane,Kharif,47.107266102972,26.2,962.5,76.76
Punjab,Doraha,Wheat,Rabi,18.877212000675403,20.5,146.9,3.37
Haryana,Phagwara,Wheat,Rabi,36.02513177892168,16.7,183.3,3.31
Punjab,Ludhiana,Cotton,Kharif,6.047689877764485,32.6,562.5,2.31
Haryana,Phagwara,Cotton,Kharif,29.105228299848786,33.0,205.0,1.99
Punjab,Phagwara,Rice (Paddy),Kharif,16.17330611029039,32.3,606.8,3.67
Punjab,Jalandhar,Wheat,Rabi,37.41073060435112,18.1,204.4,4.24
Haryana,Patiala,Cotton,Kharif,23.374820468405936,31.4,688.8,2.37
Punjab,Samrala,Cotton,Kharif,27.572216811556977,30.1,383.3,1.76
Haryana,Jalandhar,Sugarcane,Kharif,26.36649897397365,25.7,1152.5,72.26
Punjab,Samrala,Wheat,Rabi,34.286550917178054,18.4,74.4,3.64
Haryana,Jalandhar,Rice (Paddy),Kharif,45.33372026967562,26.3,767.8,3.72
Punjab,Ludhiana,Maize,Kharif,49.92773053649004,26.4,441.8,3.03
Haryana,Jalandhar,Wheat,Rabi,38.94365892289782,20.6,70.6,3.27
Haryana,Patiala,Sugarcane,Kharif,20.525041998083914,27.0,1215.4,76.46
Haryana,Jalandhar,Maize,Kharif,10.001759887020201,23.8,559.1,3.47
Punjab,Phagwara,Wheat,Rabi,37.552277526434715,16.5,149.8,3.59
Punjab,Jalandhar,Sugarcane,Kharif,11.346863028174868,28.5,549.1,72.27
Punjab,Doraha,Maize,Kharif,22.302834585759467,32.1,687.3,2.41
Haryana,Patiala,Sugarcane,Kharif,12.321676357729887,24.9,868.4,70.82
Punjab,Patiala,Sugarcane,Kharif,37.3522262478353,31.8,797.8,71.79
Haryana,Amritsar,Wheat,Rabi,44.18640677498173,19.8,185.7,3.52
Haryana,Jalandhar,Sugarcane,Kharif,18.403143378144716,24.4,999.1,81.35
Haryana,Patiala,Rice (Paddy),Kharif,8.611168398591214,31.5,863.8,3.84
Haryana,Amritsar,Maize,Kharif,27.505647453449278,28.1,269.0,3.05
Haryana,Phagwara,Wheat,Rabi,46.56664835010063,16.0,136.5,3.23
Haryana,Samrala,Sugarcane,Kharif,29.768445225843628,24.5,1281.9,74.38
Punjab,Khanna,Sugarcane,Kharif,45.40187109206277,23.5,1013.1,68.91
Punjab,Phagwara,Sugarcane,Kharif,26.94079420447962,23.5,1204.9,74.62
Punjab,Doraha,Maize,Kharif,26.319218943304755,27.9,418.5,3.35
Punjab,Khanna,Maize,Kharif,21.39802888383283,25.3,690.7,2.94
Punjab,Jalandhar,Cotton,Kharif,42.639303238271296,33.7,555.4,2.3
Haryana,Amritsar,Rice (Paddy),Kharif,42.25607338045592,32.9,913.8,4.43
Haryana,Amritsar,Sugarcane,Kharif,22.32833970433312,26.7,999.8,70.06
Punjab,Patiala,Wheat,Rabi,38.29000960655689,18.5,192.3,3.83
Haryana,Khanna,Cotton,Kharif,18.314717005505273,29.3,527.4,1.94
Punjab,Jalandhar,Wheat,Rabi,36.666003481487486,17.5,160.0,3.8
Haryana,Patiala,Wheat,Rabi,23.136686752388588,19.7,153.4,3.1
Haryana,Bathinda,Cotton,Kharif,9.012784221797899,32.3,452.8,2.21
Punjab,Bathinda,Maize,Kharif,30.284523986505786,23.4,802.8,3.21
Punjab,Ludhiana,Rice (Paddy),Kharif,31.427354960590772,33.5,527.8,4.43
Punjab,Patiala,Rice (Paddy),Kharif,20.474328346966708,29.6,591.4,3.81
Haryana,Ludhiana,Wheat,Rabi,5.7399145672754575,17.4,130.0,3.9
Haryana,Khanna,Wheat,Rabi,21.253770943291954,17.4,120.6,3.57
Haryana,Bathinda,Rice (Paddy),Kharif,38.97622772584518,37.0,640.2,3.6
Punjab,Phagwara,Sugarcane,Kharif,23.072899057533128,25.1,885.8,72.43
Haryana,Phagwara,Sugarcane,Kharif,29.197877553796364,30.4,938.5,83.98
Haryana,Samrala,Cotton,Kharif,32.069741376441186,34.6,535.4,1.99
Haryana,Phagwara,Rice (Paddy),Kharif,46.79387838881231,32.8,712.6,3.85
Punjab,Khanna,Sugarcane,Kharif,6.645611501252547,30.4,800.7,72.6
Haryana,Samrala,Sugarcane,Kharif,34.514955164200124,28.4,1167.3,71.16
Punjab,Jalandhar,Rice (Paddy),Kharif,33.30528216662249,29.1,745.4,4.23
Haryana,Patiala,Maize,Kharif,36.5315967025024,21.8,672.9,2.86
Haryana,Doraha,Sugarcane,Kharif,45.82188877869272,28.2,1064.6,75.19
Haryana,Amritsar,Cotton,Kharif,14.76047736440153,31.6,518.2,2.06
Punjab,Bathinda,Rice (Paddy),Kharif,33.49750203762435,24.9,921.8,3.73
Punjab,Amritsar,Sugarcane,Kharif,44.18815893320795,27.1,1208.4,79.05
Haryana,Doraha,Cotton,Kharif,20.470441751196805,33.9,485.6,1.9
Haryana,Doraha,Maize,Kharif,48.104911187694626,23.0,365.2,3.2
Haryana,Samrala,Wheat,Rabi,43.371552906381474,20.0,120.1,3.77
Haryana,Amritsar,Maize,Kharif,27.394952499099517,27.4,431.3,2.95
Haryana,Bathinda,Cotton,Kharif,20.523594048253024,30.0,545.6,2.15
Punjab,Phagwara,Maize,Kharif,5.8230635804776725,25.0,608.2,3.41
Punjab,Doraha,Maize,Kharif,4.8473685843793195,24.6,544.4,2.96
Haryana,Khanna,Maize,Kharif,38.4360830785555,27.4,471.7,2.74
Haryana,Khanna,Cotton,Kharif,26.284259316515765,31.6,547.6,2.01
Punjab,Jalandhar,Maize,Kharif,12.02976526920744,29.8,541.5,2.93
Punjab,Amritsar,Sugarcane,Kharif,11.086125062768534,24.6,1114.5,71.42
Punjab,Patiala,Wheat,Rabi,12.896209324961896,19.9,164.9,4.03
Punjab,Bathinda,Cotton,Kharif,29.043085701328362,31.1,380.2,1.92
Punjab,Bathinda,Cotton,Kharif,29.139067790444006,33.4,434.5,2.17
Punjab,Ludhiana,Sugarcane,Kharif,31.559518741480954,27.5,1228.4,73.74
Punjab,Doraha,Sugarcane,Kharif,28.791481909074875,26.5,916.7,64.56
Haryana,Amritsar,Maize,Kharif,8.111844970040892,25.9,392.0,3.16
Haryana,Khanna,Rice (Paddy),Kharif,25.754370208885693,26.9,676.0,4.13
Haryana,Bathinda,Cotton,Kharif,14.82285893171087,29.6,512.5,2.06
Haryana,Malerkotla,Cotton,Kharif,14.025206495408618,35.5,570.3,1.7
Punjab,Amritsar,Sugarcane,Kharif,42.059724170454224,29.4,873.0,82.28
Punjab,Phagwara,Cotton,Kharif,36.83228007698738,32.9,340.0,1.96
Punjab,Bathinda,Cotton,Kharif,39.989222048114755,34.7,542.5,1.82
Punjab,Malerkotla,Wheat,Rabi,1.5869557840380526,17.5,200.0,3.7
Punjab,Bathinda,Cotton,Kharif,18.969313816284142,31.2,391.6,1.83
Punjab,Bathinda,Cotton,Kharif,46.91907883481596,30.7,470.5,1.81
Haryana,Patiala,Cotton,Kharif,43.569114148647735,31.4,437.4,1.84
Haryana,Bathinda,Maize,Kharif,22.01875149939466,27.1,428.2,3.43
Haryana,Bathinda,Cotton,Kharif,9.677738020410107,30.4,605.2,2.16
Punjab,Doraha,Sugarcane,Kharif,9.217168822702389,25.7,574.9,72.87
Punjab,Bathinda,Sugarcane,Kharif,46.18866251340815,33.1,947.8,62.56
Punjab,Bathinda,Maize,Kharif,4.800876455844591,26.2,711.6,3.9
Punjab,Amritsar,Wheat,Rabi,37.14831607224128,18.2,158.0,3.87
Haryana,Malerkotla,Cotton,Kharif,4.977903564192951,31.1,293.7,1.97
Punjab,Doraha,Sugarcane,Kharif,1.0938696027709538,27.5,1046.7,87.6
Haryana,Samrala,Rice (Paddy),Kharif,7.424744557477183,33.7,785.0,3.37
Punjab,Khanna,Cotton,Kharif,7.494661151128712,30.2,266.8,1.89
Punjab,Ludhiana,Maize,Kharif,22.193135762580795,23.2,476.3,3.08
Punjab,Ludhiana,Wheat,Rabi,40.38994248006577,17.3,220.2,4.34
Haryana,Doraha,Rice (Paddy),Kharif,47.63728584121998,30.2,752.6,4.2
Haryana,Malerkotla,Sugarcane,Kharif,24.678571656012444,26.6,927.3,73.48
Haryana,Doraha,Maize,Kharif,13.34507040804656,28.2,799.4,3.22
Haryana,Malerkotla,Wheat,Rabi,7.513006274666293,16.5,172.7,3.64
Punjab,Jalandhar,Cotton,Kharif,30.511596544488732,31.3,403.6,2.11
Haryana,Patiala,Rice (Paddy),Kharif,7.908676519932896,30.7,556.1,3.95
Punjab,Jalandhar,Sugarcane,Kharif,29.446043718429095,33.3,986.6,77.81
Punjab,Jalandhar,Wheat,Rabi,43.30594167467875,18.5,196.6,3.87
Punjab,Doraha,Wheat,Rabi,17.219752107420245,16.1,183.2,3.33
Punjab,Patiala,Sugarcane,Kharif,23.259082919912398,26.9,1434.4,81.54
Punjab,Phagwara,Rice (Paddy),Kharif,37.20333195347179,30.3,771.8,3.84
Haryana,Amritsar,Cotton,Kharif,44.59175582545694,31.5,341.6,1.91
Haryana,Ludhiana,Sugarcane,Kharif,41.344108859790396,24.6,1078.1,85.48
Punjab,Patiala,Wheat,Rabi,7.282607922407026,18.0,170.1,3.81
Haryana,Khanna,Wheat,Rabi,26.07603849030155,21.9,171.5,2.55
Haryana,Malerkotla,Sugarcane,Kharif,32.80012771365436,26.0,749.1,74.79
Haryana,Doraha,Sugarcane,Kharif,8.57601321851135,21.5,649.0,65.49
Punjab,Khanna,Rice (Paddy),Kharif,49.84373607596371,30.5,978.4,4.45
Punjab,Phagwara,Rice (Paddy),Kharif,12.60617476257759,27.9,750.2,3.18
Haryana,Khanna,Sugarcane,Kharif,49.68787695434326,27.0,524.3,73.41
Haryana,Khanna,Wheat,Rabi,20.268732154534515,20.3,151.3,3.13
Haryana,Doraha,Cotton,Kharif,46.10488168484254,35.3,386.8,1.72
Haryana,Doraha,Cotton,Kharif,20.679310129882616,32.9,517.6,2.16
Haryana,Amritsar,Rice (Paddy),Kharif,27.05374083247157,30.3,564.8,4.31
Punjab,Amritsar,Wheat,Rabi,48.66460449065557,18.3,174.0,4.1
Punjab,Jalandhar,Cotton,Kharif,35.58998741931547,31.1,734.7,2.09
Punjab,Khanna,Maize,Kharif,10.147395696039416,24.1,482.9,3.05
Punjab,Samrala,Wheat,Rabi,25.342771663055096,20.1,140.7,3.85
Haryana,Ludhiana,Rice (Paddy),Kharif,32.91565710260601,26.0,548.2,3.06
Punjab,Amritsar,Maize,Kharif,26.394363259247285,27.8,404.3,2.99
Punjab,Jalandhar,Sugarcane,Kharif,48.864636771916736,31.9,663.5,60.22
Haryana,Samrala,Wheat,Rabi,13.022740743335358,15.8,154.9,3.37
Punjab,Samrala,Rice (Paddy),Kharif,19.618771298462,29.2,740.1,3.52
Haryana,Patiala,Maize,Kharif,19.302706762806757,26.3,438.0,3.47
Punjab,Doraha,Cotton,Kharif,40.10407972431732,31.6,422.1,2.14
Haryana,Jalandhar,Maize,Kharif,18.488830172104244,29.1,652.8,3.32
Haryana,Amritsar,Rice (Paddy),Kharif,15.690299652726415,33.7,793.9,3.78
Punjab,Patiala,Cotton,Kharif,39.028620024697894,35.6,507.6,1.66
Punjab,Malerkotla,Rice (Paddy),Kharif,16.821059468101826,30.1,780.8,3.73
Haryana,Khanna,Wheat,Rabi,35.918721192454235,21.8,188.5,3.81
Haryana,Doraha,Rice (Paddy),Kharif,45.47085954895831,32.8,855.5,3.5
Punjab,Amritsar,Cotton,Kharif,12.371875321213086,30.9,429.2,2.13
Punjab,Malerkotla,Wheat,Rabi,43.61464247198179,19.2,238.0,3.87
Haryana,Jalandhar,Sugarcane,Kharif,22.26379109222637,29.7,801.3,67.12
Haryana,Doraha,Cotton,Kharif,9.076272266521087,30.6,434.4,2.15
Punjab,Ludhiana,Wheat,Rabi,20.742571201720978,16.3,138.8,3.99
Punjab,Khanna,Wheat,Rabi,16.96815365645039,15.7,130.1,3.8
Punjab,Samrala,Sugarcane,Kharif,48.98396530362769,29.3,1192.9,72.1
Punjab,Samrala,Rice (Paddy),Kharif,26.38424833615819,31.1,655.8,3.41
Haryana,Ludhiana,Rice (Paddy),Kharif,26.125362348047354,30.8,1083.7,4.24
Haryana,Khanna,Cotton,Kharif,1.2862384059540022,29.0,431.0,1.81
Haryana,Doraha,Rice (Paddy),Kharif,15.398303019223599,30.0,894.4,4.78
Punjab,Phagwara,Sugarcane,Kharif,2.6684196961245634,25.4,1165.8,83.23
Punjab,Bathinda,Sugarcane,Kharif,23.5940560748255,27.3,1062.7,79.92
Haryana,Ludhiana,Sugarcane,Kharif,27.902466531355543,27.8,982.3,77.76
Haryana,Bathinda,Rice (Paddy),Kharif,47.92037279678078,29.9,816.8,3.67
Punjab,Ludhiana,Maize,Kharif,41.419459358411984,27.8,531.4,3.18
Haryana,Patiala,Rice (Paddy),Kharif,6.831264145194865,32.9,674.2,3.98
Punjab,Jalandhar,Sugarcane,Kharif,21.10521915318022,26.2,1183.5,68.92
Punjab,Malerkotla,Rice (Paddy),Kharif,6.14825758117252,30.8,811.9,4.15
Haryana,Khanna,Sugarcane,Kharif,21.48103997123625,25.7,1232.0,68.87
Punjab,Amritsar,Cotton,Kharif,26.00531658718995,34.7,533.5,2.0
Haryana,Patiala,Wheat,Rabi,49.6720525210821,15.8,108.6,3.26
Punjab,Malerkotla,Sugarcane,Kharif,25.792447360459242,32.3,833.2,71.61
Punjab,Ludhiana,Wheat,Rabi,4.0139283172458065,19.5,94.2,3.84
Haryana,Ludhiana,Rice (Paddy),Kharif,43.08500123667787,29.8,627.2,4.33
Punjab,Malerkotla,Rice (Paddy),Kharif,48.75049427987637,29.3,987.9,3.82
Punjab,Bathinda,Sugarcane,Kharif,46.72491251697259,27.3,772.5,67.63
Haryana,Khanna,Maize,Kharif,9.856275020421856,24.5,379.0,2.87
Haryana,Malerkotla,Cotton,Kharif,18.780327664938547,33.4,419.2,2.24
Haryana,Phagwara,Sugarcane,Kharif,7.252983344605309,26.8,890.5,80.67
Punjab,Khanna,Sugarcane,Kharif,14.6079875934097,29.5,1206.9,81.63
Haryana,Bathinda,Rice (Paddy),Kharif,29.75174923220088,27.3,767.8,4.3
Punjab,Bathinda,Maize,Kharif,25.669084006099748,26.4,490.4,2.97
Punjab,Amritsar,Wheat,Rabi,16.008062682790424,17.3,118.9,3.96
Punjab,Doraha,Maize,Kharif,3.4957454129309546,29.2,363.6,2.7
Punjab,Jalandhar,Sugarcane,Kharif,28.111034383066183,29.9,1263.5,75.04
Punjab,Jalandhar,Cotton,Kharif,41.22553039918656,36.0,392.6,1.62
Punjab,Patiala,Sugarcane,Kharif,16.176799394390834,25.4,756.6,73.75
Haryana,Patiala,Cotton,Kharif,48.01367695447387,34.6,509.8,1.77
Haryana,Amritsar,Cotton,Kharif,17.298602127135148,31.2,295.5,2.06
Haryana,Jalandhar,Cotton,Kharif,37.0236656578733,33.6,538.6,2.0
Haryana,Phagwara,Rice (Paddy),Kharif,19.886506941881045,31.4,772.0,3.81
Punjab,Khanna,Wheat,Rabi,31.5273716956021,17.8,121.3,3.55
Haryana,Khanna,Maize,Kharif,13.939627827491769,29.8,493.7,3.19
Punjab,Jalandhar,Sugarcane,Kharif,4.071137143505368,24.7,788.2,72.87
Punjab,Amritsar,Wheat,Rabi,4.367587713954807,18.2,166.8,3.42
Haryana,Doraha,Rice (Paddy),Kharif,11.462406031724848,31.3,877.8,4.49
Punjab,Phagwara,Rice (Paddy),Kharif,30.675592472445743,29.4,504.7,3.71
Punjab,Samrala,Cotton,Kharif,39.83488832336785,35.3,500.8,2.01
Haryana,Doraha,Rice (Paddy),Kharif,31.279820531119277,26.7,666.9,3.48
Punjab,Amritsar,Cotton,Kharif,19.382774564633834,31.1,566.0,2.45
Haryana,Malerkotla,Sugarcane,Kharif,15.041088601451989,31.3,847.4,78.26
Punjab,Malerkotla,Cotton,Kharif,4.007273560860464,31.1,473.4,1.88
Haryana,Doraha,Maize,Kharif,9.664050531209847,22.5,500.6,3.05
Punjab,Khanna,Maize,Kharif,3.608921066135312,30.8,482.9,3.45
Haryana,Ludhiana,Wheat,Rabi,41.69363392922352,17.7,126.7,3.56
Haryana,Phagwara,Wheat,Rabi,16.106754089542214,17.7,82.7,3.5
Haryana,Ludhiana,Sugarcane,Kharif,36.58992490856446,32.3,957.9,79.55
Haryana,Phagwara,Rice (Paddy),Kharif,1.3785319214151128,27.5,508.0,2.95
Haryana,Phagwara,Maize,Kharif,33.12537414180445,24.6,311.8,3.39
Haryana,Bathinda,Sugarcane,Kharif,11.299859508173494,27.3,1261.3,83.17
Haryana,Samrala,Maize,Kharif,49.48952742362014,30.0,165.1,2.75
Punjab,Malerkotla,Sugarcane,Kharif,4.203150235888112,28.2,1002.8,82.6
Haryana,Ludhiana,Wheat,Rabi,2.957802280103612,14.8,117.4,3.59
Punjab,Bathinda,Maize,Kharif,43.11772405042966,29.5,482.8,2.72
Haryana,Amritsar,Cotton,Kharif,23.910977150368456,32.1,389.9,2.14
Haryana,Phagwara,Sugarcane,Kharif,17.323147565607968,27.3,891.7,80.94
Haryana,Amritsar,Maize,Kharif,16.63419260576309,28.7,478.2,2.93
Punjab,Jalandhar,Cotton,Kharif,10.98298271388913,31.4,546.2,1.91
Haryana,Malerkotla,Cotton,Kharif,6.547519153884873,30.0,621.3,2.02
Punjab,Ludhiana,Maize,Kharif,37.618926403173596,25.7,517.2,3.31
Haryana,Amritsar,Wheat,Rabi,10.321108124404242,13.5,149.2,2.96
Punjab,Malerkotla,Sugarcane,Kharif,26.09892981492941,26.5,852.0,72.57
Punjab,Patiala,Maize,Kharif,11.295176472032113,24.8,263.5,2.87
Haryana,Samrala,Rice (Paddy),Kharif,2.5640967469526315,32.1,993.2,4.26
Haryana,Khanna,Sugarcane,Kharif,26.313672588724774,29.6,913.3,72.94
Haryana,Doraha,Cotton,Kharif,39.45401573224152,32.4,382.3,1.97
Haryana,Khanna,Maize,Kharif,32.60355376797388,26.7,411.3,2.99
Punjab,Ludhiana,Cotton,Kharif,6.697139412046996,34.2,368.2,1.77
Haryana,Patiala,Maize,Kharif,7.319375348730068,27.3,577.1,3.67
Haryana,Malerkotla,Cotton,Kharif,28.431852520082245,29.1,327.7,1.59
Haryana,Khanna,Sugarcane,Kharif,28.055537157804793,23.6,1233.7,74.87
Haryana,Malerkotla,Maize,Kharif,48.32060454717762,23.2,405.3,2.86
Haryana,Amritsar,Rice (Paddy),Kharif,15.862832891645338,30.6,912.9,4.76
Punjab,Samrala,Sugarcane,Kharif,4.5435337281082395,26.9,1006.1,71.21
Punjab,Doraha,Cotton,Kharif,30.046205004860695,31.0,483.4,2.13
Punjab,Khanna,Wheat,Rabi,12.038023156057697,17.6,188.2,3.96
Haryana,Malerkotla,Sugarcane,Kharif,9.146711986768429,26.3,593.3,65.34
Punjab,Amritsar,Wheat,Rabi,40.247273473623096,17.2,151.4,3.92
Punjab,Malerkotla,Rice (Paddy),Kharif,40.6192152274088,30.4,1161.0,4.75
Haryana,Amritsar,Sugarcane,Kharif,48.261177838042464,34.1,841.2,68.3
Punjab,Ludhiana,Sugarcane,Kharif,35.136678683145405,29.0,857.9,74.09
Haryana,Malerkotla,Wheat,Rabi,22.037794127683128,19.0,147.0,3.86
Haryana,Samrala,Sugarcane,Kharif,42.37985047180799,35.1,1410.1,74.11
Haryana,Khanna,Sugarcane,Kharif,31.347883214126465,33.5,1428.3,80.96
Haryana,Doraha,Rice (Paddy),Kharif,15.712696396476705,30.6,894.5,4.16
Haryana,Bathinda,Maize,Kharif,40.41757576773089,26.9,348.9,3.36
Haryana,Patiala,Wheat,Rabi,10.792515695192604,17.1,195.0,3.69
Haryana,Amritsar,Maize,Kharif,10.472056660413237,26.6,537.2,3.06
Punjab,Jalandhar,Cotton,Kharif,12.416610574751045,36.5,658.5,1.97
Haryana,Doraha,Rice (Paddy),Kharif,36.12310343589367,28.4,568.8,3.82
Punjab,Jalandhar,Cotton,Kharif,32.969882601796584,28.2,307.8,1.72
Punjab,Ludhiana,Cotton,Kharif,2.4226984711050124,32.3,453.1,2.03
Punjab,Amritsar,Cotton,Kharif,24.536737234889117,34.6,407.2,1.93
Haryana,Jalandhar,Sugarcane,Kharif,19.009439843956937,24.5,967.4,69.02
Punjab,Ludhiana,Maize,Kharif,17.951917012945476,30.9,496.1,2.85
Haryana,Samrala,Maize,Kharif,36.649198168030125,21.8,595.3,2.5
Haryana,Phagwara,Maize,Kharif,6.526835754912238,26.6,475.8,3.13
Punjab,Patiala,Wheat,Rabi,43.409962491701194,17.1,36.7,3.28
Haryana,Amritsar,Rice (Paddy),Kharif,35.358570454157196,30.7,576.0,3.68
Haryana,Amritsar,Rice (Paddy),Kharif,8.469701335987274,25.8,917.5,3.93
Punjab,Khanna,Rice (Paddy),Kharif,33.73065787379453,31.5,836.9,4.58
Haryana,Khanna,Cotton,Kharif,21.886108436868152,31.2,413.3,2.15
Haryana,Phagwara,Cotton,Kharif,38.110432764547575,33.2,300.5,1.78
Punjab,Khanna,Sugarcane,Kharif,10.613444702301805,28.8,1232.9,75.23
Punjab,Malerkotla,Maize,Kharif,36.14139821085512,28.2,485.0,3.18
Punjab,Amritsar,Wheat,Rabi,22.087125398590945,13.4,233.4,3.16
Punjab,Patiala,Wheat,Rabi,8.233074055110091,20.0,178.5,4.04
Haryana,Jalandhar,Maize,Kharif,22.484987629451478,26.4,363.7,3.01
Punjab,Samrala,Sugarcane,Kharif,29.717267940395153,23.5,971.3,69.09
Haryana,Samrala,Sugarcane,Kharif,40.51361764643516,28.1,987.4,71.99
Punjab,Jalandhar,Wheat,Rabi,40.438086857820075,20.5,156.5,3.29
Haryana,Malerkotla,Cotton,Kharif,43.45073035666913,30.2,434.7,2.2
Punjab,Amritsar,Sugarcane,Kharif,45.174027099574495,27.7,962.6,71.04
Haryana,Khanna,Sugarcane,Kharif,32.68254980562228,27.1,947.3,72.13
Punjab,Khanna,Wheat,Rabi,23.044580847790538,15.9,204.4,3.57
Punjab,Ludhiana,Rice (Paddy),Kharif,45.718820905346035,32.5,979.8,3.64
Haryana,Doraha,Rice (Paddy),Kharif,35.051146867353204,28.0,979.5,4.24
Punjab,Bathinda,Maize,Kharif,28.77037507418101,25.7,703.7,3.34
Punjab,Amritsar,Wheat,Rabi,12.311824093835737,18.0,204.5,4.52
Haryana,Khanna,Wheat,Rabi,47.600832211578165,15.8,169.3,3.66
Punjab,Jalandhar,Rice (Paddy),Kharif,32.169490802943976,27.0,702.2,3.54
Punjab,Amritsar,Sugarcane,Kharif,47.867573764330125,27.3,1504.2,84.01
Haryana,Jalandhar,Cotton,Kharif,48.99468504620745,31.9,416.2,1.81
Punjab,Jalandhar,Wheat,Rabi,37.91367081664068,18.1,140.7,3.93
Punjab,Amritsar,Rice (Paddy),Kharif,11.356965546940545,27.7,820.6,4.19
Haryana,Jalandhar,Wheat,Rabi,33.38006158953213,14.8,133.9,2.94
Haryana,Phagwara,Rice (Paddy),Kharif,36.7755584571833,30.7,865.3,3.97
Haryana,Amritsar,Maize,Kharif,49.334683467463634,29.9,338.5,2.74
Punjab,Khanna,Maize,Kharif,46.73040152242911,34.7,499.1,2.66
Haryana,Amritsar,Maize,Kharif,37.83738926744587,26.3,484.4,2.84
Haryana,Phagwara,Maize,Kharif,30.767318588862135,28.4,250.2,2.85
Punjab,Doraha,Rice (Paddy),Kharif,12.832668774166194,30.1,826.3,4.5
Punjab,Samrala,Maize,Kharif,39.6950311241124,26.9,566.4,3.69
Punjab,Jalandhar,Maize,Kharif,5.917973429818194,20.4,422.1,2.74
Punjab,Amritsar,Rice (Paddy),Kharif,32.82062290149718,26.1,788.5,3.74
Punjab,Doraha,Sugarcane,Kharif,29.67745708567095,28.1,1178.6,81.66
Punjab,Malerkotla,Rice (Paddy),Kharif,8.566095284270993,34.4,588.4,3.73
Haryana,Khanna,Sugarcane,Kharif,21.218364077892712,24.7,788.4,77.89
Punjab,Doraha,Rice (Paddy),Kharif,3.4137760008258735,30.5,850.3,3.82
Haryana,Ludhiana,Sugarcane,Kharif,31.60331762309247,26.3,853.6,74.4
Haryana,Amritsar,Wheat,Rabi,36.829073544729255,16.3,104.5,3.51
Haryana,Amritsar,Cotton,Kharif,43.94581703115704,28.5,249.3,1.96
Haryana,Khanna,Rice (Paddy),Kharif,7.410249886993907,29.7,800.0,4.58
Haryana,Malerkotla,Wheat,Rabi,27.087374364864598,17.9,164.5,3.96
Punjab,Phagwara,Wheat,Rabi,42.68916953766108,21.2,145.1,3.59
Punjab,Khanna,Maize,Kharif,6.342134875255164,24.4,549.7,3.4
Haryana,Doraha,Sugarcane,Kharif,47.85561310277193,30.3,1105.4,82.64
Haryana,Ludhiana,Wheat,Rabi,27.65873429137033,20.8,140.3,3.43
Punjab,Ludhiana,Rice (Paddy),Kharif,42.17615102050259,30.5,647.2,4.46
Haryana,Patiala,Maize,Kharif,24.399982114461384,31.7,318.8,3.2
Punjab,Patiala,Rice (Paddy),Kharif,20.374231414019235,34.3,811.0,3.8
Haryana,Khanna,Cotton,Kharif,26.533707380644934,29.4,519.2,1.85
Punjab,Phagwara,Wheat,Rabi,30.88397923809719,14.3,118.2,2.93
Haryana,Phagwara,Maize,Kharif,17.336724077869256,25.1,401.6,2.96
Punjab,Patiala,Rice (Paddy),Kharif,17.864012810838393,29.0,832.9,4.56
Haryana,Ludhiana,Cotton,Kharif,34.63420484331709,33.5,546.8,1.85
Punjab,Amritsar,Sugarcane,Kharif,3.180226914101556,26.8,918.5,76.02
Haryana,Amritsar,Maize,Kharif,27.37373296410956,31.4,545.8,2.82
Punjab,Patiala,Rice (Paddy),Kharif,23.823493085818658,28.8,842.1,4.32
Haryana,Doraha,Cotton,Kharif,24.046641116673122,31.4,500.1,2.28
Haryana,Khanna,Wheat,Rabi,37.38306512383483,14.0,165.5,2.97
Haryana,Ludhiana,Rice (Paddy),Kharif,4.199077269481605,33.1,537.6,3.93
Punjab,Jalandhar,Maize,Kharif,31.72243157995761,24.7,468.1,2.98
Punjab,Ludhiana,Wheat,Rabi,37.46024027199292,17.8,125.1,3.75
Punjab,Jalandhar,Rice (Paddy),Kharif,17.783376528732884,28.1,836.6,4.19
Haryana,Ludhiana,Wheat,Rabi,44.74470122149722,17.3,171.2,4.1
Punjab,Patiala,Cotton,Kharif,28.046369349820203,37.6,411.5,1.31
Haryana,Samrala,Rice (Paddy),Kharif,40.945870856393796,29.5,1141.8,4.5
Punjab,Phagwara,Sugarcane,Kharif,15.22220315416877,26.0,807.9,69.69
Punjab,Samrala,Maize,Kharif,26.836696076336665,26.6,462.1,3.17
Punjab,Bathinda,Sugarcane,Kharif,18.34972653286488,26.9,993.7,69.3
Haryana,Phagwara,Rice (Paddy),Kharif,41.27321951400307,30.5,701.8,3.49
Haryana,Samrala,Sugarcane,Kharif,7.439364161921843,26.6,1131.8,67.3
Punjab,Doraha,Maize,Kharif,2.687362512679587,23.7,174.0,3.18
Punjab,Malerkotla,Sugarcane,Kharif,4.083695951977418,28.2,1028.4,79.1
Haryana,Jalandhar,Maize,Kharif,40.69926566830895,28.9,387.1,2.98
Haryana,Doraha,Wheat,Rabi,43.36901515065294,14.3,145.0,3.24
Punjab,Ludhiana,Cotton,Kharif,5.96901167008801,32.7,606.8,2.04
Punjab,Doraha,Wheat,Rabi,22.812314788493847,18.2,92.3,3.31
Punjab,Doraha,Sugarcane,Kharif,45.65083355022026,25.1,872.9,57.34
Punjab,Doraha,Wheat,Rabi,30.714898049442095,19.3,142.8,3.84
Punjab,Malerkotla,Maize,Kharif,39.14545968393425,22.8,413.9,2.63
Punjab,Bathinda,Wheat,Rabi,44.480910264545415,18.2,116.1,3.51
Punjab,Patiala,Cotton,Kharif,29.150712047568494,36.2,453.1,1.73
Punjab,Bathinda,Rice (Paddy),Kharif,42.533271476214765,36.2,724.3,3.53
Punjab,Samrala,Cotton,Kharif,36.62135087859095,29.5,491.4,1.85
Punjab,Jalandhar,Cotton,Kharif,39.64594968135166,30.5,400.8,1.8
Haryana,Malerkotla,Wheat,Rabi,26.262633291353268,21.8,172.5,2.79
Haryana,Samrala,Wheat,Rabi,39.69005396884617,18.9,241.7,4.01
Haryana,Patiala,Maize,Kharif,14.706806593573136,27.8,458.8,3.0
Punjab,Amritsar,Maize,Kharif,23.09283733870975,22.1,583.9,2.95
Punjab,Phagwara,Cotton,Kharif,16.621121994159395,30.8,436.8,2.25
Haryana,Malerkotla,Sugarcane,Kharif,14.694186993888634,28.5,717.5,69.28
Haryana,Phagwara,Maize,Kharif,42.22710722720419,32.2,449.4,2.84
Haryana,Doraha,Wheat,Rabi,12.667175746131859,17.0,113.8,4.03
Punjab,Phagwara,Sugarcane,Kharif,37.73754740682033,30.5,1201.2,86.11
Punjab,Jalandhar,Sugarcane,Kharif,29.909769276742026,26.2,1077.0,80.2
Haryana,Jalandhar,Cotton,Kharif,23.357725403407827,32.0,608.6,2.11
Haryana,Phagwara,Cotton,Kharif,30.487571055948674,33.0,373.4,2.08
Haryana,Amritsar,Maize,Kharif,6.37958209570544,33.8,448.0,3.12
Punjab,Malerkotla,Rice (Paddy),Kharif,11.52478831291088,24.1,578.9,3.41
Haryana,Bathinda,Maize,Kharif,28.796591198495,25.0,307.6,2.89
Punjab,Ludhiana,Sugarcane,Kharif,32.65106836730587,29.9,813.7,70.97
Punjab,Doraha,Sugarcane,Kharif,6.894141077859865,29.4,795.7,73.18
Punjab,Jalandhar,Sugarcane,Kharif,47.54833831644613,28.1,604.7,65.75
Haryana,Samrala,Sugarcane,Kharif,47.4941228587123,30.7,810.8,72.07
Punjab,Ludhiana,Wheat,Rabi,4.618474466087877,18.7,171.5,3.64
Haryana,Khanna,Rice (Paddy),Kharif,8.731023891829816,26.7,1057.7,4.08
Haryana,Patiala,Wheat,Rabi,10.371441660821828,13.2,205.1,2.65
Haryana,Samrala,Sugarcane,Kharif,7.029459465146636,28.4,1169.0,80.82
Haryana,Patiala,Cotton,Kharif,11.197310570854636,31.9,348.3,2.29
Punjab,Bathinda,Wheat,Rabi,2.1033220274458646,17.4,149.4,4.16
Punjab,Bathinda,Cotton,Kharif,29.37182598826569,33.4,332.7,1.75
Haryana,Phagwara,Wheat,Rabi,32.70471620378727,13.9,145.3,3.26
Haryana,Doraha,Maize,Kharif,10.241056926255196,27.0,428.9,3.53
Punjab,Samrala,Maize,Kharif,23.188562430369842,26.7,576.9,3.85
Haryana,Phagwara,Cotton,Kharif,2.9287351453643065,33.3,451.3,2.23
Punjab,Khanna,Maize,Kharif,5.659596190333739,20.4,587.3,2.77
Haryana,Bathinda,Wheat,Rabi,16.857035419821354,15.8,121.0,3.63
Haryana,Patiala,Rice (Paddy),Kharif,40.33116587724093,30.7,556.1,3.52
Punjab,Patiala,Sugarcane,Kharif,2.625465094724259,29.8,925.4,67.26
Haryana,Ludhiana,Maize,Kharif,16.23263574365618,24.2,417.8,2.62
Haryana,Jalandhar,Maize,Kharif,25.928901538681195,27.6,626.2,3.31
Punjab,Ludhiana,Maize,Kharif,14.842789162447797,29.2,621.4,3.04
Haryana,Doraha,Cotton,Kharif,39.18174488524266,33.1,291.1,1.96
Haryana,Samrala,Cotton,Kharif,34.31781949381328,29.5,473.6,1.87
Punjab,Samrala,Maize,Kharif,31.592189106622243,29.4,438.5,3.16
Haryana,Doraha,Sugarcane,Kharif,46.072210175445136,30.0,1163.3,79.25
Punjab,Jalandhar,Rice (Paddy),Kharif,15.963073367043005,34.4,856.3,4.01
Punjab,Doraha,Maize,Kharif,5.09917740194486,24.8,154.9,2.93
Punjab,Phagwara,Sugarcane,Kharif,40.61805211284204,32.8,1188.4,81.04
Punjab,Jalandhar,Sugarcane,Kharif,17.867766797228594,29.0,1142.7,82.42
Punjab,Samrala,Sugarcane,Kharif,38.13379504578,26.7,1102.5,86.44
Punjab,Phagwara,Rice (Paddy),Kharif,37.18763908199829,31.6,911.4,3.99
Haryana,Jalandhar,Rice (Paddy),Kharif,39.68560662965424,31.8,984.9,4.39
Punjab,Amritsar,Rice (Paddy),Kharif,40.20090559097245,34.6,930.6,3.82
Punjab,Khanna,Cotton,Kharif,8.892905373289993,35.7,456.8,1.54
Haryana,Jalandhar,Sugarcane,Kharif,49.81370442969904,24.9,882.8,74.81
Punjab,Phagwara,Sugarcane,Kharif,33.020153625018494,29.2,985.7,74.91
Haryana,Khanna,Rice (Paddy),Kharif,9.358564809641209,33.4,659.8,4.35
Haryana,Amritsar,Wheat,Rabi,41.04568173968012,18.3,114.3,3.29
Punjab,Ludhiana,Cotton,Kharif,46.45424818460614,31.1,433.9,1.84
Haryana,Amritsar,Cotton,Kharif,29.928883289280577,30.4,618.1,2.26
Punjab,Bathinda,Cotton,Kharif,30.35907879499116,32.4,437.9,2.07
Haryana,Doraha,Cotton,Kharif,18.964499057866266,33.5,734.2,2.19
Punjab,Khanna,Cotton,Kharif,24.840919648968708,33.0,513.4,2.13
Punjab,Ludhiana,Rice (Paddy),Kharif,8.251682697090036,27.1,668.0,3.6
Punjab,Jalandhar,Wheat,Rabi,40.413567055480286,15.4,167.1,3.1
Punjab,Patiala,Wheat,Rabi,34.948950972986985,15.4,162.7,3.64
Punjab,Patiala,Rice (Paddy),Kharif,22.27989239278743,25.0,534.1,2.95
Haryana,Malerkotla,Cotton,Kharif,32.719996064329465,33.2,565.7,2.29
Punjab,Khanna,Maize,Kharif,48.1338497691531,25.5,552.0,3.57
Punjab,Phagwara,Wheat,Rabi,35.39306784957971,19.3,108.7,3.7
Haryana,Jalandhar,Wheat,Rabi,40.270643038805815,16.7,120.2,3.97
Punjab,Malerkotla,Rice (Paddy),Kharif,44.38765744093801,26.9,755.5,4.03
Haryana,Khanna,Sugarcane,Kharif,43.197122372554006,30.4,1348.4,85.51
Haryana,Jalandhar,Wheat,Rabi,20.260586724775766,20.1,206.7,4.08
Haryana,Doraha,Cotton,Kharif,13.75097703073207,30.7,293.9,1.79
Haryana,Malerkotla,Rice (Paddy),Kharif,32.713111004871195,32.9,616.4,3.44
Haryana,Malerkotla,Sugarcane,Kharif,40.825891104654325,34.7,1020.1,63.85
Haryana,Samrala,Maize,Kharif,2.03710693299164,27.4,663.4,3.51
Haryana,Patiala,Wheat,Rabi,6.821996115992211,18.6,90.0,3.65
Punjab,Khanna,Maize,Kharif,36.0312331946351,30.1,479.9,3.05
Punjab,Phagwara,Maize,Kharif,33.02855880336671,25.4,469.4,3.07
Haryana,Bathinda,Cotton,Kharif,23.698600051129716,32.3,498.1,2.33
Haryana,Amritsar,Maize,Kharif,10.454500629442705,25.6,506.2,3.43
Haryana,Khanna,Cotton,Kharif,22.756814890711354,32.7,535.5,2.13
Punjab,Phagwara,Cotton,Kharif,2.4523395756258397,31.4,515.6,1.83
Punjab,Jalandhar,Cotton,Kharif,2.263560220993619,28.0,398.5,1.7
Haryana,Amritsar,Sugarcane,Kharif,39.46202807574384,30.2,1622.9,79.49
Punjab,Khanna,Cotton,Kharif,16.26951718449346,30.6,310.6,1.92
Haryana,Amritsar,Wheat,Rabi,47.18774985095098,15.4,146.2,3.24
Haryana,Bathinda,Wheat,Rabi,41.23642124140558,16.3,22.0,3.09
Punjab,Bathinda,Rice (Paddy),Kharif,22.886241342464153,27.0,653.4,4.37
Punjab,Doraha,Wheat,Rabi,19.29065196706326,18.9,113.7,3.7
Punjab,Khanna,Sugarcane,Kharif,10.472385865015514,28.2,1000.6,79.81
Punjab,Jalandhar,Wheat,Rabi,31.010120974408927,19.6,206.9,3.75
Haryana,Jalandhar,Maize,Kharif,19.28801241786074,28.5,543.7,3.34
Haryana,Malerkotla,Cotton,Kharif,1.1093951040613288,32.0,530.1,2.16
Punjab,Bathinda,Maize,Kharif,2.8255533071106864,26.0,531.0,3.77
Punjab,Phagwara,Maize,Kharif,23.379349191642422,30.1,491.0,2.69
Haryana,Jalandhar,Wheat,Rabi,39.35765256658746,14.8,196.8,3.11
Punjab,Malerkotla,Cotton,Kharif,11.95505757526619,33.4,463.1,2.06
Haryana,Amritsar,Sugarcane,Kharif,3.9292971968212256,27.9,1117.3,74.52
Haryana,Phagwara,Sugarcane,Kharif,18.660376794452066,26.5,1144.6,82.48
Haryana,Jalandhar,Wheat,Rabi,19.979843243243696,15.2,140.3,3.9
Punjab,Phagwara,Rice (Paddy),Kharif,2.3872619018762777,34.4,878.6,3.51
Punjab,Malerkotla,Rice (Paddy),Kharif,2.0745965793344174,25.2,793.0,3.9
Punjab,Jalandhar,Maize,Kharif,33.459449590080474,27.1,474.0,3.48
Haryana,Phagwara,Maize,Kharif,35.627020557035955,22.8,648.3,2.94
Haryana,Malerkotla,Cotton,Kharif,49.74981547154054,34.2,377.7,2.12
Punjab,Ludhiana,Rice (Paddy),Kharif,1.6624564850900723,32.7,751.8,3.63
Haryana,Doraha,Sugarcane,Kharif,43.31342985601701,33.8,1091.2,73.15
Haryana,Phagwara,Wheat,Rabi,11.794022219589896,16.9,126.9,3.92
Haryana,Ludhiana,Cotton,Kharif,4.282490033118867,31.8,667.0,2.23
Punjab,Amritsar,Cotton,Kharif,42.37154482890985,32.2,608.3,2.13
Punjab,Bathinda,Maize,Kharif,43.354787847379846,30.7,507.9,2.93
Punjab,Doraha,Cotton,Kharif,20.324967887340392,34.3,435.1,1.87
Punjab,Ludhiana,Sugarcane,Kharif,13.832023325122885,28.4,897.6,79.62
Haryana,Malerkotla,Sugarcane,Kharif,48.89399008504103,26.7,1085.6,75.09
Haryana,Patiala,Maize,Kharif,33.53705872927898,21.8,705.8,3.3
Haryana,Ludhiana,Rice (Paddy),Kharif,14.98064870311383,25.5,703.7,3.34
Haryana,Bathinda,Maize,Kharif,30.05981389379223,22.3,514.8,2.85
Haryana,Bathinda,Maize,Kharif,39.1500900319377,25.4,560.3,3.56
Haryana,Patiala,Maize,Kharif,44.661981025374764,27.1,395.7,3.04
Haryana,Patiala,Sugarcane,Kharif,45.56822125299173,28.2,982.9,71.75
Punjab,Bathinda,Wheat,Rabi,41.92990195313142,18.1,187.3,3.87
Punjab,Amritsar,Sugarcane,Kharif,27.418728445073626,31.0,948.4,76.26
Punjab,Jalandhar,Sugarcane,Kharif,7.58807771911654,33.4,1174.6,85.42
Punjab,Ludhiana,Cotton,Kharif,17.813642122184337,33.4,317.4,2.0
Haryana,Phagwara,Maize,Kharif,17.955287917310613,23.4,431.7,2.5
Haryana,Patiala,Maize,Kharif,19.52730691881377,30.9,283.1,2.85
Punjab,Patiala,Sugarcane,Kharif,19.940570258467233,30.0,1190.9,79.48
Punjab,Bathinda,Sugarcane,Kharif,18.417442023641257,27.6,1086.3,82.33
Punjab,Samrala,Sugarcane,Kharif,24.50839636528417,24.4,1162.5,65.0
Haryana,Doraha,Sugarcane,Kharif,1.0054013582893004,26.9,980.5,67.97
Punjab,Samrala,Rice (Paddy),Kharif,12.247111324435867,30.0,907.9,4.59
Punjab,Doraha,Wheat,Rabi,16.138478477912294,16.5,178.1,3.56
Punjab,Doraha,Cotton,Kharif,31.645102347951376,29.9,590.2,1.77
Haryana,Amritsar,Rice (Paddy),Kharif,34.43183782550341,32.4,580.5,4.09
Haryana,Doraha,Maize,Kharif,4.457339808005785,27.1,429.5,3.12
Haryana,Phagwara,Maize,Kharif,1.447395479503196,25.0,507.1,2.85
Punjab,Patiala,Cotton,Kharif,16.601298090687166,32.8,412.6,2.05
Punjab,Khanna,Maize,Kharif,20.293476421309578,30.3,525.6,2.44
Haryana,Samrala,Rice (Paddy),Kharif,7.457100591850054,26.9,949.4,4.11
Haryana,Phagwara,Maize,Kharif,14.916518018923243,28.8,483.5,2.91
Punjab,Doraha,Sugarcane,Kharif,27.66874106866466,32.7,775.9,74.83
Haryana,Malerkotla,Sugarcane,Kharif,48.29689436781359,30.2,970.0,71.87
Haryana,Phagwara,Cotton,Kharif,8.930878515189814,33.8,464.9,1.78
Haryana,Phagwara,Sugarcane,Kharif,7.307956659851846,28.4,1157.5,81.8
Haryana,Patiala,Sugarcane,Kharif,2.0681269539031506,26.4,1030.5,78.39
Punjab,Ludhiana,Sugarcane,Kharif,32.66331830712862,28.2,698.9,73.99
Punjab,Ludhiana,Wheat,Rabi,36.61909659047016,17.5,212.2,3.79
Punjab,Bathinda,Cotton,Kharif,20.364089874255406,31.0,314.4,1.94
Haryana,Malerkotla,Cotton,Kharif,38.90145268196413,37.4,412.6,1.44
Haryana,Samrala,Cotton,Kharif,4.9257931493324065,33.6,465.9,2.08
Punjab,Samrala,Sugarcane,Kharif,35.73859529237369,32.8,991.2,74.96
Punjab,Patiala,Rice (Paddy),Kharif,37.24093348263763,30.5,814.9,4.29
Haryana,Malerkotla,Wheat,Rabi,44.87044749849685,14.6,172.4,3.07
Haryana,Bathinda,Rice (Paddy),Kharif,45.09751517434185,28.0,677.2,4.44
Punjab,Doraha,Rice (Paddy),Kharif,41.29085282807185,27.4,813.1,4.27
Punjab,Phagwara,Cotton,Kharif,40.058146094370585,33.1,374.9,2.1
Haryana,Doraha,Sugarcane,Kharif,9.419923167616126,25.1,1075.2,80.99
Haryana,Samrala,Rice (Paddy),Kharif,34.17868261729805,31.0,1023.8,4.84
Punjab,Amritsar,Maize,Kharif,27.294236398848724,27.8,551.1,3.78
Punjab,Samrala,Cotton,Kharif,46.74484430919102,32.0,341.2,2.01
Punjab,Malerkotla,Sugarcane,Kharif,3.120841985557856,28.3,1097.2,74.7
Punjab,Amritsar,Maize,Kharif,11.994249124760234,29.9,673.4,2.82
Punjab,Amritsar,Wheat,Rabi,17.70102644316454,23.7,96.5,2.59
Punjab,Amritsar,Maize,Kharif,8.54614080308269,25.0,553.2,3.46
Haryana,Jalandhar,Maize,Kharif,42.744310041496185,24.9,662.7,3.4
Haryana,Khanna,Rice (Paddy),Kharif,33.60372936470237,29.2,883.4,4.49
Punjab,Doraha,Rice (Paddy),Kharif,9.075305215535565,32.6,529.3,3.28
Haryana,Bathinda,Maize,Kharif,12.938572238604133,24.3,311.6,2.86
Punjab,Khanna,Maize,Kharif,35.773253987092005,29.6,714.5,2.97
Haryana,Jalandhar,Cotton,Kharif,46.319841402024316,33.6,281.1,2.09
Punjab,Samrala,Rice (Paddy),Kharif,35.64223648339657,31.8,868.6,3.95
Punjab,Phagwara,Maize,Kharif,11.558157686680675,24.8,416.8,2.36
Punjab,Doraha,Cotton,Kharif,26.517937693287557,30.7,506.6,2.0
Haryana,Samrala,Cotton,Kharif,42.93818416368408,30.4,382.8,1.9
Haryana,Patiala,Rice (Paddy),Kharif,28.647346580021008,31.4,723.0,4.3
Haryana,Jalandhar,Rice (Paddy),Kharif,6.900134576106326,30.2,894.5,4.37
Punjab,Bathinda,Sugarcane,Kharif,20.2135561324184,32.0,894.4,60.7
Haryana,Phagwara,Rice (Paddy),Kharif,6.386600296428069,28.6,764.8,3.58
Haryana,Amritsar,Sugarcane,Kharif,37.97156451200793,30.1,956.1,68.69
Punjab,Jalandhar,Rice (Paddy),Kharif,11.073893401114933,34.1,867.0,3.74
Punjab,Malerkotla,Rice (Paddy),Kharif,27.404818228663853,35.8,810.5,3.96
Punjab,Jalandhar,Sugarcane,Kharif,15.75641925942123,21.1,1290.9,77.63
Punjab,Doraha,Maize,Kharif,20.474214548909224,26.7,601.1,3.18
Punjab,Amritsar,Rice (Paddy),Kharif,28.465234494733537,27.2,684.8,3.54
Haryana,Bathinda,Sugarcane,Kharif,12.528911423557963,20.3,821.3,66.21
Haryana,Jalandhar,Rice (Paddy),Kharif,13.164647589576386,27.9,911.4,4.16
Haryana,Samrala,Rice (Paddy),Kharif,45.49256974574653,30.5,713.5,4.29
Punjab,Jalandhar,Maize,Kharif,49.05956399601027,22.1,518.8,2.53
Punjab,Phagwara,Wheat,Rabi,31.637888349623374,20.3,197.8,3.32
Haryana,Bathinda,Rice (Paddy),Kharif,24.378538552194012,31.1,435.7,3.9
Punjab,Patiala,Sugarcane,Kharif,15.227541393564353,29.0,989.5,79.7
Punjab,Patiala,Cotton,Kharif,33.70716424090032,29.5,515.1,1.95
Haryana,Patiala,Wheat,Rabi,9.355411990212593,17.5,182.8,3.73
Haryana,Ludhiana,Sugarcane,Kharif,24.343831218179638,21.1,793.5,69.84
Haryana,Ludhiana,Wheat,Rabi,30.22583388588533,19.9,225.4,3.84
Punjab,Khanna,Wheat,Rabi,26.793272659371617,16.0,167.1,3.17
Haryana,Patiala,Rice (Paddy),Kharif,11.516393458889901,33.2,637.5,4.25
Haryana,Amritsar,Sugarcane,Kharif,35.311938081952526,31.4,713.3,72.88
Punjab,Malerkotla,Rice (Paddy),Kharif,45.6795359381311,32.9,564.2,3.73
Punjab,Samrala,Wheat,Rabi,2.6266730196855157,21.0,149.8,3.29
Haryana,Ludhiana,Rice (Paddy),Kharif,16.667968045723597,31.0,680.8,4.06
Punjab,Amritsar,Cotton,Kharif,23.902230599803403,32.7,629.3,1.97
Haryana,Samrala,Sugarcane,Kharif,2.143595458701708,27.5,1147.0,68.94
Punjab,Amritsar,Rice (Paddy),Kharif,36.97938355991746,32.0,830.5,3.89
Punjab,Doraha,Wheat,Rabi,16.95261972111487,17.2,175.1,4.24
Haryana,Malerkotla,Cotton,Kharif,27.80021109824086,32.7,475.8,2.29
Punjab,Amritsar,Wheat,Rabi,24.992115696023173,17.0,120.0,3.61
Punjab,Amritsar,Sugarcane,Kharif,35.02933524141651,28.4,978.4,79.85
Haryana,Amritsar,Cotton,Kharif,25.103517218578496,29.4,542.9,1.93
Haryana,Patiala,Rice (Paddy),Kharif,48.253291935368125,26.5,974.4,3.86
Haryana,Patiala,Cotton,Kharif,31.554704902196136,32.1,646.5,2.1
Punjab,Malerkotla,Wheat,Rabi,48.95274510687691,21.0,167.6,3.24
Haryana,Phagwara,Maize,Kharif,20.7876551257889,31.4,567.5,3.03
Punjab,Phagwara,Maize,Kharif,15.271213469601816,25.4,385.2,3.31
Punjab,Ludhiana,Rice (Paddy),Kharif,3.4759687964603883,31.2,887.3,4.21
Haryana,Doraha,Maize,Kharif,41.44322845207424,29.4,433.5,3.24
Haryana,Doraha,Rice (Paddy),Kharif,44.54351586381023,29.5,978.8,4.66
Haryana,Khanna,Cotton,Kharif,43.969975970082906,34.1,617.2,1.91
Haryana,Amritsar,Rice (Paddy),Kharif,3.0897763993818046,27.2,418.1,4.07
Haryana,Khanna,Sugarcane,Kharif,38.4402523665752,27.6,1009.1,70.2
Haryana,Doraha,Cotton,Kharif,18.382830555134433,34.6,426.6,2.06
Haryana,Ludhiana,Maize,Kharif,3.5452438801561117,31.0,540.7,2.63
Haryana,Malerkotla,Rice (Paddy),Kharif,46.034391574028945,25.7,744.0,3.46
Haryana,Jalandhar,Sugarcane,Kharif,46.9258188796549,32.3,1321.4,83.85
Punjab,Malerkotla,Maize,Kharif,33.25674304181576,28.0,450.3,3.35
Haryana,Khanna,Cotton,Kharif,24.038184529696753,32.2,487.8,1.95
Punjab,Ludhiana,Wheat,Rabi,10.535607271053475,18.4,246.9,4.0
Haryana,Jalandhar,Wheat,Rabi,33.313510451888256,15.5,141.0,3.74
Punjab,Ludhiana,Wheat,Rabi,49.18275828422455,16.0,206.9,3.85
Haryana,Phagwara,Wheat,Rabi,18.105592852440612,20.0,166.0,3.64
Punjab,Phagwara,Cotton,Kharif,48.567667482994594,34.1,369.7,1.9
Haryana,Bathinda,Cotton,Kharif,14.443443309479463,29.9,407.1,2.26
Punjab,Jalandhar,Maize,Kharif,46.94925920001404,28.8,594.7,3.33
Punjab,Khanna,Sugarcane,Kharif,43.664305434022616,30.2,906.9,71.08
Haryana,Bathinda,Cotton,Kharif,2.9815229061636352,31.3,564.4,1.98
Haryana,Ludhiana,Cotton,Kharif,2.0995907668839635,32.5,338.5,1.99
Punjab,Amritsar,Maize,Kharif,23.937827550643,28.7,303.4,3.04
Haryana,Doraha,Cotton,Kharif,1.0010053800838536,33.0,593.7,1.91
Punjab,Patiala,Maize,Kharif,15.444426249750988,30.5,719.2,3.2
Haryana,Jalandhar,Cotton,Kharif,36.373754116279954,30.0,473.5,1.83
Haryana,Patiala,Wheat,Rabi,7.212947372497156,20.5,119.8,2.81
Punjab,Samrala,Cotton,Kharif,31.921378632905586,33.4,478.7,2.28
Haryana,Doraha,Cotton,Kharif,18.490626906190233,28.3,341.7,1.58
Punjab,Malerkotla,Sugarcane,Kharif,36.26034871512498,29.4,1101.9,72.98
Haryana,Patiala,Wheat,Rabi,20.093747685300116,21.4,158.8,3.59
Punjab,Bathinda,Maize,Kharif,15.794606330914721,27.1,481.2,3.54
Haryana,Ludhiana,Cotton,Kharif,23.132183150726654,31.5,566.6,1.87
Haryana,Samrala,Wheat,Rabi,2.732190230994016,17.7,193.4,3.99
Haryana,Ludhiana,Sugarcane,Kharif,22.90435328392784,22.4,816.6,64.89
Haryana,Amritsar,Cotton,Kharif,39.16432664008024,34.1,470.5,2.1
Haryana,Jalandhar,Rice (Paddy),Kharif,16.964072342535633,31.5,1100.7,4.59
Haryana,Jalandhar,Rice (Paddy),Kharif,35.371496852426475,30.1,632.6,3.63
Haryana,Ludhiana,Sugarcane,Kharif,19.254710508353643,29.6,915.1,68.75
Haryana,Ludhiana,Cotton,Kharif,43.13056661879322,31.2,392.6,1.95
Punjab,Jalandhar,Rice (Paddy),Kharif,39.24874891919657,31.4,903.1,4.76
Haryana,Patiala,Maize,Kharif,38.53365750304747,32.5,447.4,2.6
Haryana,Samrala,Wheat,Rabi,31.73391273422956,17.6,157.5,3.89
Punjab,Ludhiana,Maize,Kharif,44.58490242225525,29.3,697.8,3.62
Haryana,Bathinda,Maize,Kharif,17.97844558649566,22.1,616.9,3.44
Punjab,Bathinda,Wheat,Rabi,5.9387281658493585,19.6,176.6,3.77
Punjab,Bathinda,Wheat,Rabi,12.563803796053781,17.5,119.6,3.1
Punjab,Jalandhar,Cotton,Kharif,5.947226750818856,32.3,598.3,1.84
Punjab,Malerkotla,Wheat,Rabi,45.21049349945758,16.5,168.3,3.59
Punjab,Bathinda,Maize,Kharif,16.105083146326216,31.2,670.2,3.02
Haryana,Malerkotla,Wheat,Rabi,8.466329107357197,19.1,206.7,3.94
Haryana,Patiala,Rice (Paddy),Kharif,40.85917618630844,31.3,830.3,3.92
Haryana,Phagwara,Rice (Paddy),Kharif,24.95623909404603,27.9,636.2,3.87
Punjab,Phagwara,Maize,Kharif,11.457880564452141,27.7,571.1,3.22
Punjab,Samrala,Cotton,Kharif,45.33775298820634,31.3,508.5,2.1
Punjab,Phagwara,Rice (Paddy),Kharif,13.323545076785738,26.8,749.7,3.04
Punjab,Patiala,Maize,Kharif,25.73509386251995,21.5,387.3,2.92
Punjab,Bathinda,Sugarcane,Kharif,36.838264212267376,33.1,1092.0,72.31
Punjab,Malerkotla,Rice (Paddy),Kharif,11.840953276190394,27.6,1004.7,4.26
Haryana,Patiala,Cotton,Kharif,30.343646878999724,33.5,461.4,2.06
Haryana,Khanna,Wheat,Rabi,41.36893422413044,17.3,105.7,3.63
Punjab,Jalandhar,Wheat,Rabi,36.66708068733235,18.3,188.4,3.75
Haryana,Jalandhar,Sugarcane,Kharif,46.97598534247792,27.6,946.0,78.04
Haryana,Khanna,Rice (Paddy),Kharif,49.47495981090864,31.5,650.0,3.83
Haryana,Khanna,Cotton,Kharif,28.70457638124893,30.6,197.7,1.85
Haryana,Ludhiana,Rice (Paddy),Kharif,13.919517040418379,31.2,831.8,3.99
Haryana,Patiala,Wheat,Rabi,30.033923178223898,19.0,230.6,4.17
Punjab,Khanna,Sugarcane,Kharif,32.95628722749609,26.1,960.5,74.38
Punjab,Malerkotla,Sugarcane,Kharif,27.615715868834624,26.4,960.7,75.67
Punjab,Malerkotla,Sugarcane,Kharif,33.90388167555026,28.2,746.7,63.17
Haryana,Amritsar,Rice (Paddy),Kharif,47.546323577749185,30.0,747.8,4.08
Punjab,Ludhiana,Wheat,Rabi,27.46068532670478,15.8,156.0,3.67
Punjab,Jalandhar,Sugarcane,Kharif,20.931323635097755,26.1,1038.8,78.23
Punjab,Doraha,Wheat,Rabi,35.36723354203044,19.2,212.6,4.29
Punjab,Khanna,Rice (Paddy),Kharif,26.275464126130025,30.0,773.3,4.24
Haryana,Amritsar,Rice (Paddy),Kharif,7.762715668307646,32.0,732.4,4.32
Haryana,Phagwara,Rice (Paddy),Kharif,33.87492241862108,34.8,805.2,3.52
Punjab,Bathinda,Maize,Kharif,42.14002377590081,23.8,472.8,2.88
Punjab,Khanna,Maize,Kharif,45.45948515069988,19.3,528.4,3.13
Punjab,Phagwara,Sugarcane,Kharif,9.327594629183963,32.4,1119.5,68.12
Punjab,Jalandhar,Sugarcane,Kharif,44.240596244539816,27.5,910.7,70.89
Haryana,Samrala,Rice (Paddy),Kharif,23.638000526126984,29.0,984.5,4.09
Haryana,Samrala,Wheat,Rabi,44.00572038374227,17.3,150.7,3.2
Haryana,Phagwara,Sugarcane,Kharif,35.278946162425065,26.3,1160.6,76.43
Punjab,Amritsar,Maize,Kharif,48.06757237965808,28.8,536.9,2.86
Punjab,Amritsar,Cotton,Kharif,14.227532118960982,34.2,324.2,1.88
Punjab,Khanna,Cotton,Kharif,6.5639814975791655,34.7,595.8,1.95
Punjab,Jalandhar,Sugarcane,Kharif,47.73845220685437,26.8,891.5,81.42
Haryana,Malerkotla,Cotton,Kharif,24.865170674028196,33.7,442.8,1.74
Haryana,Ludhiana,Wheat,Rabi,4.325163450289285,18.5,78.8,4.2
Haryana,Patiala,Maize,Kharif,37.683030743809425,27.5,544.0,3.09
Punjab,Patiala,Rice (Paddy),Kharif,43.863183522041375,34.4,832.0,3.85
Punjab,Amritsar,Cotton,Kharif,44.10986852668512,31.1,507.7,2.09
Punjab,Malerkotla,Rice (Paddy),Kharif,6.9183513023609144,32.5,871.3,3.48
Haryana,Ludhiana,Sugarcane,Kharif,21.508461391603483,25.5,1011.6,75.31
Haryana,Ludhiana,Sugarcane,Kharif,47.12768124887443,30.5,1058.9,78.58
Haryana,Patiala,Maize,Kharif,26.803323078173847,25.1,531.8,2.79
Punjab,Samrala,Cotton,Kharif,29.05695478915844,33.9,364.8,2.15
Haryana,Patiala,Sugarcane,Kharif,26.522975242147236,30.0,1204.1,72.16
Punjab,Doraha,Rice (Paddy),Kharif,26.846832560971453,29.3,1101.3,4.74
Haryana,Jalandhar,Sugarcane,Kharif,39.90572641682192,29.2,904.4,67.99
Haryana,Bathinda,Wheat,Rabi,42.48884499429344,19.9,125.4,3.64
Haryana,Doraha,Rice (Paddy),Kharif,21.03465748672467,30.4,806.7,4.36
Punjab,Bathinda,Cotton,Kharif,9.280048872451912,31.2,497.6,2.1
Haryana,Doraha,Wheat,Rabi,36.0523237671264,19.0,117.1,3.37
Haryana,Bathinda,Cotton,Kharif,42.77395624616783,35.3,384.2,1.85
Haryana,Samrala,Maize,Kharif,11.659637972778025,30.4,411.0,2.56
Haryana,Khanna,Maize,Kharif,29.45669003904205,25.6,423.9,3.07
Haryana,Phagwara,Maize,Kharif,7.056551853344674,27.6,366.1,2.41
Punjab,Ludhiana,Rice (Paddy),Kharif,41.153715624659846,26.9,598.5,3.13
Haryana,Amritsar,Wheat,Rabi,29.78629020721238,15.2,134.5,3.67
Punjab,Samrala,Rice (Paddy),Kharif,7.585900217501665,32.8,246.7,3.22
Punjab,Bathinda,Rice (Paddy),Kharif,35.12139915399072,29.5,791.4,4.33
Haryana,Doraha,Maize,Kharif,8.91543843741692,32.4,479.9,2.78
Punjab,Jalandhar,Maize,Kharif,28.06954828186062,32.3,502.9,3.06
Punjab,Ludhiana,Rice (Paddy),Kharif,28.2480309230132,30.8,717.0,4.11
Haryana,Khanna,Rice (Paddy),Kharif,2.782170853614403,26.1,1061.6,3.62
Haryana,Bathinda,Wheat,Rabi,13.679312159044297,19.5,130.4,3.84
Punjab,Bathinda,Cotton,Kharif,11.929643780603328,36.4,435.9,1.52
Haryana,Samrala,Cotton,Kharif,44.35964535010942,29.8,564.7,2.11
Haryana,Amritsar,Cotton,Kharif,35.3330463151333,32.2,525.5,2.29
Punjab,Patiala,Rice (Paddy),Kharif,42.23816611321872,27.4,917.1,4.68
Haryana,Jalandhar,Maize,Kharif,42.048242913633466,27.4,559.9,3.29
Punjab,Ludhiana,Cotton,Kharif,10.178373558442704,34.9,360.3,2.18
Haryana,Ludhiana,Cotton,Kharif,15.083365236950387,30.4,440.9,1.73
Haryana,Patiala,Cotton,Kharif,26.549431927325127,27.4,500.3,1.61
Punjab,Amritsar,Wheat,Rabi,19.368218382936643,17.5,129.6,3.36
Punjab,Ludhiana,Sugarcane,Kharif,19.97989185015297,28.1,754.6,71.22
Haryana,Jalandhar,Wheat,Rabi,3.932512296617537,14.7,81.9,3.31
Punjab,Doraha,Cotton,Kharif,22.297577526224153,29.5,518.4,1.84
Punjab,Phagwara,Wheat,Rabi,16.226061732154065,19.3,126.3,3.73
Punjab,Amritsar,Wheat,Rabi,19.250130531689518,16.1,99.9,3.86
Punjab,Bathinda,Rice (Paddy),Kharif,3.124307491856876,29.5,706.9,4.03
Haryana,Malerkotla,Maize,Kharif,15.44768512846126,24.7,379.7,2.75
Haryana,Amritsar,Wheat,Rabi,41.134372415513944,17.8,125.6,4.3
Punjab,Jalandhar,Wheat,Rabi,49.964114119729466,18.7,110.9,4.0
Punjab,Patiala,Cotton,Kharif,34.53748382657046,32.1,271.3,1.84
Haryana,Amritsar,Wheat,Rabi,4.3460132025945875,16.9,105.0,3.89
Haryana,Jalandhar,Rice (Paddy),Kharif,42.5963235652259,30.4,715.1,4.57
Haryana,Jalandhar,Sugarcane,Kharif,41.367499078851225,27.5,1209.0,73.21
Punjab,Phagwara,Cotton,Kharif,11.90555733092365,31.8,582.6,2.16
Haryana,Ludhiana,Maize,Kharif,32.45117815938797,28.2,646.8,3.75
Haryana,Phagwara,Wheat,Rabi,25.70892878278733,16.3,148.8,3.78
Punjab,Amritsar,Sugarcane,Kharif,28.298385693103235,33.6,925.8,63.26
Punjab,Bathinda,Sugarcane,Kharif,28.452517295056705,25.9,945.8,72.84
Haryana,Patiala,Rice (Paddy),Kharif,34.841537043835544,31.0,999.1,4.55
Haryana,Jalandhar,Wheat,Rabi,38.34013188636442,16.9,155.8,3.32
Haryana,Amritsar,Sugarcane,Kharif,26.5911041818091,27.5,1312.4,80.9
Punjab,Jalandhar,Maize,Kharif,38.869531423648056,27.5,532.8,3.11
Haryana,Amritsar,Maize,Kharif,31.189204128441112,26.6,624.6,3.35
Punjab,Ludhiana,Sugarcane,Kharif,5.550254381349287,33.0,1066.8,81.35
Haryana,Jalandhar,Sugarcane,Kharif,6.646187325776149,29.2,843.4,80.17
Haryana,Malerkotla,Sugarcane,Kharif,13.983926706398389,29.4,808.7,66.78
Haryana,Phagwara,Maize,Kharif,30.689851104589096,30.0,578.1,2.88
Haryana,Phagwara,Maize,Kharif,40.36233269815381,24.1,523.4,3.12
Punjab,Ludhiana,Maize,Kharif,46.53690532949925,27.9,407.7,3.02
Haryana,Amritsar,Sugarcane,Kharif,48.37633387921646,28.4,808.5,73.77
Punjab,Phagwara,Wheat,Rabi,9.826936136149776,17.5,129.6,4.31
Haryana,Doraha,Rice (Paddy),Kharif,15.794811946584574,28.6,799.3,4.5
Haryana,Patiala,Sugarcane,Kharif,23.287244322787576,27.5,1018.4,76.07
Punjab,Phagwara,Wheat,Rabi,37.08613748557023,18.2,111.2,4.42
Haryana,Khanna,Cotton,Kharif,10.822317603963617,33.5,515.0,2.21
Punjab,Samrala,Rice (Paddy),Kharif,19.547629129699406,25.9,912.9,3.97
Punjab,Amritsar,Cotton,Kharif,43.01280430371597,33.1,507.1,2.24
Haryana,Khanna,Cotton,Kharif,2.0325285221881275,30.2,490.6,2.17
Haryana,Malerkotla,Wheat,Rabi,17.62485630849115,18.2,91.5,3.46
Punjab,Malerkotla,Sugarcane,Kharif,21.83322577635174,33.4,1199.3,76.67
Haryana,Ludhiana,Rice (Paddy),Kharif,24.085581605099687,36.9,715.9,3.02
Haryana,Patiala,Wheat,Rabi,31.202691824494032,17.4,266.9,4.24
Haryana,Khanna,Maize,Kharif,16.37699353534944,31.5,331.9,2.64
Haryana,Bathinda,Wheat,Rabi,31.27002019244723,17.7,189.5,4.26
Haryana,Patiala,Wheat,Rabi,29.193041906711805,19.3,183.1,3.84
Haryana,Jalandhar,Sugarcane,Kharif,6.386793932785467,30.5,1157.7,68.55
Haryana,Phagwara,Maize,Kharif,22.929475119595132,28.1,483.0,3.01
Punjab,Khanna,Maize,Kharif,21.060582125231395,31.9,364.9,2.74
Punjab,Patiala,Cotton,Kharif,49.3503978235843,33.5,422.8,2.17
Haryana,Patiala,Maize,Kharif,16.914958205184735,23.3,494.7,2.99
Haryana,Ludhiana,Sugarcane,Kharif,13.921949662854498,32.9,1259.6,80.57
Punjab,Amritsar,Maize,Kharif,48.382230318901925,24.4,496.5,2.91
Haryana,Phagwara,Maize,Kharif,22.74189373655629,26.5,303.6,3.4
Haryana,Doraha,Cotton,Kharif,41.417883946273214,29.5,509.5,1.93
Punjab,Jalandhar,Cotton,Kharif,27.737056173103092,30.5,629.2,2.54
Punjab,Phagwara,Sugarcane,Kharif,45.376108700381664,32.8,1090.5,73.9
Haryana,Khanna,Rice (Paddy),Kharif,16.97946412928843,33.3,941.4,4.35
Haryana,Jalandhar,Sugarcane,Kharif,11.309682852653639,30.4,1509.0,82.22
Punjab,Khanna,Wheat,Rabi,11.219882388117487,19.8,145.2,3.39
Punjab,Ludhiana,Sugarcane,Kharif,29.214858160560848,18.1,1083.8,64.95
Haryana,Ludhiana,Maize,Kharif,31.410048953352717,29.8,327.0,2.69
Punjab,Amritsar,Maize,Kharif,34.373460946762506,32.4,671.8,3.23
Punjab,Doraha,Wheat,Rabi,21.88175793211857,14.3,142.0,3.13
Haryana,Khanna,Maize,Kharif,7.018687097065339,23.3,239.8,2.43
Haryana,Bathinda,Rice (Paddy),Kharif,21.010604350942312,31.5,594.8,3.83
Haryana,Phagwara,Wheat,Rabi,39.41693363478925,16.3,134.9,3.89
Punjab,Bathinda,Wheat,Rabi,36.84013479895268,21.5,145.6,2.89
Haryana,Ludhiana,Sugarcane,Kharif,40.3354990892789,29.6,1157.8,78.78
Haryana,Ludhiana,Cotton,Kharif,9.060590429571718,31.2,365.8,2.16
Haryana,Amritsar,Cotton,Kharif,17.079860587040635,33.8,335.4,1.92
Haryana,Khanna,Wheat,Rabi,17.751849241653613,17.1,205.2,3.96
Haryana,Malerkotla,Rice (Paddy),Kharif,24.405518470490442,31.1,1163.4,4.55
Haryana,Doraha,Rice (Paddy),Kharif,27.45575154623599,26.6,690.4,3.75
Haryana,Patiala,Sugarcane,Kharif,44.368406174442896,26.3,1135.0,80.86
Haryana,Malerkotla,Rice (Paddy),Kharif,35.8724056681265,30.0,793.7,3.69
Punjab,Ludhiana,Sugarcane,Kharif,22.063004221857124,30.0,1012.0,71.63
Haryana,Ludhiana,Rice (Paddy),Kharif,30.622196678140327,29.0,866.2,4.12
Haryana,Phagwara,Wheat,Rabi,3.255979411626449,15.0,202.7,3.11
Haryana,Khanna,Cotton,Kharif,5.7828174223557145,32.2,330.0,1.86
Haryana,Bathinda,Maize,Kharif,26.034945902612346,23.3,484.0,2.95
Haryana,Bathinda,Maize,Kharif,16.448636618225297,29.5,500.0,2.94
Haryana,Ludhiana,Maize,Kharif,39.70450196317333,24.0,611.1,3.31
Haryana,Bathinda,Wheat,Rabi,16.478252778848415,15.5,89.3,3.36
Haryana,Amritsar,Rice (Paddy),Kharif,47.92286467328936,32.3,989.4,3.6
Haryana,Khanna,Cotton,Kharif,31.778455513920182,33.2,665.0,2.41
Punjab,Amritsar,Rice (Paddy),Kharif,34.53337546116731,29.0,933.7,4.66
Punjab,Patiala,Maize,Kharif,15.212171087550397,30.5,562.9,2.82
Punjab,Doraha,Wheat,Rabi,1.2124203218577225,18.4,121.0,4.35
Haryana,Amritsar,Wheat,Rabi,43.299697236035136,18.6,147.1,3.94
Haryana,Phagwara,Rice (Paddy),Kharif,21.507343939989784,26.6,822.1,3.88
Haryana,Malerkotla,Wheat,Rabi,25.812439904679728,20.5,122.1,3.47
Punjab,Jalandhar,Sugarcane,Kharif,46.06846705685894,30.4,955.8,76.82
Haryana,Phagwara,Maize,Kharif,1.7969886317547201,28.4,519.8,2.78
Punjab,Ludhiana,Wheat,Rabi,12.805678078267148,17.1,156.3,3.66
Punjab,Phagwara,Cotton,Kharif,1.8966993484945536,34.3,120.4,1.76
Punjab,Malerkotla,Sugarcane,Kharif,11.896697428775548,29.4,858.4,68.72
Punjab,Ludhiana,Sugarcane,Kharif,49.07168708210518,29.2,1040.5,82.24
Punjab,Amritsar,Cotton,Kharif,17.407234908271192,31.3,542.1,2.24
Haryana,Jalandhar,Rice (Paddy),Kharif,47.80137000415396,27.7,779.0,3.36
Punjab,Samrala,Wheat,Rabi,45.85124759485732,18.5,171.6,3.79
Haryana,Jalandhar,Cotton,Kharif,13.026348551470104,33.9,340.6,1.63
Punjab,Bathinda,Sugarcane,Kharif,15.407778132144394,26.6,920.6,79.65
Haryana,Bathinda,Maize,Kharif,10.6476809295207,21.8,604.3,3.43
Punjab,Bathinda,Wheat,Rabi,33.04068712798476,18.4,119.1,4.02
Haryana,Khanna,Sugarcane,Kharif,14.30478007755127,23.6,1362.4,80.71
Haryana,Phagwara,Wheat,Rabi,12.682513643074387,20.2,165.1,3.46
Haryana,Malerkotla,Wheat,Rabi,36.726026351561714,15.7,161.7,3.5
Punjab,Doraha,Sugarcane,Kharif,2.4909982475678327,27.2,722.8,71.4
Haryana,Khanna,Wheat,Rabi,1.1747552013001332,15.2,135.1,3.37
Haryana,Ludhiana,Rice (Paddy),Kharif,42.85515253455378,26.8,652.2,3.67
Haryana,Khanna,Maize,Kharif,29.626247918762356,24.7,619.4,2.89
Punjab,Samrala,Maize,Kharif,23.18556385462571,29.8,458.0,2.69
Haryana,Samrala,Cotton,Kharif,37.30866932766371,32.6,338.1,2.04
Haryana,Malerkotla,Sugarcane,Kharif,3.940876640163629,26.8,809.2,69.73
Haryana,Khanna,Maize,Kharif,42.50704706790341,31.3,497.4,3.12
Punjab,Doraha,Rice (Paddy),Kharif,14.428101704403216,25.3,780.4,3.71
Haryana,Jalandhar,Cotton,Kharif,39.087640499949636,33.0,360.0,2.24
Haryana,Malerkotla,Cotton,Kharif,3.826967852954245,35.6,413.5,1.79
Haryana,Doraha,Cotton,Kharif,25.63932936863309,35.5,373.2,1.74
Punjab,Patiala,Cotton,Kharif,39.160246919476215,32.4,376.6,2.27
Punjab,Jalandhar,Wheat,Rabi,11.795771540144356,13.9,185.4,3.81
Haryana,Bathinda,Wheat,Rabi,10.463234947313271,18.7,148.5,3.78
Haryana,Malerkotla,Rice (Paddy),Kharif,40.76160208288005,27.7,759.5,4.18
Haryana,Samrala,Sugarcane,Kharif,23.604749727138604,29.2,1283.0,85.69
Punjab,Khanna,Maize,Kharif,41.080742850890154,30.8,705.8,3.16
Haryana,Khanna,Rice (Paddy),Kharif,26.597556407704772,29.9,662.7,4.48
Haryana,Samrala,Rice (Paddy),Kharif,35.2806816342238,31.5,705.9,4.39
Punjab,Khanna,Wheat,Rabi,42.89063362953967,19.6,177.4,3.49
Punjab,Doraha,Cotton,Kharif,40.491079746478405,34.7,306.6,1.67
Haryana,Phagwara,Sugarcane,Kharif,24.740935635174786,27.8,1277.0,82.25
Punjab,Samrala,Sugarcane,Kharif,22.229571620771928,31.8,1258.6,81.09
Haryana,Samrala,Maize,Kharif,33.234768104110856,25.8,436.7,3.35
Haryana,Amritsar,Sugarcane,Kharif,38.477995406147016,23.9,851.5,70.97
Haryana,Doraha,Maize,Kharif,10.450942735887445,27.9,490.0,2.91
Punjab,Jalandhar,Rice (Paddy),Kharif,40.13241597728204,27.5,741.2,3.73
Punjab,Amritsar,Wheat,Rabi,3.8075909888502966,18.0,168.7,3.94
Punjab,Samrala,Cotton,Kharif,9.53743860333648,28.4,305.7,1.88
Punjab,Samrala,Cotton,Kharif,39.73339500795099,29.8,571.2,2.26
Punjab,Phagwara,Cotton,Kharif,34.62587416545655,32.1,372.2,2.1
Punjab,Phagwara,Maize,Kharif,23.530936159795708,29.1,329.1,3.07
Punjab,Bathinda,Rice (Paddy),Kharif,34.48369691080446,30.6,604.1,4.26
Punjab,Amritsar,Wheat,Rabi,1.4592688463451784,19.5,213.2,4.14
Punjab,Ludhiana,Rice (Paddy),Kharif,42.61681566936135,32.7,815.4,4.0
Haryana,Amritsar,Rice (Paddy),Kharif,10.412262135445184,25.8,684.9,3.76
Haryana,Samrala,Wheat,Rabi,49.354979427630624,21.2,96.2,2.62
Punjab,Phagwara,Rice (Paddy),Kharif,38.43143871726128,26.7,879.5,4.17
Punjab,Bathinda,Rice (Paddy),Kharif,40.00819911720917,29.4,950.3,4.5
Punjab,Jalandhar,Cotton,Kharif,14.684396310901706,34.9,269.1,2.01
Punjab,Jalandhar,Cotton,Kharif,12.138838029384553,33.5,513.1,2.12
Punjab,Doraha,Cotton,Kharif,11.96443699997722,33.7,554.9,1.9
Haryana,Samrala,Rice (Paddy),Kharif,18.488951110065013,29.6,854.4,3.83
Punjab,Malerkotla,Rice (Paddy),Kharif,3.219461313282559,25.7,601.8,4.03
Punjab,Khanna,Rice (Paddy),Kharif,37.52216412731328,30.8,584.4,4.48
Punjab,Ludhiana,Wheat,Rabi,36.17434969216797,19.0,77.4,3.81
Haryana,Ludhiana,Wheat,Rabi,23.00772527229915,19.4,113.6,3.8
Punjab,Patiala,Sugarcane,Kharif,8.034494956311537,30.1,1042.5,70.17
Punjab,Ludhiana,Sugarcane,Kharif,25.662741703024,30.2,1097.7,78.82
Punjab,Jalandhar,Cotton,Kharif,35.76524870211049,35.5,485.7,2.02
Punjab,Bathinda,Wheat,Rabi,47.51740396090943,15.4,101.1,2.89
Haryana,Malerkotla,Wheat,Rabi,12.74414892195243,14.7,119.3,2.81
Haryana,Bathinda,Sugarcane,Kharif,21.87996908383093,28.8,1302.0,82.65
Haryana,Amritsar,Maize,Kharif,28.10473684917352,31.2,483.5,3.4
Punjab,Samrala,Wheat,Rabi,30.410136022040895,19.7,218.6,3.64
Punjab,Bathinda,Rice (Paddy),Kharif,1.6755975226829949,31.4,534.1,3.68
Haryana,Amritsar,Sugarcane,Kharif,44.17296927214071,33.4,782.6,72.18
Punjab,Patiala,Cotton,Kharif,44.109306506852995,32.0,642.2,2.18
Punjab,Malerkotla,Maize,Kharif,26.26969039449724,25.7,450.5,3.36
Haryana,Phagwara,Maize,Kharif,42.57047979495821,28.2,577.0,3.34
Punjab,Amritsar,Rice (Paddy),Kharif,17.37436222996861,35.5,946.8,4.01
Punjab,Ludhiana,Sugarcane,Kharif,18.340186216342595,32.8,1152.5,71.28
Punjab,Ludhiana,Sugarcane,Kharif,31.083924975832545,33.1,1091.9,57.77
Haryana,Patiala,Rice (Paddy),Kharif,32.98156298840222,31.7,719.8,4.5
Punjab,Ludhiana,Maize,Kharif,16.045054349006342,29.6,526.2,3.01
Punjab,Patiala,Wheat,Rabi,39.87821498242211,17.3,225.1,4.13
Punjab,Ludhiana,Maize,Kharif,36.30157537826343,30.9,569.6,3.61
Haryana,Khanna,Cotton,Kharif,38.21407310560516,32.9,557.2,2.03
Haryana,Jalandhar,Rice (Paddy),Kharif,10.063019782714642,30.5,922.3,4.02
Punjab,Bathinda,Wheat,Rabi,22.774593279205348,16.5,147.7,3.07
Haryana,Jalandhar,Wheat,Rabi,29.800674515501495,18.0,198.2,4.55
Punjab,Phagwara,Maize,Kharif,7.310159018395697,25.5,624.9,3.29
Punjab,Khanna,Sugarcane,Kharif,34.65548033121458,22.2,1152.0,79.09
Punjab,Samrala,Sugarcane,Kharif,10.339119258059256,31.0,1076.1,73.52
Haryana,Malerkotla,Cotton,Kharif,12.957986158269923,30.6,449.3,1.88
Haryana,Bathinda,Cotton,Kharif,21.946992859048287,31.8,288.0,2.06
Haryana,Doraha,Wheat,Rabi,19.278392432690328,18.4,94.3,3.94
Punjab,Malerkotla,Wheat,Rabi,3.0809889354031963,16.8,53.0,3.19
Punjab,Bathinda,Rice (Paddy),Kharif,40.54721867991973,25.3,963.9,3.63
Punjab,Samrala,Rice (Paddy),Kharif,22.967064473727383,27.1,718.4,3.78
Haryana,Ludhiana,Maize,Kharif,16.911948369937996,26.5,238.2,2.94
Haryana,Patiala,Sugarcane,Kharif,33.39714915412105,26.8,1139.8,81.37
Haryana,Khanna,Sugarcane,Kharif,24.149071900447357,29.2,978.0,81.07
Haryana,Malerkotla,Cotton,Kharif,11.364591150076757,31.2,464.2,1.75
Punjab,Patiala,Sugarcane,Kharif,21.86470517202949,24.7,835.8,60.2
Haryana,Samrala,Wheat,Rabi,41.51909792045266,18.9,159.3,4.35
Haryana,Malerkotla,Cotton,Kharif,21.84632934281492,30.0,502.8,2.2
Haryana,Doraha,Wheat,Rabi,16.86966269528628,19.4,130.1,3.95
Punjab,Samrala,Wheat,Rabi,41.54751314961173,21.9,205.1,2.68
Punjab,Khanna,Sugarcane,Kharif,21.444765839610035,26.5,1494.5,74.0
Haryana,Samrala,Sugarcane,Kharif,33.3630036560704,28.5,987.2,63.89
Punjab,Samrala,Wheat,Rabi,44.01558133861512,16.5,105.6,3.47
Haryana,Patiala,Rice (Paddy),Kharif,15.263275984717286,27.8,787.2,4.22
Punjab,Patiala,Wheat,Rabi,5.4166083729522345,16.5,216.2,4.34
Haryana,Phagwara,Wheat,Rabi,28.195121146443356,15.4,131.5,3.04
Haryana,Bathinda,Sugarcane,Kharif,6.881178536872611,27.8,1082.9,69.89
Haryana,Phagwara,Maize,Kharif,25.949281469292625,19.9,394.7,2.59
Punjab,Ludhiana,Maize,Kharif,11.394398217450561,25.3,627.9,2.98
Punjab,Jalandhar,Rice (Paddy),Kharif,43.63653088556017,30.9,527.0,3.8
Haryana,Patiala,Sugarcane,Kharif,10.652875354188993,26.3,865.6,71.53
Punjab,Doraha,Cotton,Kharif,7.623026678603348,34.1,525.4,2.08
Punjab,Khanna,Rice (Paddy),Kharif,37.70289411036832,33.5,934.0,3.5
Punjab,Doraha,Maize,Kharif,35.953039391180205,28.2,205.0,2.48
Punjab,Jalandhar,Cotton,Kharif,14.36607466234349,28.9,440.4,1.97
Punjab,Ludhiana,Cotton,Kharif,19.298572806068506,33.5,443.6,2.02
Punjab,Malerkotla,Sugarcane,Kharif,36.08562851212505,28.3,899.7,80.66
Punjab,Malerkotla,Rice (Paddy),Kharif,12.699554421340059,30.5,783.8,4.59
Punjab,Malerkotla,Maize,Kharif,39.6043689162538,26.3,598.0,3.48
Punjab,Patiala,Maize,Kharif,35.8068282159804,31.7,648.4,2.88
Punjab,Jalandhar,Maize,Kharif,46.90826902954973,29.2,390.4,3.49
Punjab,Bathinda,Rice (Paddy),Kharif,40.96382202864639,31.7,658.7,3.63
Haryana,Amritsar,Cotton,Kharif,19.549775659267695,29.6,397.7,1.73
Punjab,Samrala,Sugarcane,Kharif,28.08386165888742,29.1,1196.9,77.65
Haryana,Patiala,Maize,Kharif,18.91682286341907,29.3,315.1,3.27
Haryana,Phagwara,Maize,Kharif,17.946791752240006,27.9,446.7,2.77
Haryana,Khanna,Sugarcane,Kharif,37.53018358656861,24.3,856.8,61.47
Haryana,Khanna,Sugarcane,Kharif,22.66644484251879,24.5,901.8,74.45
Haryana,Patiala,Wheat,Rabi,49.53029045959412,20.1,176.4,4.14
Haryana,Doraha,Cotton,Kharif,11.151669446834108,33.1,349.0,2.02
Punjab,Ludhiana,Rice (Paddy),Kharif,48.04219721724616,29.1,990.6,4.67
Punjab,Bathinda,Rice (Paddy),Kharif,3.9524397629859545,26.6,910.7,3.93
Haryana,Jalandhar,Cotton,Kharif,35.3802548467476,34.5,403.0,2.05
Haryana,Malerkotla,Maize,Kharif,28.030963867142553,34.5,373.7,2.95
Punjab,Malerkotla,Sugarcane,Kharif,40.493924273278644,31.2,1235.6,72.9
Haryana,Bathinda,Maize,Kharif,21.129052928673012,27.1,606.3,2.96
Haryana,Doraha,Rice (Paddy),Kharif,49.85865811389298,31.1,783.5,3.48
Punjab,Bathinda,Sugarcane,Kharif,41.9323152560548,33.0,1394.3,83.61
Punjab,Patiala,Sugarcane,Kharif,16.95140139993561,29.6,882.7,67.0
Punjab,Ludhiana,Cotton,Kharif,3.475327588432275,32.6,370.6,1.75
Haryana,Phagwara,Wheat,Rabi,21.83641540743437,19.1,181.6,3.73
Haryana,Phagwara,Maize,Kharif,2.2619100938031824,22.4,722.5,2.95
Haryana,Bathinda,Sugarcane,Kharif,35.45979340612014,32.2,823.5,63.88
Punjab,Doraha,Wheat,Rabi,9.280236068418406,20.3,112.7,3.48
Haryana,Patiala,Wheat,Rabi,1.100794015699552,20.7,83.0,3.3
Punjab,Amritsar,Wheat,Rabi,13.080420695970142,16.2,148.8,3.63
Haryana,Samrala,Maize,Kharif,14.073511685431864,21.6,302.0,2.52
Punjab,Khanna,Sugarcane,Kharif,26.26592171028959,32.2,831.2,68.56
Haryana,Jalandhar,Rice (Paddy),Kharif,7.504192920548275,33.1,1074.7,3.82
Punjab,Patiala,Rice (Paddy),Kharif,14.031875647130889,29.3,1014.3,3.26
Haryana,Samrala,Rice (Paddy),Kharif,4.839408746834097,29.6,668.4,3.53
Punjab,Malerkotla,Sugarcane,Kharif,32.82096845548678,32.0,759.3,75.43
Haryana,Jalandhar,Maize,Kharif,38.2623802374696,29.1,335.4,3.23
Punjab,Samrala,Maize,Kharif,21.23536304546736,25.6,641.2,3.57
Haryana,Jalandhar,Sugarcane,Kharif,41.054745535408905,28.6,996.0,59.12
Punjab,Jalandhar,Maize,Kharif,7.519853412888637,29.6,361.1,2.56
Punjab,Phagwara,Sugarcane,Kharif,49.611505974329056,28.0,726.0,72.72
Haryana,Patiala,Rice (Paddy),Kharif,29.846199727105198,26.7,651.8,3.77
Punjab,Amritsar,Maize,Kharif,39.13811583712243,23.8,495.7,2.76
Haryana,Khanna,Cotton,Kharif,32.24730873953651,34.1,398.1,1.8
Punjab,Amritsar,Wheat,Rabi,8.10115606456869,16.3,135.7,3.32
Punjab,Doraha,Rice (Paddy),Kharif,42.980381637955645,26.6,1065.9,4.56
Haryana,Khanna,Wheat,Rabi,27.248705192907785,16.0,179.5,4.06
Haryana,Samrala,Cotton,Kharif,20.479402667980498,27.7,511.5,1.78
Punjab,Bathinda,Maize,Kharif,40.74638778869482,26.3,461.4,3.31
Haryana,Samrala,Sugarcane,Kharif,44.920821902599975,32.0,1111.0,77.77
Punjab,Phagwara,Wheat,Rabi,14.437924244378914,20.2,151.1,3.47
Punjab,Bathinda,Maize,Kharif,13.630616917093123,31.4,483.9,2.94
Haryana,Patiala,Rice (Paddy),Kharif,45.33495269195211,28.4,802.2,4.5
Punjab,Khanna,Cotton,Kharif,8.114634881272076,33.3,460.9,2.14
Haryana,Samrala,Rice (Paddy),Kharif,4.057374758909615,28.7,983.3,4.5
Punjab,Malerkotla,Rice (Paddy),Kharif,12.044209598560293,28.7,747.0,4.68
Haryana,Doraha,Maize,Kharif,37.93109873910296,28.4,681.2,3.37
Haryana,Doraha,Rice (Paddy),Kharif,13.764620121249193,30.1,340.2,3.7
Haryana,Doraha,Rice (Paddy),Kharif,31.535965108614356,22.7,811.4,3.9
Haryana,Jalandhar,Rice (Paddy),Kharif,8.201326209418516,29.6,820.1,4.4
Punjab,Khanna,Maize,Kharif,38.23002162372935,30.0,517.0,2.97
Punjab,Doraha,Maize,Kharif,1.952924436427872,28.8,568.6,3.22
Punjab,Samrala,Sugarcane,Kharif,22.478777643886357,30.0,1003.1,73.93
Haryana,Patiala,Cotton,Kharif,33.68667053227674,32.4,587.6,2.07
Haryana,Khanna,Rice (Paddy),Kharif,45.12883982561962,29.7,687.3,3.98
Haryana,Samrala,Sugarcane,Kharif,16.57223032505079,31.8,1246.6,91.2
Punjab,Bathinda,Wheat,Rabi,2.69664348174211,19.1,167.8,3.8
Haryana,Patiala,Cotton,Kharif,6.373684909860898,33.1,343.4,2.11
Punjab,Khanna,Cotton,Kharif,38.282828551786444,34.7,604.2,2.1
Haryana,Samrala,Maize,Kharif,23.45045069999106,22.4,623.1,3.22
Punjab,Malerkotla,Cotton,Kharif,15.833018586164762,32.9,523.1,1.81
Haryana,Samrala,Sugarcane,Kharif,33.73937117369419,21.6,1162.0,69.59
Punjab,Amritsar,Wheat,Rabi,18.322911537502396,17.1,134.6,3.37
Haryana,Jalandhar,Rice (Paddy),Kharif,34.26344103847718,26.5,712.6,3.85
Haryana,Doraha,Maize,Kharif,15.159150119867723,26.9,425.0,3.14
Haryana,Patiala,Sugarcane,Kharif,47.71432605129748,26.8,1152.4,81.12
Punjab,Patiala,Cotton,Kharif,45.23108940304428,34.8,559.6,1.82
Punjab,Khanna,Cotton,Kharif,13.888236411343795,33.5,536.1,1.97
Punjab,Khanna,Rice (Paddy),Kharif,35.469434312373835,29.1,1049.2,4.09
Punjab,Khanna,Maize,Kharif,22.44114895369862,26.7,503.0,3.07
Haryana,Phagwara,Cotton,Kharif,42.249838842029106,33.7,421.7,2.35
Haryana,Jalandhar,Rice (Paddy),Kharif,38.935475430246996,29.8,868.0,4.55
Punjab,Doraha,Wheat,Rabi,24.283622673413973,18.2,170.4,4.11
Punjab,Samrala,Cotton,Kharif,30.106809623321375,33.6,376.7,2.11
Haryana,Doraha,Cotton,Kharif,32.79851809092986,32.8,294.3,1.99
Punjab,Phagwara,Sugarcane,Kharif,13.060424474193042,21.7,1361.8,78.07
Punjab,Jalandhar,Maize,Kharif,24.992515315986697,27.5,518.6,3.63
Haryana,Phagwara,Sugarcane,Kharif,18.497055617981225,29.5,1060.6,71.85
Haryana,Ludhiana,Wheat,Rabi,20.230132754251073,18.4,118.1,3.9
Haryana,Phagwara,Sugarcane,Kharif,45.650521355084194,31.3,1130.9,76.21
Haryana,Khanna,Rice (Paddy),Kharif,45.46661834067167,33.3,558.3,3.34
Punjab,Samrala,Sugarcane,Kharif,20.696536278389132,26.2,828.5,74.13
Punjab,Samrala,Sugarcane,Kharif,10.00935618448264,28.1,359.2,64.14
Punjab,Ludhiana,Wheat,Rabi,34.79093997354626,15.2,134.9,3.22
Punjab,Amritsar,Maize,Kharif,6.983204007308922,28.4,580.9,3.44
Punjab,Phagwara,Rice (Paddy),Kharif,42.976932505766456,33.4,600.1,3.72
Haryana,Ludhiana,Wheat,Rabi,41.56765764124227,16.9,150.2,3.88
Punjab,Ludhiana,Cotton,Kharif,47.66149706698258,31.5,444.5,2.22
Haryana,Ludhiana,Maize,Kharif,11.729944098227671,21.0,340.8,2.88
Punjab,Jalandhar,Sugarcane,Kharif,38.201436041719255,27.5,1185.6,84.39
Punjab,Khanna,Wheat,Rabi,15.271180188232814,20.0,132.1,4.01
Punjab,Jalandhar,Wheat,Rabi,24.30237816813169,17.4,143.7,3.38
Punjab,Khanna,Maize,Kharif,31.98746595619471,27.4,554.3,3.23
Haryana,Phagwara,Sugarcane,Kharif,44.40887430769368,27.8,831.8,60.04
Haryana,Bathinda,Sugarcane,Kharif,21.219974383650733,29.3,1029.0,83.52
Punjab,Samrala,Rice (Paddy),Kharif,49.15303461128915,29.9,838.6,4.06
Punjab,Doraha,Cotton,Kharif,29.369513536796042,30.6,450.5,2.06
Punjab,Khanna,Sugarcane,Kharif,40.18906796059515,26.0,916.0,73.92
Punjab,Malerkotla,Cotton,Kharif,19.074649438348036,28.0,455.6,1.57
Punjab,Patiala,Maize,Kharif,32.97073516739037,25.3,627.0,3.26
Punjab,Phagwara,Cotton,Kharif,2.557036858770032,33.7,462.4,2.05
Haryana,Jalandhar,Cotton,Kharif,49.41426254472815,32.8,627.1,2.18
Punjab,Samrala,Cotton,Kharif,8.79855805792867,31.7,498.0,2.1
Punjab,Patiala,Wheat,Rabi,12.55630694822049,20.3,216.7,3.68
Punjab,Amritsar,Cotton,Kharif,10.588769505440549,29.3,605.9,1.77
Haryana,Samrala,Sugarcane,Kharif,40.05619429048431,26.4,1184.8,75.76
Punjab,Bathinda,Maize,Kharif,16.09253398755841,27.3,479.9,3.11
Punjab,Bathinda,Rice (Paddy),Kharif,22.729620195226595,28.5,1045.3,4.64
Haryana,Doraha,Rice (Paddy),Kharif,37.793072730253336,34.5,677.4,4.19
Haryana,Amritsar,Maize,Kharif,40.61394808779683,29.6,399.7,2.56
Punjab,Doraha,Sugarcane,Kharif,47.686196762585716,29.7,968.1,67.55
Haryana,Khanna,Sugarcane,Kharif,42.668625702685674,25.8,662.3,60.96
Punjab,Bathinda,Cotton,Kharif,17.968433539391423,33.0,501.7,1.88
Punjab,Patiala,Sugarcane,Kharif,40.04775527059399,26.5,791.1,70.45
Punjab,Phagwara,Cotton,Kharif,31.147211055637783,30.5,367.2,2.21
Punjab,Ludhiana,Maize,Kharif,32.66736318277978,23.1,769.6,3.04
Haryana,Doraha,Rice (Paddy),Kharif,1.557524760308782,30.3,996.9,4.27
Punjab,Patiala,Maize,Kharif,33.42755973978123,26.4,349.3,2.65
Punjab,Khanna,Rice (Paddy),Kharif,5.834932806185258,29.9,728.8,4.06
Punjab,Doraha,Rice (Paddy),Kharif,38.43482814761681,29.0,805.8,3.68
Haryana,Ludhiana,Wheat,Rabi,3.274928997896943,14.7,174.6,3.3
Punjab,Bathinda,Cotton,Kharif,33.75762038676237,38.3,346.9,0.85
Punjab,Phagwara,Rice (Paddy),Kharif,48.53488649591872,28.1,767.0,3.82
Punjab,Jalandhar,Cotton,Kharif,28.67171215890787,35.7,516.0,1.77
Punjab,Khanna,Sugarcane,Kharif,47.76468012197669,27.3,1201.5,77.07
Haryana,Amritsar,Rice (Paddy),Kharif,12.449146266628071,27.8,658.9,3.71
Haryana,Malerkotla,Cotton,Kharif,12.884805848684099,32.2,256.7,1.94
Haryana,Ludhiana,Rice (Paddy),Kharif,8.461419404724953,29.3,754.4,3.83
Haryana,Malerkotla,Cotton,Kharif,9.79646042660584,34.4,537.5,1.9
Punjab,Malerkotla,Rice (Paddy),Kharif,14.82410248123087,28.5,721.9,4.32
Punjab,Amritsar,Rice (Paddy),Kharif,49.942000917506846,23.0,700.2,3.76
Haryana,Amritsar,Wheat,Rabi,15.372887233836344,16.9,151.2,3.48
Punjab,Khanna,Cotton,Kharif,35.822698022805945,34.8,342.0,1.73
Haryana,Ludhiana,Cotton,Kharif,23.85026877022408,29.2,355.4,1.62
Punjab,Samrala,Rice (Paddy),Kharif,4.905296242398529,30.4,678.2,4.52
Punjab,Patiala,Sugarcane,Kharif,16.50704712671652,21.4,1067.1,84.38
Punjab,Samrala,Rice (Paddy),Kharif,39.15081241065686,30.6,846.7,4.18
Haryana,Patiala,Cotton,Kharif,41.253706554959805,33.1,365.0,1.88
Haryana,Malerkotla,Cotton,Kharif,34.669525660998545,32.6,423.8,2.35
Punjab,Malerkotla,Wheat,Rabi,24.0592587298644,20.1,69.3,3.42
Haryana,Ludhiana,Cotton,Kharif,25.05812214790332,30.1,316.5,1.8
Punjab,Khanna,Wheat,Rabi,48.57221393496108,18.6,178.4,4.4
Punjab,Malerkotla,Sugarcane,Kharif,33.91345951674267,33.3,1104.9,81.11
Haryana,Phagwara,Rice (Paddy),Kharif,41.12621154919236,29.5,792.5,3.91
Punjab,Khanna,Maize,Kharif,2.089860403399605,29.0,360.0,2.78
Haryana,Ludhiana,Cotton,Kharif,19.810102004750387,32.2,509.1,2.45
Punjab,Jalandhar,Rice (Paddy),Kharif,6.25725637810541,30.3,865.3,4.32
Punjab,Doraha,Rice (Paddy),Kharif,35.33879824455378,35.1,786.5,3.93
Haryana,Doraha,Maize,Kharif,14.96784218733989,29.4,465.1,3.02
Punjab,Malerkotla,Cotton,Kharif,11.502932443120025,33.9,530.4,2.23
Punjab,Amritsar,Wheat,Rabi,49.08997594352473,17.6,125.6,3.57
Haryana,Samrala,Wheat,Rabi,40.30741131322667,18.5,102.7,3.69
Haryana,Samrala,Wheat,Rabi,12.069804809936661,17.8,102.3,3.29
Punjab,Jalandhar,Maize,Kharif,16.858245748616962,25.1,538.9,3.03
Punjab,Jalandhar,Cotton,Kharif,23.687049930071808,30.0,424.8,2.05
Haryana,Samrala,Wheat,Rabi,38.02811856453284,15.0,136.7,3.47
Punjab,Patiala,Wheat,Rabi,14.986838436971295,16.9,179.4,3.93
Haryana,Patiala,Maize,Kharif,2.6655614941186805,29.3,324.1,2.54
Punjab,Ludhiana,Maize,Kharif,29.47555001081947,29.0,467.5,3.09
Punjab,Samrala,Wheat,Rabi,4.767032450824134,21.4,176.2,2.62
Haryana,Amritsar,Wheat,Rabi,30.970112746444492,16.9,146.9,3.95
Punjab,Bathinda,Maize,Kharif,48.176155696573154,24.2,848.8,3.63
Punjab,Amritsar,Maize,Kharif,20.005151261528894,22.8,576.6,2.89
Punjab,Jalandhar,Wheat,Rabi,14.976716996740924,18.0,158.5,4.3
Haryana,Amritsar,Sugarcane,Kharif,37.135220109287644,28.2,1049.1,74.44
Haryana,Doraha,Wheat,Rabi,22.70480416378047,14.5,126.2,3.59
Punjab,Jalandhar,Rice (Paddy),Kharif,36.596120729953384,29.8,885.4,4.56
Punjab,Malerkotla,Rice (Paddy),Kharif,1.5904461969565253,26.4,606.3,3.85
Punjab,Phagwara,Sugarcane,Kharif,36.87737725364704,31.9,1295.7,75.26
Punjab,Doraha,Cotton,Kharif,43.86636561492861,30.9,528.1,2.1
Punjab,Jalandhar,Sugarcane,Kharif,43.64499219848781,26.2,1275.8,77.18
Haryana,Ludhiana,Rice (Paddy),Kharif,33.58247975627729,28.2,663.9,4.27
Punjab,Phagwara,Sugarcane,Kharif,10.398095425312771,28.3,1299.5,71.14
Punjab,Ludhiana,Wheat,Rabi,17.044269416183912,19.9,175.9,3.8
Haryana,Samrala,Maize,Kharif,45.03159909953939,28.3,509.5,3.48
Haryana,Malerkotla,Rice (Paddy),Kharif,2.948119581171234,34.0,951.0,3.55
Haryana,Samrala,Wheat,Rabi,20.272251876664257,14.2,174.9,3.53
Haryana,Doraha,Sugarcane,Kharif,11.156881986604613,29.1,857.4,75.86
Haryana,Malerkotla,Rice (Paddy),Kharif,20.805840375687755,30.7,839.0,4.38
Haryana,Jalandhar,Wheat,Rabi,19.731357156958815,18.1,156.3,3.0
Haryana,Doraha,Rice (Paddy),Kharif,37.9180313984086,29.8,895.0,4.44
Punjab,Amritsar,Maize,Kharif,25.51996502174485,30.6,404.7,2.64
Punjab,Patiala,Rice (Paddy),Kharif,49.4703762903654,32.4,746.3,4.04
Haryana,Patiala,Wheat,Rabi,10.782850563797544,18.7,130.8,3.71
Punjab,Samrala,Wheat,Rabi,13.08961335525877,15.1,212.0,3.62
Haryana,Khanna,Rice (Paddy),Kharif,41.206610827388836,28.4,722.7,3.73
Haryana,Amritsar,Cotton,Kharif,27.71402107746591,34.9,501.1,1.87
Haryana,Phagwara,Sugarcane,Kharif,46.01304554239413,23.5,1127.8,77.91
Haryana,Samrala,Wheat,Rabi,49.9309193539116,17.1,129.5,3.07
Haryana,Samrala,Rice (Paddy),Kharif,31.80361679007145,26.9,1050.0,3.93
Punjab,Jalandhar,Wheat,Rabi,12.807277709766165,15.4,161.6,3.48
Haryana,Samrala,Sugarcane,Kharif,23.602993236566395,31.1,894.0,79.88
Punjab,Patiala,Rice (Paddy),Kharif,38.26476576223412,29.3,955.5,3.98
Punjab,Khanna,Rice (Paddy),Kharif,15.301384186586656,31.7,501.6,3.52
Haryana,Bathinda,Wheat,Rabi,22.807573434583066,15.6,169.6,3.49
Punjab,Khanna,Wheat,Rabi,19.251223048166292,15.7,133.3,3.63
Punjab,Bathinda,Maize,Kharif,45.3283700382223,21.1,576.4,3.14
Haryana,Malerkotla,Maize,Kharif,11.541569097479666,23.9,564.9,2.49
Haryana,Amritsar,Maize,Kharif,5.695974706832983,28.9,480.8,3.11
Haryana,Malerkotla,Cotton,Kharif,13.138384144644002,30.9,554.9,2.04
Haryana,Amritsar,Rice (Paddy),Kharif,7.445137693388204,28.9,903.4,4.29
Haryana,Phagwara,Rice (Paddy),Kharif,30.766773314812514,23.7,748.6,4.19
Punjab,Doraha,Maize,Kharif,13.633486129698033,25.0,200.7,2.74
Haryana,Phagwara,Cotton,Kharif,11.803241948671104,32.5,301.9,1.89
Haryana,Patiala,Rice (Paddy),Kharif,25.92178216752546,30.5,960.8,4.41
Haryana,Samrala,Rice (Paddy),Kharif,12.698335631124795,28.3,662.5,3.55
Haryana,Malerkotla,Maize,Kharif,18.143604802611872,25.6,502.6,3.11
Punjab,Ludhiana,Wheat,Rabi,42.78613083399057,18.1,120.5,3.66
Haryana,Ludhiana,Wheat,Rabi,6.907839922486671,18.9,83.0,3.35
Haryana,Malerkotla,Sugarcane,Kharif,35.110835314000376,27.1,1028.4,65.71
Haryana,Bathinda,Cotton,Kharif,26.78998070984677,32.5,349.7,2.0
Punjab,Amritsar,Rice (Paddy),Kharif,23.52988317007375,31.0,1155.7,4.44
Haryana,Jalandhar,Rice (Paddy),Kharif,17.4294870440848,30.2,451.1,3.75
Punjab,Patiala,Maize,Kharif,41.195983572333354,21.2,397.7,2.87
Haryana,Malerkotla,Wheat,Rabi,11.54239667774324,13.0,150.4,2.56
Haryana,Samrala,Cotton,Kharif,40.82161436082382,33.2,467.8,2.37
Haryana,Doraha,Rice (Paddy),Kharif,34.687406248178085,29.8,945.0,4.2
Haryana,Khanna,Wheat,Rabi,18.422687950637066,19.0,184.7,3.43
Haryana,Doraha,Rice (Paddy),Kharif,38.680980978050954,28.2,850.7,4.52
Haryana,Doraha,Rice (Paddy),Kharif,5.591813522094884,32.5,816.3,3.74
Haryana,Doraha,Maize,Kharif,48.616189820139596,28.8,726.0,2.97
Punjab,Malerkotla,Cotton,Kharif,3.314582221299866,31.7,399.1,2.14
Haryana,Bathinda,Rice (Paddy),Kharif,31.4403675333137,32.8,951.9,3.57
Punjab,Bathinda,Maize,Kharif,11.008916503040814,34.4,643.1,2.98
Punjab,Jalandhar,Cotton,Kharif,42.20523981170952,34.3,482.8,1.72
Punjab,Amritsar,Cotton,Kharif,32.34812790953282,31.5,624.6,2.0
Haryana,Malerkotla,Wheat,Rabi,12.320705210866416,19.2,192.7,3.74
Punjab,Jalandhar,Maize,Kharif,4.105859918675911,22.3,514.7,2.92
Haryana,Samrala,Sugarcane,Kharif,15.81297128264287,20.2,824.5,60.42
Haryana,Bathinda,Cotton,Kharif,48.11738379680024,30.8,493.4,1.92
Punjab,Samrala,Sugarcane,Kharif,19.72370821517519,26.1,1124.9,75.89
Haryana,Phagwara,Rice (Paddy),Kharif,29.06555646296543,26.6,827.3,4.18
Haryana,Doraha,Wheat,Rabi,27.827972742810363,21.0,148.4,3.05
Punjab,Malerkotla,Sugarcane,Kharif,22.31097612613453,24.7,1030.7,60.92
Punjab,Amritsar,Wheat,Rabi,16.725193433302692,20.9,155.0,2.94
Haryana,Ludhiana,Sugarcane,Kharif,33.03184616055596,27.8,1183.1,82.08
Haryana,Khanna,Wheat,Rabi,28.692672056312595,19.2,155.2,4.05
Haryana,Patiala,Rice (Paddy),Kharif,41.91516727889215,32.7,686.6,3.83
Haryana,Amritsar,Maize,Kharif,43.34652476376338,30.6,668.5,3.6
Haryana,Amritsar,Cotton,Kharif,22.502639593886187,33.7,434.3,1.92
Punjab,Ludhiana,Rice (Paddy),Kharif,34.36598063100712,29.9,1004.2,4.92
Haryana,Ludhiana,Maize,Kharif,2.244637190738073,27.4,373.7,3.06
Haryana,Phagwara,Rice (Paddy),Kharif,23.876987996080363,29.1,807.8,4.11
Punjab,Malerkotla,Sugarcane,Kharif,46.575630064640585,24.3,1135.7,73.11
Haryana,Malerkotla,Wheat,Rabi,1.6593346123188835,18.3,173.8,3.13
Haryana,Doraha,Cotton,Kharif,45.650439177024715,31.5,371.8,2.04
Haryana,Patiala,Rice (Paddy),Kharif,36.58265465304037,29.3,598.9,3.94
Punjab,Ludhiana,Wheat,Rabi,35.66649796027106,18.6,152.7,3.68
Haryana,Patiala,Rice (Paddy),Kharif,41.25685654771611,31.3,647.5,3.62
Haryana,Malerkotla,Rice (Paddy),Kharif,43.692157618200675,29.6,874.9,3.97
Punjab,Amritsar,Sugarcane,Kharif,8.864637660874521,28.3,1004.9,66.85
Punjab,Bathinda,Sugarcane,Kharif,34.1686912772602,26.2,968.1,63.38
Punjab,Doraha,Sugarcane,Kharif,17.98081556535639,27.5,829.4,73.64
Haryana,Malerkotla,Maize,Kharif,42.70832842097747,26.5,553.1,3.68
Haryana,Phagwara,Wheat,Rabi,17.446052568233977,20.5,123.2,3.0
Haryana,Doraha,Wheat,Rabi,45.030238243604465,19.9,173.9,3.68
Haryana,Khanna,Rice (Paddy),Kharif,24.08262035512766,28.9,721.6,3.65
Haryana,Doraha,Maize,Kharif,6.423017553513962,32.7,567.7,2.98
Haryana,Samrala,Cotton,Kharif,12.369678868797354,29.1,513.1,1.9
Haryana,Khanna,Cotton,Kharif,16.797771995911823,33.2,552.6,2.07
Haryana,Doraha,Maize,Kharif,38.08891097856526,24.6,527.8,3.28
Haryana,Amritsar,Sugarcane,Kharif,11.602106368993198,26.4,973.3,76.25
Punjab,Amritsar,Sugarcane,Kharif,44.78420191429207,31.8,783.8,72.8
Haryana,Malerkotla,Cotton,Kharif,3.444529634441725,29.7,654.8,2.26
Haryana,Jalandhar,Cotton,Kharif,34.18693189879991,34.6,447.4,2.02
Haryana,Bathinda,Sugarcane,Kharif,5.865575784631794,27.2,768.8,72.59
Haryana,Doraha,Maize,Kharif,47.96558687619945,29.4,632.6,3.38
Punjab,Khanna,Wheat,Rabi,2.388510279980015,15.0,143.5,3.26
Punjab,Phagwara,Rice (Paddy),Kharif,5.092661545879394,32.1,868.8,4.46
Haryana,Samrala,Cotton,Kharif,37.0805443104602,33.2,358.0,2.14
Punjab,Phagwara,Rice (Paddy),Kharif,37.3194766755419,28.0,897.4,3.66
Haryana,Patiala,Cotton,Kharif,33.67301585634361,32.0,580.0,1.94
Haryana,Jalandhar,Cotton,Kharif,4.649396676262743,30.4,529.2,2.02
Haryana,Malerkotla,Rice (Paddy),Kharif,34.96959377613558,31.5,885.6,4.04
Haryana,Malerkotla,Wheat,Rabi,30.51894220575521,19.3,110.4,3.8
Punjab,Amritsar,Rice (Paddy),Kharif,1.5542652768127465,33.3,749.3,3.82
Haryana,Doraha,Cotton,Kharif,41.97715151630005,32.5,487.5,1.97
Punjab,Khanna,Sugarcane,Kharif,32.068570401806824,30.6,930.3,61.47
Punjab,Malerkotla,Cotton,Kharif,14.65804242160313,32.0,652.9,2.38
Haryana,Phagwara,Rice (Paddy),Kharif,1.55398571378588,28.7,696.8,3.75
Punjab,Malerkotla,Maize,Kharif,41.054717871980955,19.7,498.8,2.7
Haryana,Jalandhar,Rice (Paddy),Kharif,34.10141894600147,29.4,1013.5,4.36
Haryana,Ludhiana,Sugarcane,Kharif,15.472267904053547,28.4,1007.6,67.05
Haryana,Samrala,Maize,Kharif,22.655804879629716,27.3,271.0,2.87
Punjab,Amritsar,Sugarcane,Kharif,16.59542724638112,24.0,730.3,74.51
Haryana,Phagwara,Cotton,Kharif,9.983097567459257,31.0,416.7,2.03
Haryana,Ludhiana,Rice (Paddy),Kharif,38.99924505054673,31.6,843.5,4.61
Haryana,Khanna,Wheat,Rabi,13.380643824670079,16.5,114.8,3.68
Haryana,Phagwara,Maize,Kharif,49.26434531615007,23.5,782.0,3.29
Punjab,Malerkotla,Wheat,Rabi,11.955981594504843,22.3,136.1,2.49
Punjab,Doraha,Sugarcane,Kharif,3.5435500610782844,21.0,630.3,68.23
Punjab,Jalandhar,Cotton,Kharif,32.33559318887209,28.2,356.2,1.86
Haryana,Ludhiana,Sugarcane,Kharif,7.436154151209942,27.3,1201.2,84.09
Haryana,Khanna,Maize,Kharif,16.33186470567683,29.9,771.6,3.45
Haryana,Malerkotla,Wheat,Rabi,26.349120356322867,15.4,151.1,3.35
Punjab,Khanna,Maize,Kharif,18.899075753717298,20.2,182.6,2.56
Haryana,Doraha,Rice (Paddy),Kharif,30.979373603880166,29.7,871.8,4.17
Haryana,Khanna,Cotton,Kharif,3.3995978299905265,34.8,372.4,1.61
Punjab,Doraha,Sugarcane,Kharif,25.795207578068446,33.9,1071.0,74.62
Punjab,Malerkotla,Maize,Kharif,18.811000789767473,29.0,478.6,3.11
Haryana,Phagwara,Rice (Paddy),Kharif,43.43306551993907,30.3,549.8,3.95
Punjab,Jalandhar,Rice (Paddy),Kharif,48.272548676831995,29.9,645.3,4.28
Haryana,Phagwara,Sugarcane,Kharif,38.780429848445436,29.7,1100.0,86.25
Punjab,Jalandhar,Sugarcane,Kharif,19.41466400165094,29.8,983.9,74.49
Punjab,Bathinda,Cotton,Kharif,23.18434892714697,30.4,392.3,2.03
Haryana,Phagwara,Rice (Paddy),Kharif,19.32602046852949,30.4,1012.3,4.6
Haryana,Bathinda,Cotton,Kharif,9.684832938999694,31.3,547.6,2.19
Haryana,Ludhiana,Sugarcane,Kharif,44.959263943439794,27.2,1006.8,64.57
Haryana,Patiala,Cotton,Kharif,35.335356798199456,33.6,428.5,2.07
Haryana,Bathinda,Wheat,Rabi,26.240368407580302,22.2,118.5,2.77
Punjab,Patiala,Rice (Paddy),Kharif,9.75345753869339,30.6,678.0,3.2
Punjab,Patiala,Sugarcane,Kharif,11.983746625217933,31.4,998.2,72.67
Punjab,Samrala,Cotton,Kharif,34.325396914913426,35.8,489.7,1.79
Haryana,Patiala,Maize,Kharif,12.562584447098395,23.8,587.1,3.24
Punjab,Samrala,Wheat,Rabi,43.46062073561405,16.5,134.4,3.74
Haryana,Bathinda,Wheat,Rabi,21.42442222925097,17.8,144.6,3.88
Haryana,Patiala,Cotton,Kharif,18.740374050419376,29.5,451.3,1.71
Haryana,Ludhiana,Rice (Paddy),Kharif,38.97090298162678,33.5,1054.0,4.42
Punjab,Patiala,Sugarcane,Kharif,15.608425080049571,27.5,1231.2,84.07
Punjab,Phagwara,Maize,Kharif,13.506859769337556,26.2,395.4,2.81
Punjab,Bathinda,Wheat,Rabi,10.702426863162339,17.9,148.4,3.38
Haryana,Ludhiana,Wheat,Rabi,38.680815641479505,17.5,107.6,3.39
Punjab,Khanna,Cotton,Kharif,40.87333266072305,34.4,341.4,1.9
Haryana,Patiala,Rice (Paddy),Kharif,43.741861556198856,36.7,859.7,3.31
Haryana,Patiala,Sugarcane,Kharif,2.29040614604257,24.2,853.6,74.56
Haryana,Jalandhar,Maize,Kharif,9.763977556555064,20.3,631.0,3.07
Haryana,Malerkotla,Sugarcane,Kharif,47.932179985949325,31.1,1162.8,80.71
Punjab,Patiala,Maize,Kharif,36.18538603215815,25.3,395.3,3.08
Haryana,Bathinda,Maize,Kharif,5.990342058818424,26.9,469.3,3.43
Punjab,Patiala,Wheat,Rabi,18.885694519101076,20.0,91.6,3.44
Punjab,Patiala,Maize,Kharif,6.003933867083547,29.2,224.4,2.87
Punjab,Malerkotla,Rice (Paddy),Kharif,26.621640074532323,28.7,944.1,4.65
Punjab,Amritsar,Maize,Kharif,4.421033243667003,26.4,395.3,2.94
Punjab,Phagwara,Rice (Paddy),Kharif,32.94979356628895,25.7,697.4,3.68
Punjab,Jalandhar,Rice (Paddy),Kharif,15.804812846755445,29.7,659.1,4.07
Punjab,Ludhiana,Wheat,Rabi,4.808997127159923,17.7,161.0,3.68
Haryana,Khanna,Wheat,Rabi,24.212798199299062,14.4,142.0,3.41
Punjab,Malerkotla,Cotton,Kharif,27.532303206050504,31.3,400.1,2.02
Haryana,Amritsar,Sugarcane,Kharif,16.187204461840025,26.8,1176.1,78.65
Punjab,Khanna,Maize,Kharif,2.360194391814226,32.5,749.7,3.15
Haryana,Phagwara,Cotton,Kharif,16.91692763254619,32.6,370.9,1.85
Haryana,Ludhiana,Sugarcane,Kharif,46.87356625163574,28.2,1171.2,80.66
Haryana,Bathinda,Cotton,Kharif,28.94030499758792,29.9,527.4,1.91
Haryana,Malerkotla,Wheat,Rabi,44.687679452410066,17.8,133.9,3.37
Haryana,Doraha,Wheat,Rabi,24.51595882218159,15.7,141.3,3.42
Punjab,Patiala,Maize,Kharif,38.881973264894945,30.7,180.3,2.57
Haryana,Ludhiana,Maize,Kharif,17.671619461293762,31.2,522.5,3.19
Punjab,Jalandhar,Cotton,Kharif,14.701486313077607,29.7,491.9,1.98
Haryana,Bathinda,Cotton,Kharif,41.20334186830058,31.7,601.6,2.0
Haryana,Phagwara,Sugarcane,Kharif,25.197747925693132,28.9,854.1,73.3
Punjab,Khanna,Cotton,Kharif,17.41190226465258,35.4,466.8,1.73
Punjab,Samrala,Maize,Kharif,49.807031981434015,27.2,508.0,3.68
Punjab,Doraha,Maize,Kharif,31.694898164385343,20.2,435.7,2.88
Punjab,Khanna,Sugarcane,Kharif,10.512229843722126,22.4,829.4,76.85
Haryana,Ludhiana,Maize,Kharif,27.37898942311278,30.6,524.7,2.53
Punjab,Jalandhar,Rice (Paddy),Kharif,35.36791638831556,28.7,820.0,3.75
Haryana,Jalandhar,Sugarcane,Kharif,28.91345283330004,27.0,1221.9,73.94
Haryana,Jalandhar,Wheat,Rabi,27.576621730519957,18.6,125.3,3.97
Haryana,Jalandhar,Cotton,Kharif,31.717165264168585,30.0,392.0,1.64
Punjab,Doraha,Sugarcane,Kharif,7.659983320303999,31.2,1130.8,80.7
Haryana,Khanna,Rice (Paddy),Kharif,36.69246186461342,35.0,770.2,3.71
Punjab,Jalandhar,Sugarcane,Kharif,2.633685995787897,27.1,719.0,70.87
Haryana,Doraha,Sugarcane,Kharif,6.626234811760063,28.1,902.7,69.35
Haryana,Malerkotla,Cotton,Kharif,24.238064118617046,32.7,365.5,2.08
Punjab,Malerkotla,Maize,Kharif,24.88884363981481,30.5,311.3,2.89
Punjab,Phagwara,Maize,Kharif,21.17939327416325,28.9,677.7,3.2
Haryana,Ludhiana,Rice (Paddy),Kharif,10.332793058516136,26.7,987.0,4.1
Punjab,Amritsar,Cotton,Kharif,8.812763654165508,30.4,436.0,2.15
Punjab,Malerkotla,Sugarcane,Kharif,43.25103127587026,24.1,670.5,62.3
Haryana,Bathinda,Cotton,Kharif,20.10476394710949,33.4,388.2,1.52
Punjab,Malerkotla,Cotton,Kharif,42.92377804940607,31.3,349.6,2.11
Haryana,Jalandhar,Wheat,Rabi,11.732058268173704,16.5,144.8,3.49
Haryana,Phagwara,Cotton,Kharif,28.45701294328588,33.8,327.3,2.21
Punjab,Ludhiana,Wheat,Rabi,14.676134981438201,17.8,171.0,3.92
Haryana,Patiala,Rice (Paddy),Kharif,39.22101705757265,29.4,967.3,3.99
Haryana,Malerkotla,Maize,Kharif,24.23812825461321,23.8,484.6,3.02
Haryana,Patiala,Wheat,Rabi,28.781649754372786,17.9,188.1,3.85
Haryana,Amritsar,Cotton,Kharif,13.405802007653753,30.9,553.9,2.09
Punjab,Jalandhar,Cotton,Kharif,26.880761982955693,36.2,406.7,1.76
Punjab,Amritsar,Cotton,Kharif,36.32355551014754,34.3,505.3,2.05
Haryana,Patiala,Cotton,Kharif,13.750096478735385,34.8,354.1,1.78
Haryana,Samrala,Cotton,Kharif,1.0071426127553993,29.1,279.3,1.92
Punjab,Samrala,Wheat,Rabi,33.67795071416287,16.8,126.2,3.48
Punjab,Samrala,Maize,Kharif,42.21632346449407,24.6,604.2,2.41
Punjab,Patiala,Sugarcane,Kharif,49.910034056102866,28.2,1135.9,77.46
Haryana,Patiala,Rice (Paddy),Kharif,12.348972337744282,29.2,688.3,4.43
Punjab,Doraha,Wheat,Rabi,20.08231335744424,16.7,95.8,3.69
Haryana,Samrala,Rice (Paddy),Kharif,6.312809031669795,29.6,913.0,3.83
Haryana,Patiala,Rice (Paddy),Kharif,33.75264714987787,29.2,485.1,3.14
Haryana,Phagwara,Sugarcane,Kharif,42.28246815521384,25.3,1107.5,75.87
Haryana,Bathinda,Cotton,Kharif,18.03370385417995,30.0,481.0,1.99
Punjab,Patiala,Rice (Paddy),Kharif,49.88124770404688,29.5,704.3,3.54
Haryana,Ludhiana,Sugarcane,Kharif,21.550767401246283,25.1,1229.8,77.72
Punjab,Khanna,Wheat,Rabi,4.434383128672419,16.6,150.7,4.0
Haryana,Bathinda,Cotton,Kharif,40.43056598219862,32.4,536.1,1.87
Haryana,Ludhiana,Wheat,Rabi,31.332775248373466,20.2,195.4,4.18
Punjab,Jalandhar,Wheat,Rabi,21.209511672086425,15.7,177.1,3.73
Haryana,Samrala,Cotton,Kharif,15.611380804808647,30.9,322.7,2.55
Punjab,Ludhiana,Wheat,Rabi,45.335526864898576,16.6,106.2,3.66
Punjab,Amritsar,Cotton,Kharif,28.509368625455483,33.9,528.5,1.98
Haryana,Amritsar,Cotton,Kharif,9.478993086558917,34.6,378.2,1.68
Punjab,Khanna,Cotton,Kharif,7.930949341537193,29.5,490.4,1.46
Haryana,Amritsar,Maize,Kharif,8.302956177775108,21.6,613.2,3.29
Haryana,Phagwara,Cotton,Kharif,43.391595694538395,28.8,446.2,1.62
Punjab,Ludhiana,Wheat,Rabi,30.265334783132264,18.1,158.7,3.59
Haryana,Malerkotla,Sugarcane,Kharif,12.76634502697838,28.1,689.6,67.72
Haryana,Ludhiana,Cotton,Kharif,16.558081328044494,32.4,639.2,2.12
Punjab,Phagwara,Wheat,Rabi,39.691187416132905,21.9,174.3,3.23
Punjab,Bathinda,Wheat,Rabi,24.484970130291806,20.0,194.7,3.83
Punjab,Samrala,Rice (Paddy),Kharif,49.21100378164086,32.8,692.1,4.21
Punjab,Bathinda,Wheat,Rabi,21.422735075393568,20.7,105.8,3.45
Haryana,Patiala,Rice (Paddy),Kharif,14.236276631154066,32.6,928.4,4.2
Haryana,Ludhiana,Maize,Kharif,42.195725040479886,25.5,407.6,3.19
Haryana,Khanna,Wheat,Rabi,9.262964430191985,18.4,145.8,4.13
Haryana,Malerkotla,Wheat,Rabi,15.937416910271853,16.6,100.3,3.2
Punjab,Doraha,Maize,Kharif,12.588327498829237,23.4,423.3,3.08
Haryana,Jalandhar,Maize,Kharif,13.628920824898193,25.8,635.1,3.46
Haryana,Phagwara,Sugarcane,Kharif,49.21892454211191,20.0,786.8,71.16
Punjab,Bathinda,Maize,Kharif,22.534433178589374,24.1,617.8,3.12
Haryana,Patiala,Cotton,Kharif,44.67502103750655,37.4,313.2,1.04
Punjab,Doraha,Rice (Paddy),Kharif,38.777987412914975,28.0,878.8,4.08
Punjab,Khanna,Maize,Kharif,44.67173166620221,26.0,552.2,3.3
Haryana,Doraha,Sugarcane,Kharif,24.80026988315416,29.5,936.5,90.81
Punjab,Samrala,Cotton,Kharif,5.661998609118067,31.4,410.6,2.05
Punjab,Jalandhar,Rice (Paddy),Kharif,3.8157790222980843,32.1,931.7,4.6
Punjab,Phagwara,Cotton,Kharif,11.720000259032439,29.3,266.8,1.84
Haryana,Samrala,Rice (Paddy),Kharif,12.776118265624445,29.7,742.0,3.93
Haryana,Samrala,Maize,Kharif,32.39286764354749,26.2,567.2,3.27
Punjab,Jalandhar,Rice (Paddy),Kharif,11.183860940722472,30.3,838.6,4.24
Punjab,Doraha,Cotton,Kharif,1.865250675090119,31.1,497.0,1.87
Haryana,Patiala,Cotton,Kharif,30.988212619421326,27.5,327.9,1.31
Haryana,Amritsar,Maize,Kharif,49.42576010040092,25.3,462.7,3.03
Punjab,Samrala,Maize,Kharif,32.782440647317145,25.2,486.9,3.43
Punjab,Phagwara,Cotton,Kharif,10.99569819400224,31.9,544.0,2.22
Haryana,Ludhiana,Wheat,Rabi,40.202396924592776,19.0,189.5,3.14
Haryana,Ludhiana,Cotton,Kharif,24.49310200463741,29.3,441.8,1.88
Punjab,Bathinda,Sugarcane,Kharif,6.929246651262019,26.8,1107.1,68.74
Punjab,Bathinda,Wheat,Rabi,9.422499725658163,17.7,175.1,3.95
Haryana,Samrala,Rice (Paddy),Kharif,9.452772302566258,28.5,688.1,4.25
Haryana,Phagwara,Cotton,Kharif,8.751596039679278,30.2,413.5,1.9
Punjab,Bathinda,Cotton,Kharif,45.80819272901315,30.8,449.4,2.14
Punjab,Doraha,Rice (Paddy),Kharif,29.239589337723054,31.1,747.7,4.64
Haryana,Doraha,Rice (Paddy),Kharif,43.43133529658588,31.4,983.9,4.64
Haryana,Bathinda,Cotton,Kharif,8.291606856362879,33.8,442.7,2.11
Punjab,Bathinda,Wheat,Rabi,44.766903441357925,20.2,155.7,3.04
Haryana,Phagwara,Cotton,Kharif,16.530825132969355,28.7,515.4,1.75
Punjab,Patiala,Cotton,Kharif,17.51480084623846,34.7,465.7,2.11
Haryana,Samrala,Cotton,Kharif,31.202735011969835,33.6,529.5,2.03
Punjab,Jalandhar,Wheat,Rabi,19.33097680413164,19.3,133.0,4.02
Haryana,Patiala,Sugarcane,Kharif,29.083799063410396,35.0,992.0,60.65
Punjab,Doraha,Maize,Kharif,42.081336525127504,25.6,407.3,2.71
Punjab,Phagwara,Maize,Kharif,13.443561851381864,31.5,271.5,2.8
Punjab,Bathinda,Maize,Kharif,25.843410631075265,23.8,417.6,3.22
Haryana,Ludhiana,Wheat,Rabi,12.386651778376764,19.2,184.5,3.47
Punjab,Patiala,Rice (Paddy),Kharif,23.59744631000674,29.6,825.1,4.45
Haryana,Samrala,Sugarcane,Kharif,43.95837623053548,24.5,1289.3,84.15
Punjab,Ludhiana,Cotton,Kharif,25.6880223750484,32.4,395.0,2.18
Haryana,Samrala,Rice (Paddy),Kharif,22.983273736316974,30.5,681.9,3.77
Punjab,Ludhiana,Rice (Paddy),Kharif,4.710127958306199,31.7,1049.3,4.62
Haryana,Khanna,Wheat,Rabi,1.879858003372631,18.2,157.6,3.22
Punjab,Doraha,Maize,Kharif,37.952959389835485,29.4,735.7,3.68
Haryana,Doraha,Maize,Kharif,32.548438130674946,24.5,329.5,2.73
Punjab,Doraha,Maize,Kharif,10.204439852817728,22.7,577.8,2.59
Haryana,Bathinda,Cotton,Kharif,10.282022205177402,31.6,382.3,1.96
Haryana,Ludhiana,Maize,Kharif,17.3179305567248,27.3,371.1,2.87
Punjab,Amritsar,Maize,Kharif,41.13668392659624,27.1,501.0,2.82
Haryana,Khanna,Wheat,Rabi,9.372583426676526,14.7,147.2,3.17
Punjab,Patiala,Cotton,Kharif,32.34767876696926,32.0,574.3,2.19
Punjab,Doraha,Rice (Paddy),Kharif,33.85319169035625,30.5,625.3,3.77
Haryana,Khanna,Maize,Kharif,44.85186061374028,27.1,340.6,3.21
Haryana,Khanna,Sugarcane,Kharif,19.53466681724253,23.6,1014.9,70.86
Haryana,Patiala,Sugarcane,Kharif,6.033672987080076,25.4,932.4,73.56
Punjab,Jalandhar,Rice (Paddy),Kharif,8.41729226212283,34.6,999.1,4.09
Punjab,Samrala,Rice (Paddy),Kharif,20.51142528068964,28.8,671.3,4.06
Punjab,Doraha,Sugarcane,Kharif,43.234532128675,29.6,856.9,78.05
Punjab,Malerkotla,Rice (Paddy),Kharif,21.14195550518382,27.2,789.1,4.29
Haryana,Ludhiana,Sugarcane,Kharif,30.24163354465591,26.7,662.8,66.38
Punjab,Bathinda,Wheat,Rabi,23.587318135368747,21.3,174.4,3.03
Punjab,Samrala,Sugarcane,Kharif,41.17794791555343,29.7,1029.4,81.31
Punjab,Samrala,Wheat,Rabi,10.231370840326527,20.4,112.7,3.42
Haryana,Amritsar,Rice (Paddy),Kharif,29.935298596455265,33.4,631.5,3.56
Haryana,Samrala,Maize,Kharif,25.560929884152337,27.9,568.1,3.23
Punjab,Phagwara,Cotton,Kharif,35.971087306831706,33.3,510.6,2.13
Haryana,Bathinda,Cotton,Kharif,47.454428295646245,33.5,511.9,2.03
Haryana,Amritsar,Rice (Paddy),Kharif,36.419625824656116,31.6,806.6,4.19
Punjab,Bathinda,Rice (Paddy),Kharif,27.837676143462744,31.5,940.3,3.85
Punjab,Doraha,Rice (Paddy),Kharif,15.091104338402344,31.1,697.0,4.58
Punjab,Khanna,Rice (Paddy),Kharif,15.473084729408598,29.2,601.6,3.65
Haryana,Doraha,Rice (Paddy),Kharif,39.677780128249374,31.2,980.0,4.04
Haryana,Ludhiana,Wheat,Rabi,21.743658560437066,16.6,97.7,3.7
Punjab,Khanna,Rice (Paddy),Kharif,32.585064987539006,28.4,1137.5,4.13
Punjab,Malerkotla,Rice (Paddy),Kharif,31.68265059193089,31.1,986.8,4.2
Haryana,Khanna,Cotton,Kharif,18.06831184682949,29.2,467.7,1.93
Punjab,Patiala,Cotton,Kharif,24.666538116661766,31.5,515.1,2.19
Punjab,Malerkotla,Cotton,Kharif,37.71462729406874,29.6,381.5,1.62
Haryana,Jalandhar,Sugarcane,Kharif,2.894322735101559,29.0,792.8,74.7
Haryana,Phagwara,Rice (Paddy),Kharif,1.7220287564328682,28.8,670.8,3.64
Punjab,Bathinda,Wheat,Rabi,31.152745547332813,16.4,132.4,4.52
Punjab,Amritsar,Maize,Kharif,21.950388236264647,29.8,354.9,3.02
Punjab,Doraha,Cotton,Kharif,14.797161372231919,32.7,558.6,2.17
Punjab,Patiala,Maize,Kharif,32.72786161243917,28.8,503.3,2.73
Punjab,Jalandhar,Wheat,Rabi,27.079193107089573,17.2,202.1,3.81
Haryana,Amritsar,Rice (Paddy),Kharif,24.0681631419407,28.9,861.9,3.85
Haryana,Doraha,Wheat,Rabi,28.346509977990323,18.3,99.5,3.74
Punjab,Ludhiana,Sugarcane,Kharif,46.177808663117055,25.6,997.2,74.89
Haryana,Doraha,Sugarcane,Kharif,17.472802588998498,28.4,820.5,79.84
Punjab,Malerkotla,Maize,Kharif,14.55086914705649,28.7,535.3,3.31
Punjab,Khanna,Wheat,Rabi,20.86406157443484,22.8,217.7,2.93
Punjab,Phagwara,Cotton,Kharif,18.625298844808786,31.8,318.2,1.89
Haryana,Ludhiana,Wheat,Rabi,38.584216354724205,15.2,160.5,3.34
Haryana,Malerkotla,Wheat,Rabi,42.382560890021864,17.6,173.1,4.07
Haryana,Phagwara,Maize,Kharif,41.86871349305899,28.1,316.2,3.05
Haryana,Khanna,Sugarcane,Kharif,39.26233876283634,27.4,1244.5,69.73
Haryana,Samrala,Wheat,Rabi,2.1289339493969877,18.8,109.3,3.36
Haryana,Samrala,Cotton,Kharif,28.757413427657784,33.8,463.6,2.13
Punjab,Khanna,Wheat,Rabi,19.213103996544298,18.2,171.8,3.64
Punjab,Patiala,Wheat,Rabi,32.804385261078906,18.2,159.6,3.55
Haryana,Khanna,Maize,Kharif,39.880746151864955,22.7,609.7,3.05
Punjab,Doraha,Sugarcane,Kharif,8.681719598148884,30.8,917.3,79.6
Haryana,Doraha,Rice (Paddy),Kharif,41.171449653059426,26.7,604.9,3.77
Punjab,Samrala,Rice (Paddy),Kharif,37.556356257637226,28.9,647.9,3.7
Punjab,Jalandhar,Maize,Kharif,19.355663858355832,30.3,419.5,2.84
Haryana,Doraha,Wheat,Rabi,26.75037774989072,13.9,124.5,3.27
Punjab,Khanna,Cotton,Kharif,11.5760511273791,34.5,368.1,1.74
Haryana,Malerkotla,Sugarcane,Kharif,3.673909313902942,30.9,572.3,61.23
Punjab,Samrala,Wheat,Rabi,42.88090734290969,19.8,235.0,3.97
Punjab,Bathinda,Cotton,Kharif,9.367016265397822,34.7,460.3,2.0
Haryana,Amritsar,Wheat,Rabi,19.218282750954682,18.2,128.2,3.89
Haryana,Amritsar,Sugarcane,Kharif,25.019887261039827,28.3,1256.3,84.66
Haryana,Samrala,Cotton,Kharif,26.12915598724443,31.2,470.2,1.91
Haryana,Samrala,Rice (Paddy),Kharif,29.65461312459122,30.4,883.5,3.93
Haryana,Ludhiana,Wheat,Rabi,15.544849746543234,20.2,195.5,3.89
Haryana,Phagwara,Wheat,Rabi,29.354671013052712,16.2,148.1,3.96
Punjab,Malerkotla,Sugarcane,Kharif,6.396464978437011,22.9,1319.5,80.1
Haryana,Patiala,Sugarcane,Kharif,13.863248580054554,32.6,744.5,78.91
Haryana,Samrala,Sugarcane,Kharif,8.666583748289094,29.4,1039.0,77.39
Haryana,Phagwara,Cotton,Kharif,37.89613907649799,32.0,621.7,2.18
Haryana,Doraha,Wheat,Rabi,16.598528407112727,16.0,215.7,3.61
Punjab,Ludhiana,Maize,Kharif,32.56282931301362,26.9,637.1,3.25
Haryana,Samrala,Sugarcane,Kharif,2.12795629270987,25.1,1175.4,77.17
Haryana,Samrala,Wheat,Rabi,48.60546952111724,17.0,173.1,3.68
Haryana,Khanna,Sugarcane,Kharif,3.4246908701722427,31.1,741.7,70.4
Punjab,Doraha,Rice (Paddy),Kharif,16.695610104918213,25.6,969.0,4.0
Haryana,Doraha,Cotton,Kharif,49.959669595217676,33.0,603.5,2.16
Punjab,Patiala,Rice (Paddy),Kharif,19.365720939408526,31.6,880.7,4.46
Punjab,Doraha,Wheat,Rabi,35.639059129882135,20.0,211.9,3.54
Haryana,Samrala,Sugarcane,Kharif,43.35313172597133,27.0,984.1,76.29
Punjab,Amritsar,Cotton,Kharif,8.840344771908441,28.9,493.9,1.8
Haryana,Samrala,Cotton,Kharif,49.91894391947498,31.5,548.0,1.97
Punjab,Ludhiana,Wheat,Rabi,2.4071816835835302,15.8,128.9,3.74
Haryana,Doraha,Rice (Paddy),Kharif,43.1295595301601,29.6,771.3,3.46
Punjab,Amritsar,Cotton,Kharif,47.503141734378964,30.5,407.3,2.01
Punjab,Malerkotla,Sugarcane,Kharif,26.85545393529496,32.1,781.4,75.51
Haryana,Amritsar,Sugarcane,Kharif,5.1560645332061865,33.8,1040.5,69.24
Punjab,Ludhiana,Cotton,Kharif,30.860212561230075,33.1,351.4,2.13
Haryana,Malerkotla,Rice (Paddy),Kharif,11.879621714722171,31.0,795.3,4.71
Punjab,Bathinda,Sugarcane,Kharif,16.700920883051953,28.1,1087.7,81.75
Punjab,Jalandhar,Wheat,Rabi,2.2709794561857506,17.1,49.9,3.2
Haryana,Malerkotla,Rice (Paddy),Kharif,26.86585979680275,35.1,874.0,4.18
Haryana,Malerkotla,Sugarcane,Kharif,25.733205939093473,25.6,1127.1,75.38
Punjab,Patiala,Cotton,Kharif,18.727570734814805,33.7,269.0,1.97
Punjab,Amritsar,Wheat,Rabi,8.503275401087429,19.9,158.5,3.45
Punjab,Samrala,Maize,Kharif,17.85461954032205,24.4,694.3,3.05
Haryana,Samrala,Sugarcane,Kharif,26.27235875302024,28.8,688.3,67.15
Punjab,Ludhiana,Cotton,Kharif,8.321809871222104,29.9,460.3,2.02
Haryana,Bathinda,Sugarcane,Kharif,13.483004010740554,28.5,1024.4,72.16
Punjab,Jalandhar,Wheat,Rabi,43.0732186711077,17.8,133.2,3.29
Haryana,Phagwara,Maize,Kharif,38.552239613648425,21.3,802.4,3.24
Haryana,Samrala,Maize,Kharif,14.510390296203788,28.6,318.5,3.03
Punjab,Khanna,Wheat,Rabi,18.423133165514578,19.0,168.9,4.17
Haryana,Jalandhar,Maize,Kharif,39.18180885735713,25.7,355.0,3.1
Haryana,Jalandhar,Sugarcane,Kharif,37.207385252625535,33.8,1103.6,79.54
Haryana,Jalandhar,Sugarcane,Kharif,40.41098030669032,27.3,1278.3,71.96
Punjab,Bathinda,Cotton,Kharif,38.22816066266535,35.6,689.7,1.5
Haryana,Patiala,Wheat,Rabi,22.458501569241637,14.3,150.0,2.91
Haryana,Phagwara,Wheat,Rabi,46.7044719321838,17.4,220.0,4.19
Punjab,Patiala,Wheat,Rabi,12.886201189281937,16.0,67.0,3.51
Punjab,Amritsar,Cotton,Kharif,37.78391087019952,34.7,516.7,1.56
Haryana,Malerkotla,Maize,Kharif,26.502699291638255,22.8,546.3,3.34
Punjab,Doraha,Wheat,Rabi,32.259175595402176,18.1,100.6,3.46
Haryana,Patiala,Cotton,Kharif,29.85594229422146,33.1,508.6,1.9
Haryana,Jalandhar,Cotton,Kharif,8.734229132773109,33.0,607.6,2.1
Punjab,Jalandhar,Sugarcane,Kharif,14.942771140441124,28.4,1021.9,80.75
Haryana,Patiala,Sugarcane,Kharif,1.9183167741210814,22.3,922.6,71.85
Punjab,Patiala,Rice (Paddy),Kharif,18.752174604459285,30.1,808.3,4.38
Punjab,Amritsar,Cotton,Kharif,41.22581043804436,33.2,418.4,1.89
Haryana,Amritsar,Wheat,Rabi,41.558008844479154,20.7,134.9,3.05
Punjab,Samrala,Maize,Kharif,28.66364804150078,23.3,589.3,3.31
Punjab,Ludhiana,Rice (Paddy),Kharif,1.3364144121239825,33.8,568.0,3.94
Haryana,Doraha,Wheat,Rabi,4.645702651953284,17.3,161.3,3.56
Punjab,Ludhiana,Wheat,Rabi,26.582969000192026,17.4,184.0,3.66
Punjab,Patiala,Cotton,Kharif,10.6133831933621,24.8,578.1,0.65
Haryana,Khanna,Cotton,Kharif,21.74849295098328,31.6,264.2,1.83
Haryana,Ludhiana,Sugarcane,Kharif,25.665818460733668,25.8,1022.3,77.76
Punjab,Khanna,Sugarcane,Kharif,22.717329226454183,25.9,577.3,69.54
Haryana,Jalandhar,Sugarcane,Kharif,21.000447047820796,27.2,956.6,74.18
Haryana,Khanna,Maize,Kharif,33.50171170245757,27.5,851.6,3.31
Haryana,Malerkotla,Sugarcane,Kharif,33.1982417007018,29.3,1151.7,74.71
Haryana,Malerkotla,Rice (Paddy),Kharif,34.923026217224134,29.9,649.7,4.14
Haryana,Patiala,Cotton,Kharif,6.777313983528861,29.6,564.0,2.12
Haryana,Amritsar,Maize,Kharif,16.433609859754988,23.4,278.6,2.92
Haryana,Khanna,Maize,Kharif,44.563017130752826,27.4,636.3,3.43
Haryana,Amritsar,Maize,Kharif,46.820592596227584,22.7,626.7,2.97
Punjab,Malerkotla,Rice (Paddy),Kharif,10.538310821927533,32.6,1057.1,4.48
Haryana,Samrala,Wheat,Rabi,47.85210574059924,18.6,114.6,3.75
Punjab,Bathinda,Sugarcane,Kharif,21.69249519485333,24.5,1215.0,82.36
Haryana,Amritsar,Maize,Kharif,31.086254842156315,28.5,642.9,3.05
Punjab,Jalandhar,Rice (Paddy),Kharif,40.21313458450397,25.9,879.3,4.57
Haryana,Phagwara,Wheat,Rabi,34.66745232927283,16.6,215.2,4.12
Punjab,Doraha,Maize,Kharif,36.90537248494622,24.1,334.7,3.08
Haryana,Samrala,Rice (Paddy),Kharif,47.76751769143048,30.2,770.1,4.54
Punjab,Ludhiana,Wheat,Rabi,5.641602812667733,16.0,114.7,3.36
Punjab,Ludhiana,Cotton,Kharif,35.90383733538832,30.0,345.8,1.93
Punjab,Malerkotla,Rice (Paddy),Kharif,27.66435580413632,28.2,935.1,4.13
Haryana,Khanna,Wheat,Rabi,36.66594569053979,21.9,124.3,3.82
Haryana,Khanna,Sugarcane,Kharif,3.2961770331809803,28.5,830.0,76.55
Punjab,Ludhiana,Rice (Paddy),Kharif,15.875607666833371,28.8,665.7,3.99
Haryana,Patiala,Wheat,Rabi,19.499836716240832,16.5,132.5,3.43
Haryana,Samrala,Wheat,Rabi,8.456982346632,19.4,163.1,3.9
Haryana,Malerkotla,Sugarcane,Kharif,12.472156405010388,28.5,1169.4,84.16
Punjab,Phagwara,Sugarcane,Kharif,17.293792481024752,26.4,1004.1,68.83
Punjab,Samrala,Sugarcane,Kharif,8.52851284898966,26.2,1099.1,74.01
Haryana,Bathinda,Sugarcane,Kharif,14.941625061496635,24.9,778.0,73.44
Punjab,Phagwara,Cotton,Kharif,35.49496437853086,34.5,444.5,1.57
Haryana,Bathinda,Rice (Paddy),Kharif,28.68277069843486,30.7,1081.6,4.27
Haryana,Doraha,Wheat,Rabi,35.89101730523603,19.3,174.4,3.97
Punjab,Jalandhar,Maize,Kharif,21.263447475625288,31.4,412.6,2.9
Haryana,Doraha,Maize,Kharif,2.6389181866871687,27.0,245.4,3.12
Punjab,Doraha,Maize,Kharif,8.658223768110217,29.0,528.2,3.14
Haryana,Amritsar,Wheat,Rabi,27.649745422436787,15.6,196.6,3.38
Haryana,Khanna,Cotton,Kharif,10.432790724170536,30.5,566.2,2.02
Haryana,Doraha,Sugarcane,Kharif,39.92714029388207,28.1,1163.8,76.47
Haryana,Patiala,Rice (Paddy),Kharif,10.150780049490391,26.4,782.8,3.66
Punjab,Ludhiana,Cotton,Kharif,35.414749635339156,31.9,517.3,1.97
Haryana,Samrala,Rice (Paddy),Kharif,15.700970878248732,28.9,701.1,3.8
Haryana,Samrala,Rice (Paddy),Kharif,7.459825236163978,29.9,928.5,4.21
Haryana,Doraha,Rice (Paddy),Kharif,21.387875000295598,30.3,1038.0,4.07
Punjab,Malerkotla,Wheat,Rabi,8.280345476334265,16.5,181.3,3.04
Haryana,Samrala,Wheat,Rabi,32.12891844898098,14.6,180.3,3.52
Haryana,Patiala,Cotton,Kharif,31.109307035111026,27.9,439.2,1.81
Punjab,Amritsar,Cotton,Kharif,3.768871756066037,30.6,657.0,2.26
Haryana,Doraha,Rice (Paddy),Kharif,10.812713163204867,25.8,801.8,3.74
Haryana,Khanna,Sugarcane,Kharif,37.80622023295134,29.8,779.4,66.49
Punjab,Jalandhar,Rice (Paddy),Kharif,28.60167432766269,29.0,943.3,4.01
Punjab,Doraha,Sugarcane,Kharif,24.08433434460207,28.0,1121.9,88.51
Punjab,Malerkotla,Sugarcane,Kharif,14.730122983589018,24.9,707.5,68.38
Punjab,Patiala,Cotton,Kharif,12.613199836206613,33.6,547.8,1.89
Haryana,Ludhiana,Cotton,Kharif,29.851325871955776,30.7,379.8,1.92
Haryana,Jalandhar,Sugarcane,Kharif,12.803740801174799,28.1,738.9,67.74
Punjab,Bathinda,Maize,Kharif,8.082782908937567,27.0,445.0,3.36
Haryana,Ludhiana,Rice (Paddy),Kharif,20.82554212276964,26.3,710.2,3.72
Haryana,Patiala,Rice (Paddy),Kharif,32.48305971837958,28.5,831.1,4.2
Haryana,Jalandhar,Maize,Kharif,13.24556301815296,25.3,459.0,3.25
Punjab,Patiala,Wheat,Rabi,19.27498815593312,19.6,110.2,3.58
Haryana,Bathinda,Wheat,Rabi,6.5240416302243105,16.2,134.5,3.73
Haryana,Bathinda,Wheat,Rabi,22.930624700161957,20.6,93.3,3.34
Haryana,Phagwara,Sugarcane,Kharif,29.56741619283376,25.9,926.5,71.47
Punjab,Doraha,Wheat,Rabi,45.01225159116238,18.7,117.1,4.01
Punjab,Phagwara,Maize,Kharif,40.143824271268564,31.2,345.1,2.49
Haryana,Amritsar,Sugarcane,Kharif,32.76409430475803,34.8,1057.6,71.05
Haryana,Samrala,Maize,Kharif,41.42617369950797,28.7,506.0,2.87
Punjab,Khanna,Rice (Paddy),Kharif,26.363100247139133,30.2,745.1,4.62
Punjab,Phagwara,Cotton,Kharif,5.968302992733155,32.6,559.5,1.94
Punjab,Patiala,Rice (Paddy),Kharif,35.842132042532796,26.4,711.6,3.95
Punjab,Samrala,Sugarcane,Kharif,44.53391346039505,24.7,702.5,71.39
Haryana,Phagwara,Maize,Kharif,9.342115947074817,32.4,355.6,3.22
Punjab,Samrala,Wheat,Rabi,35.44738306912001,19.5,151.4,3.76
Haryana,Samrala,Wheat,Rabi,14.805860882634315,16.8,180.9,3.74
Haryana,Jalandhar,Cotton,Kharif,17.504956399768417,29.7,581.3,2.28
Punjab,Khanna,Wheat,Rabi,42.710621135070475,18.3,124.6,3.59
Haryana,Malerkotla,Sugarcane,Kharif,29.28081146171706,31.3,875.8,64.1
Punjab,Malerkotla,Maize,Kharif,49.80062712900406,29.5,555.4,2.78
Haryana,Jalandhar,Maize,Kharif,35.960710034803235,22.4,660.3,3.07
Haryana,Amritsar,Cotton,Kharif,2.728630170799312,30.2,689.8,2.32
Punjab,Khanna,Sugarcane,Kharif,8.729290174408627,28.8,806.7,75.68
Haryana,Amritsar,Rice (Paddy),Kharif,21.602543960894838,32.1,823.5,3.87
Punjab,Doraha,Wheat,Rabi,35.225957347972276,19.2,52.3,3.37
Haryana,Bathinda,Rice (Paddy),Kharif,37.1229593198864,28.8,727.4,3.97
Haryana,Jalandhar,Cotton,Kharif,45.42557069268105,34.4,462.2,1.97
Punjab,Doraha,Cotton,Kharif,44.47639276048539,32.7,419.4,1.93
Haryana,Samrala,Maize,Kharif,6.634976806331373,30.5,432.8,3.25
Haryana,Ludhiana,Cotton,Kharif,4.962945549880439,30.5,395.5,2.05
Haryana,Samrala,Sugarcane,Kharif,34.790561023945145,25.0,1161.4,69.85
Punjab,Phagwara,Cotton,Kharif,29.327432166591098,32.5,646.5,2.3
Haryana,Doraha,Cotton,Kharif,32.96030168998702,31.2,333.5,1.93
Haryana,Jalandhar,Maize,Kharif,37.6197119752599,21.4,604.3,3.01
Haryana,Phagwara,Maize,Kharif,6.2183572652064,25.5,354.1,2.68
Haryana,Samrala,Wheat,Rabi,16.368919023581505,18.3,180.3,3.99
Haryana,Ludhiana,Wheat,Rabi,24.996742034786802,18.7,164.6,3.37
Punjab,Phagwara,Wheat,Rabi,26.0787212071463,22.6,92.9,2.47
Haryana,Amritsar,Maize,Kharif,42.87218230261223,23.6,689.7,3.34
Punjab,Phagwara,Sugarcane,Kharif,9.987327835877435,26.6,754.2,70.31
Punjab,Doraha,Maize,Kharif,17.649310965820586,22.9,275.1,2.6
Punjab,Ludhiana,Rice (Paddy),Kharif,4.2453184348110025,32.5,790.9,3.44
Haryana,Bathinda,Cotton,Kharif,14.15713676178439,32.9,457.5,1.94
Haryana,Ludhiana,Rice (Paddy),Kharif,37.590020867328015,26.7,670.1,3.56
Punjab,Jalandhar,Cotton,Kharif,45.17908322585552,32.9,344.7,2.09
Punjab,Doraha,Maize,Kharif,8.239299594653666,24.9,409.3,3.23
Punjab,Samrala,Wheat,Rabi,19.31153212279357,21.2,154.8,3.81
Haryana,Bathinda,Sugarcane,Kharif,42.01015963953744,25.1,1058.6,81.18
Punjab,Malerkotla,Rice (Paddy),Kharif,26.061917022959186,31.9,956.9,3.87
Haryana,Amritsar,Maize,Kharif,31.71268750148318,28.2,402.6,3.04
Punjab,Phagwara,Cotton,Kharif,30.068762197600833,33.0,261.8,2.19
Haryana,Amritsar,Cotton,Kharif,42.98962796130492,31.0,545.6,2.33
Punjab,Phagwara,Sugarcane,Kharif,44.87369947970182,26.5,549.7,71.84
Punjab,Amritsar,Sugarcane,Kharif,10.141230612615434,27.3,987.3,77.36
Haryana,Samrala,Maize,Kharif,47.25104168746007,20.8,549.6,3.0
Punjab,Doraha,Rice (Paddy),Kharif,14.154660644458282,29.2,747.7,4.48
Punjab,Khanna,Sugarcane,Kharif,40.58971643075276,29.5,1040.6,71.76
Haryana,Malerkotla,Cotton,Kharif,13.906351624799274,31.3,551.9,2.16
Punjab,Samrala,Maize,Kharif,30.800139561670495,27.1,549.9,3.63
Haryana,Jalandhar,Maize,Kharif,19.373717971289366,27.1,356.6,2.87
Punjab,Amritsar,Rice (Paddy),Kharif,43.03266010059277,27.0,934.5,3.67
Punjab,Malerkotla,Maize,Kharif,1.9811951330118702,24.3,538.2,3.3
Punjab,Samrala,Cotton,Kharif,20.4726238695236,33.0,503.8,1.98
Haryana,Patiala,Rice (Paddy),Kharif,5.139453684182315,25.8,766.1,3.43
Punjab,Doraha,Rice (Paddy),Kharif,29.490345843763166,27.5,1027.8,4.86
Haryana,Jalandhar,Cotton,Kharif,15.033407900199219,30.2,573.1,2.04
Haryana,Jalandhar,Sugarcane,Kharif,3.4172722398890345,27.7,964.5,74.26
Haryana,Khanna,Maize,Kharif,25.197426992033172,21.8,614.9,2.94
Haryana,Samrala,Cotton,Kharif,9.746624816329202,32.3,481.6,1.95
Haryana,Khanna,Sugarcane,Kharif,4.315146079145199,25.4,1176.1,73.57
Haryana,Khanna,Wheat,Rabi,40.7600647414305,16.5,94.2,3.67
Haryana,Amritsar,Wheat,Rabi,35.760896001187234,20.1,91.8,3.33
Haryana,Phagwara,Wheat,Rabi,12.716338177865026,20.0,95.2,3.2
Punjab,Ludhiana,Sugarcane,Kharif,45.14422196046612,27.4,928.5,68.96
Punjab,Doraha,Cotton,Kharif,2.801035406804302,29.8,697.2,2.21
Haryana,Ludhiana,Cotton,Kharif,22.24771944546553,28.5,449.8,1.82
Haryana,Jalandhar,Maize,Kharif,49.87525418957909,23.1,383.6,3.06
Punjab,Samrala,Sugarcane,Kharif,49.71600638419506,28.6,849.3,73.03
Punjab,Malerkotla,Sugarcane,Kharif,11.956411141966205,22.5,1320.9,79.1
Haryana,Bathinda,Maize,Kharif,45.12122814462909,27.4,561.5,3.44
Haryana,Patiala,Cotton,Kharif,44.65281282524188,31.4,392.0,1.84
Punjab,Samrala,Rice (Paddy),Kharif,10.071876266723429,29.0,992.2,4.68
Haryana,Samrala,Sugarcane,Kharif,10.91389371064999,33.1,1079.5,61.54
Haryana,Phagwara,Sugarcane,Kharif,37.33954035251057,34.3,1351.9,81.26
Punjab,Jalandhar,Maize,Kharif,47.51891683928687,26.1,502.0,3.01
Haryana,Ludhiana,Wheat,Rabi,37.3966597861556,17.2,104.7,3.59
Haryana,Amritsar,Cotton,Kharif,7.072401423203616,32.8,551.0,2.08
Punjab,Doraha,Rice (Paddy),Kharif,36.76259623471024,32.9,953.2,3.35
Punjab,Bathinda,Cotton,Kharif,17.339958449455583,29.3,453.7,2.15
Punjab,Doraha,Rice (Paddy),Kharif,22.127071348056674,32.2,848.6,4.45
Haryana,Ludhiana,Rice (Paddy),Kharif,40.71612401752167,27.8,651.8,3.19
Haryana,Bathinda,Sugarcane,Kharif,44.57132895553246,26.5,1165.8,73.26
Punjab,Samrala,Sugarcane,Kharif,26.87348493986348,25.1,1588.8,86.3
Haryana,Phagwara,Sugarcane,Kharif,2.0609988860852964,30.7,1239.7,75.49
Punjab,Doraha,Maize,Kharif,48.43973956037042,30.0,619.9,2.87
Haryana,Phagwara,Rice (Paddy),Kharif,17.172930347348903,35.8,837.8,3.64
Haryana,Samrala,Sugarcane,Kharif,43.7310313448844,27.2,942.2,62.17
Haryana,Khanna,Wheat,Rabi,25.0366221200102,20.4,102.9,3.32
Haryana,Samrala,Sugarcane,Kharif,46.794413330216116,30.9,1134.2,80.7
Haryana,Malerkotla,Wheat,Rabi,34.89641393451011,15.2,64.8,3.87
Punjab,Khanna,Wheat,Rabi,23.354326959847675,20.1,129.8,3.32
Haryana,Phagwara,Rice (Paddy),Kharif,36.05496528649829,28.7,798.1,4.74
Punjab,Doraha,Sugarcane,Kharif,38.62547333091607,26.4,1086.4,81.65
Haryana,Ludhiana,Sugarcane,Kharif,33.431996136558645,28.3,909.9,68.84
Haryana,Khanna,Wheat,Rabi,42.74298918384263,15.8,158.5,2.85
Punjab,Jalandhar,Sugarcane,Kharif,46.439309200589705,21.4,909.5,65.47
Punjab,Samrala,Sugarcane,Kharif,33.90326750928795,33.8,1205.2,61.13
Haryana,Patiala,Cotton,Kharif,15.61641594993623,30.4,461.3,2.24
Haryana,Ludhiana,Cotton,Kharif,24.97055824490884,32.6,408.9,1.89
Punjab,Phagwara,Cotton,Kharif,36.28789143294838,30.7,408.6,1.91
Punjab,Amritsar,Cotton,Kharif,45.51227097057301,32.9,448.3,2.13
Haryana,Phagwara,Sugarcane,Kharif,11.293635559252287,26.3,1079.0,73.28
Punjab,Jalandhar,Wheat,Rabi,18.1599489737008,17.9,173.8,3.76
Haryana,Malerkotla,Wheat,Rabi,5.730990767072531,17.0,83.7,3.28
Haryana,Patiala,Wheat,Rabi,1.5890470138900388,18.4,172.1,4.08
Haryana,Khanna,Wheat,Rabi,12.112704138721373,19.2,184.1,3.27
Punjab,Ludhiana,Rice (Paddy),Kharif,9.23111781090347,29.3,825.9,3.84
Punjab,Jalandhar,Wheat,Rabi,24.40698153402029,15.1,142.1,3.74
Haryana,Doraha,Maize,Kharif,9.284114841947009,23.0,669.6,3.31
Punjab,Khanna,Cotton,Kharif,14.530707496032322,33.2,659.5,2.0
Punjab,Samrala,Cotton,Kharif,4.6871658668421485,30.5,353.3,2.02
Punjab,Doraha,Wheat,Rabi,37.36027166943315,16.2,170.5,3.72
Punjab,Jalandhar,Wheat,Rabi,45.014661592837626,15.5,130.9,3.16
Punjab,Amritsar,Wheat,Rabi,36.076672750494666,17.2,171.5,3.84
Punjab,Jalandhar,Wheat,Rabi,41.585543314754474,19.5,216.4,3.51
Haryana,Patiala,Rice (Paddy),Kharif,42.874018537903,30.8,920.9,4.2
Haryana,Phagwara,Cotton,Kharif,12.488074880303229,28.2,345.0,1.73
Punjab,Malerkotla,Wheat,Rabi,40.3611755684107,17.0,77.2,3.53
Haryana,Malerkotla,Wheat,Rabi,31.235511141599815,17.3,75.1,3.71
Punjab,Jalandhar,Rice (Paddy),Kharif,45.76408286594037,26.7,935.9,3.72
Punjab,Amritsar,Cotton,Kharif,38.15827225488725,29.4,479.4,1.77
Haryana,Jalandhar,Maize,Kharif,14.5718664321307,29.3,513.6,2.84
Punjab,Amritsar,Maize,Kharif,19.682319324317152,20.3,730.1,3.22
Punjab,Jalandhar,Sugarcane,Kharif,4.0692223931796665,27.0,991.3,70.44
Haryana,Samrala,Rice (Paddy),Kharif,40.702934341478496,37.0,874.8,3.57
Punjab,Bathinda,Wheat,Rabi,5.1678851986491985,18.9,266.1,4.01
Punjab,Malerkotla,Cotton,Kharif,8.13855036794373,30.4,432.7,2.11
Punjab,Ludhiana,Wheat,Rabi,5.380888178761176,20.7,87.6,3.39
Punjab,Doraha,Maize,Kharif,12.093129769526952,27.3,686.5,3.17
Haryana,Amritsar,Rice (Paddy),Kharif,32.01716216303845,27.7,829.1,4.14
Punjab,Phagwara,Sugarcane,Kharif,3.328273351596591,24.1,1167.6,72.69
Punjab,Ludhiana,Cotton,Kharif,4.9009304140572665,33.7,305.1,2.12
Punjab,Khanna,Wheat,Rabi,25.702120861355265,16.4,62.6,3.51
Haryana,Khanna,Sugarcane,Kharif,11.55394375599863,29.0,753.4,70.52
Haryana,Patiala,Maize,Kharif,19.31034651282692,31.1,484.5,2.57
Punjab,Amritsar,Maize,Kharif,3.7272864311011453,28.0,470.7,3.06
Haryana,Ludhiana,Cotton,Kharif,37.51887329137632,32.5,490.3,2.49
Punjab,Malerkotla,Maize,Kharif,19.829237193703097,26.0,483.7,3.0
Punjab,Patiala,Sugarcane,Kharif,27.752637377866254,24.3,1142.9,77.91
Haryana,Doraha,Maize,Kharif,42.66637577414188,23.4,514.8,3.28
Punjab,Khanna,Cotton,Kharif,3.2406235081099064,32.0,434.9,2.3
Haryana,Doraha,Wheat,Rabi,25.23557156004326,19.6,201.2,3.34
Punjab,Malerkotla,Cotton,Kharif,26.226659296343055,30.5,603.4,2.21
Haryana,Bathinda,Maize,Kharif,48.80538567007735,23.7,794.5,3.4
Haryana,Jalandhar,Rice (Paddy),Kharif,45.84336081832769,27.6,857.1,4.27
Punjab,Samrala,Wheat,Rabi,21.439354769471112,17.0,57.6,3.74
Punjab,Khanna,Maize,Kharif,24.82244300030488,26.6,565.1,3.15
Haryana,Patiala,Maize,Kharif,28.021627735074055,24.7,605.5,3.22
Haryana,Malerkotla,Maize,Kharif,44.571370284814805,31.7,391.7,3.34
Punjab,Jalandhar,Maize,Kharif,19.806387422307893,26.4,604.5,3.2
Punjab,Doraha,Cotton,Kharif,30.105229906812635,32.8,327.8,1.85
Haryana,Ludhiana,Maize,Kharif,32.956964751755805,28.2,436.8,3.04
Punjab,Patiala,Maize,Kharif,11.205735161796243,22.3,585.9,3.28
Haryana,Bathinda,Cotton,Kharif,24.018394676785288,30.0,323.5,1.89
Punjab,Bathinda,Maize,Kharif,37.727273082250704,37.0,239.5,2.62
Haryana,Jalandhar,Wheat,Rabi,37.37989608206785,19.5,126.1,3.71
Punjab,Samrala,Cotton,Kharif,8.035678236464777,32.4,436.2,1.88
Punjab,Amritsar,Wheat,Rabi,23.503922220449546,18.4,133.0,4.56
Punjab,Jalandhar,Wheat,Rabi,22.89141715774952,20.0,59.8,3.28
Haryana,Bathinda,Sugarcane,Kharif,6.1642720660195645,24.5,1187.4,85.0
Haryana,Doraha,Rice (Paddy),Kharif,10.592719732200935,28.9,837.4,4.58
Haryana,Malerkotla,Wheat,Rabi,6.275331932525503,22.9,111.8,2.46
Punjab,Ludhiana,Cotton,Kharif,8.74668131880918,34.6,412.4,1.68
Haryana,Ludhiana,Rice (Paddy),Kharif,48.91090463622736,33.4,874.0,4.94
Punjab,Phagwara,Sugarcane,Kharif,22.888390059265813,28.4,1082.9,81.11
Punjab,Amritsar,Maize,Kharif,9.926063154847299,25.0,592.3,3.13
Punjab,Malerkotla,Rice (Paddy),Kharif,3.498487474567219,28.7,799.7,4.3
Punjab,Amritsar,Cotton,Kharif,18.60444618682704,31.4,511.8,2.19
Punjab,Phagwara,Sugarcane,Kharif,23.590677718700423,27.0,988.9,83.87
Haryana,Khanna,Sugarcane,Kharif,9.552319791156066,26.7,1127.4,79.57
Punjab,Doraha,Rice (Paddy),Kharif,36.715647854078206,26.7,888.7,4.33
Punjab,Khanna,Wheat,Rabi,22.6002444380185,21.8,154.4,3.44
Haryana,Bathinda,Maize,Kharif,22.009099170315714,25.4,645.1,3.07
Haryana,Amritsar,Wheat,Rabi,14.930043570551423,17.4,129.8,3.42
Haryana,Samrala,Wheat,Rabi,30.428298871575986,17.7,117.4,3.73
Haryana,Ludhiana,Sugarcane,Kharif,13.807345842551374,31.7,983.5,76.02
Punjab,Samrala,Wheat,Rabi,19.44774850874413,21.8,93.9,2.95
Punjab,Patiala,Rice (Paddy),Kharif,14.792871681866831,30.4,705.7,3.81
Punjab,Doraha,Rice (Paddy),Kharif,36.18846202954569,27.9,556.2,4.02
Haryana,Bathinda,Maize,Kharif,10.720564665000284,29.5,453.8,3.1
Punjab,Ludhiana,Rice (Paddy),Kharif,15.879624113867226,32.3,554.5,3.7
Haryana,Bathinda,Wheat,Rabi,38.57607901069123,16.2,126.8,3.26
Punjab,Samrala,Rice (Paddy),Kharif,28.59678481224158,24.9,720.9,3.81
Haryana,Doraha,Wheat,Rabi,20.644766340903644,16.7,155.9,3.45
Punjab,Doraha,Sugarcane,Kharif,45.15488383956851,27.0,610.6,79.64
Punjab,Phagwara,Sugarcane,Kharif,38.708027008100984,27.3,952.4,84.6
Punjab,Samrala,Sugarcane,Kharif,36.15242770569172,28.7,864.5,70.95
Punjab,Ludhiana,Maize,Kharif,37.619807413732985,23.3,520.8,3.24
Punjab,Samrala,Sugarcane,Kharif,38.641665162928845,26.9,1019.7,74.24
Punjab,Bathinda,Cotton,Kharif,13.160473070610346,33.2,540.1,2.29
Haryana,Ludhiana,Sugarcane,Kharif,30.52100902542189,28.7,894.3,72.27
Punjab,Malerkotla,Cotton,Kharif,14.952802935849538,30.9,422.6,1.96
Punjab,Samrala,Maize,Kharif,7.07862749472468,31.4,619.8,3.19
Punjab,Patiala,Rice (Paddy),Kharif,23.20667662311935,25.1,586.4,3.94
Haryana,Bathinda,Rice (Paddy),Kharif,11.75842245377592,29.2,648.9,3.91
Punjab,Samrala,Rice (Paddy),Kharif,38.98088306453109,28.2,857.7,4.28
Punjab,Samrala,Cotton,Kharif,7.200133900388603,32.5,454.3,2.26
Haryana,Khanna,Maize,Kharif,30.768490723986776,30.9,406.7,3.02
Haryana,Phagwara,Rice (Paddy),Kharif,6.06493840776319,31.8,745.0,3.44
Haryana,Bathinda,Sugarcane,Kharif,47.90704819778042,25.2,1031.1,77.2
Punjab,Doraha,Rice (Paddy),Kharif,27.73317412607654,32.2,602.8,4.95
Haryana,Samrala,Sugarcane,Kharif,32.04596114512472,31.5,980.8,67.47
Punjab,Bathinda,Cotton,Kharif,18.149781125051607,29.7,361.5,1.77
Punjab,Ludhiana,Maize,Kharif,29.937092150676953,28.5,612.9,3.01
Punjab,Amritsar,Sugarcane,Kharif,37.452108492012414,25.2,1230.7,77.34
Haryana,Jalandhar,Sugarcane,Kharif,2.2955542706217416,26.5,660.9,68.1
Punjab,Phagwara,Rice (Paddy),Kharif,18.957273489591124,31.7,745.0,3.75
Punjab,Malerkotla,Rice (Paddy),Kharif,7.0591149282019625,29.3,838.5,3.85
Punjab,Phagwara,Rice (Paddy),Kharif,35.04707087385211,31.8,531.7,3.81
Haryana,Bathinda,Rice (Paddy),Kharif,22.356462067861017,29.6,746.3,3.81
Haryana,Malerkotla,Maize,Kharif,5.809583078709729,22.3,737.5,2.83
Punjab,Amritsar,Rice (Paddy),Kharif,11.692431373121124,28.3,772.3,4.19
Punjab,Patiala,Sugarcane,Kharif,29.86661434433554,29.5,1003.4,67.12
Punjab,Patiala,Cotton,Kharif,28.707623952518215,32.3,358.6,1.95
Haryana,Samrala,Sugarcane,Kharif,10.52030679202659,23.6,858.1,65.08
Haryana,Amritsar,Rice (Paddy),Kharif,28.05948463122435,25.8,1009.0,3.02
Punjab,Jalandhar,Maize,Kharif,34.08810563145168,22.6,710.5,2.94
Haryana,Doraha,Cotton,Kharif,10.022687513670988,28.7,425.1,1.97
Haryana,Samrala,Sugarcane,Kharif,42.451332404580526,24.5,1335.8,87.23
Haryana,Doraha,Maize,Kharif,33.20974580775877,26.0,610.9,3.2
Haryana,Malerkotla,Wheat,Rabi,12.935393260572319,22.1,96.9,3.57
Haryana,Ludhiana,Maize,Kharif,29.95505368956621,26.3,770.2,3.43
Punjab,Malerkotla,Rice (Paddy),Kharif,45.226444250900855,26.8,879.8,3.8
Haryana,Samrala,Cotton,Kharif,12.44033251303689,30.7,559.7,1.89
Haryana,Doraha,Sugarcane,Kharif,33.28004912710136,27.4,999.4,81.56
Punjab,Samrala,Wheat,Rabi,32.986964928589046,15.5,105.5,3.82
Haryana,Bathinda,Sugarcane,Kharif,38.712799971773734,25.3,1082.7,71.72
Haryana,Patiala,Wheat,Rabi,48.193380410872614,14.1,213.6,3.06
Haryana,Doraha,Sugarcane,Kharif,35.41589000455905,28.5,1206.5,89.66
Haryana,Khanna,Cotton,Kharif,35.83150834224547,34.1,417.6,1.85
Haryana,Phagwara,Cotton,Kharif,37.56327533075137,35.2,430.1,1.88
Punjab,Patiala,Sugarcane,Kharif,36.751715968991434,21.1,1264.7,76.77
Haryana,Amritsar,Wheat,Rabi,49.34627742801548,19.2,176.3,3.79
Punjab,Samrala,Cotton,Kharif,10.749663210174825,33.6,386.5,2.16
Punjab,Jalandhar,Sugarcane,Kharif,13.135286150425951,24.9,1300.2,83.52
Punjab,Jalandhar,Maize,Kharif,30.239223766692955,30.8,522.6,2.97
Punjab,Malerkotla,Wheat,Rabi,47.82745221095487,17.6,120.7,3.53
Haryana,Amritsar,Maize,Kharif,11.558784136453202,27.3,498.6,3.22
Haryana,Samrala,Wheat,Rabi,37.95056475497824,18.5,270.6,4.24
Punjab,Khanna,Maize,Kharif,36.7901833517521,23.1,481.5,3.38
Haryana,Amritsar,Maize,Kharif,6.509853186641312,27.8,543.9,3.05
Haryana,Jalandhar,Cotton,Kharif,49.42494041604995,34.0,367.0,1.59
Punjab,Ludhiana,Wheat,Rabi,2.607901514558185,17.6,161.1,4.19
Haryana,Khanna,Wheat,Rabi,14.047501456396867,19.9,177.9,3.53
Haryana,Khanna,Maize,Kharif,1.9693354479315932,24.3,558.6,3.25
Punjab,Patiala,Sugarcane,Kharif,2.898087945744464,26.9,882.9,69.11
Punjab,Amritsar,Maize,Kharif,13.086155773998309,27.8,484.2,3.16
Haryana,Jalandhar,Sugarcane,Kharif,21.653317888692555,29.8,1187.6,80.14
Punjab,Patiala,Wheat,Rabi,22.170310543470652,20.4,174.7,3.53
Punjab,Malerkotla,Rice (Paddy),Kharif,13.467622125175746,28.1,989.5,4.4
Haryana,Bathinda,Cotton,Kharif,15.701329938044848,32.0,457.7,1.83
Punjab,Ludhiana,Rice (Paddy),Kharif,18.42812243737744,28.5,780.9,4.17
Haryana,Amritsar,Rice (Paddy),Kharif,25.750986444558983,30.4,574.3,4.18
Punjab,Bathinda,Cotton,Kharif,34.02990969641266,32.5,609.9,2.01
Punjab,Doraha,Maize,Kharif,32.76257409605601,27.4,461.7,3.39
Haryana,Amritsar,Sugarcane,Kharif,28.00616343528957,25.0,698.9,73.91
Haryana,Patiala,Rice (Paddy),Kharif,31.037738538286973,26.3,823.7,3.97
Punjab,Jalandhar,Cotton,Kharif,35.04564450047659,31.3,490.0,1.79
Haryana,Jalandhar,Cotton,Kharif,27.973269841679862,34.1,514.9,1.91
Haryana,Patiala,Cotton,Kharif,6.103538973278114,29.7,482.3,1.85
Punjab,Jalandhar,Sugarcane,Kharif,19.47033716664855,25.2,896.1,73.12
Punjab,Amritsar,Wheat,Rabi,34.83889408089704,13.6,133.5,2.59
Punjab,Patiala,Maize,Kharif,33.252681684344395,20.8,636.6,3.08
Haryana,Bathinda,Cotton,Kharif,8.536890410300229,31.0,313.1,1.94
Punjab,Patiala,Maize,Kharif,11.180299693069616,23.6,466.0,2.66
Haryana,Malerkotla,Maize,Kharif,26.240631907049345,26.4,520.3,3.09
Punjab,Khanna,Rice (Paddy),Kharif,33.12405849591212,35.4,974.2,3.33
Haryana,Amritsar,Wheat,Rabi,2.1643750546844673,15.3,180.5,3.12
Punjab,Jalandhar,Wheat,Rabi,33.40084384367973,19.4,82.1,3.29
Haryana,Phagwara,Maize,Kharif,29.29378320606156,22.7,591.1,3.3
Haryana,Jalandhar,Cotton,Kharif,39.594614027331616,33.5,538.2,1.91
Punjab,Khanna,Maize,Kharif,13.800136078696031,26.2,515.5,3.09
Haryana,Patiala,Maize,Kharif,32.01253683208484,21.8,342.5,3.1
Punjab,Patiala,Cotton,Kharif,10.459512543146523,32.3,432.9,2.03
Haryana,Doraha,Maize,Kharif,17.478843686407046,27.2,445.9,2.64
Punjab,Jalandhar,Maize,Kharif,23.837148160809104,30.1,603.5,2.73
Punjab,Amritsar,Maize,Kharif,39.04277966828032,24.3,493.0,2.95
Punjab,Bathinda,Wheat,Rabi,24.861637475489474,19.2,184.8,3.4
Punjab,Doraha,Sugarcane,Kharif,18.865134876953565,30.9,981.3,66.84
Punjab,Malerkotla,Rice (Paddy),Kharif,46.01379164334947,28.6,874.0,4.01
Punjab,Malerkotla,Sugarcane,Kharif,37.50777885491299,31.0,1094.9,73.55
Haryana,Doraha,Wheat,Rabi,36.60055071712412,17.5,148.3,3.87
Haryana,Malerkotla,Rice (Paddy),Kharif,49.314179502144796,34.1,758.7,4.11
Haryana,Khanna,Wheat,Rabi,29.254366579574626,15.1,158.1,2.33
Haryana,Amritsar,Cotton,Kharif,39.505665583679615,29.7,488.5,1.78
Punjab,Samrala,Wheat,Rabi,15.951315692537996,19.8,91.4,3.24
Punjab,Jalandhar,Wheat,Rabi,12.781882649497119,17.6,201.7,4.04
Punjab,Patiala,Sugarcane,Kharif,8.683845835736529,26.3,1033.4,73.61
Punjab,Doraha,Cotton,Kharif,35.934108438372206,31.6,609.8,2.33
Haryana,Bathinda,Rice (Paddy),Kharif,37.19512325673142,32.3,887.7,4.05
Punjab,Jalandhar,Wheat,Rabi,25.154946923992473,20.5,122.0,3.08
Haryana,Phagwara,Sugarcane,Kharif,11.424693152576925,24.9,962.3,69.52
Punjab,Ludhiana,Maize,Kharif,25.735967069867936,22.5,551.1,2.9
Haryana,Khanna,Cotton,Kharif,39.51083873611042,35.1,460.6,1.85
Punjab,Khanna,Rice (Paddy),Kharif,38.50610047202337,29.1,835.2,4.23
Haryana,Bathinda,Cotton,Kharif,27.154556352782574,32.9,533.4,1.99
Punjab,Jalandhar,Maize,Kharif,26.858319267103198,26.7,577.3,3.48
Punjab,Bathinda,Rice (Paddy),Kharif,13.529355376282792,31.9,817.9,4.34
Haryana,Doraha,Cotton,Kharif,30.8846803152596,28.7,611.2,1.81
Punjab,Jalandhar,Cotton,Kharif,20.735394438863924,31.3,255.4,1.8
Punjab,Samrala,Wheat,Rabi,3.3328967402958534,17.9,80.9,3.85
Haryana,Malerkotla,Sugarcane,Kharif,47.69849050469856,27.9,1130.4,82.19
Haryana,Ludhiana,Cotton,Kharif,7.734926990340636,32.8,427.9,2.08
Haryana,Samrala,Wheat,Rabi,17.954930972608196,16.4,185.3,4.15
Punjab,Samrala,Wheat,Rabi,6.28719405459729,18.7,190.5,3.62
Haryana,Bathinda,Maize,Kharif,27.407785300640494,25.5,551.9,2.55
Haryana,Jalandhar,Maize,Kharif,6.050608195924802,32.0,297.5,2.86
Haryana,Patiala,Maize,Kharif,35.17085047459836,32.3,550.3,3.18
Punjab,Bathinda,Cotton,Kharif,40.80426236614643,31.0,332.7,2.01
Punjab,Bathinda,Maize,Kharif,19.96824508667159,26.7,449.5,2.84
Haryana,Patiala,Maize,Kharif,26.020176079376533,28.1,693.8,3.71
Haryana,Samrala,Maize,Kharif,39.97523605604324,28.3,324.9,2.87
Haryana,Amritsar,Rice (Paddy),Kharif,4.0009164288698855,27.9,1001.8,4.22
Haryana,Khanna,Sugarcane,Kharif,29.44350012764004,28.1,851.9,71.92
Punjab,Phagwara,Rice (Paddy),Kharif,14.255657718291713,34.4,976.1,3.42
Haryana,Bathinda,Maize,Kharif,12.64782088349135,23.5,505.0,3.02
Haryana,Ludhiana,Cotton,Kharif,11.348386385637689,33.6,439.8,2.16
Punjab,Samrala,Maize,Kharif,25.90441583665038,27.9,510.5,3.51
Haryana,Patiala,Cotton,Kharif,12.944562013088154,33.6,346.6,2.02
Haryana,Khanna,Wheat,Rabi,29.23484781853689,16.2,149.4,4.07
Haryana,Amritsar,Sugarcane,Kharif,16.374181703152566,28.5,1019.7,73.78
Punjab,Patiala,Cotton,Kharif,36.61378055138968,33.2,388.3,2.21
Haryana,Khanna,Rice (Paddy),Kharif,3.1775794625197338,31.4,970.1,3.94
Haryana,Bathinda,Cotton,Kharif,20.1814480741152,31.2,497.1,2.09
Punjab,Phagwara,Rice (Paddy),Kharif,34.191508684613,32.5,770.6,4.3
Punjab,Patiala,Cotton,Kharif,40.57649522293981,29.4,415.8,1.89
Haryana,Malerkotla,Cotton,Kharif,48.06481305317022,33.0,549.8,1.8
Punjab,Ludhiana,Sugarcane,Kharif,26.421111204403537,33.7,973.5,74.04
Punjab,Samrala,Wheat,Rabi,27.309272076042184,16.5,99.0,3.87
Haryana,Phagwara,Cotton,Kharif,38.079711871875496,28.0,622.7,1.77
Haryana,Bathinda,Cotton,Kharif,33.62052568187339,30.0,321.5,1.88
Punjab,Amritsar,Maize,Kharif,8.990296597338611,25.4,404.9,2.84
Haryana,Bathinda,Rice (Paddy),Kharif,10.640544246719173,29.9,712.3,4.38
Punjab,Amritsar,Maize,Kharif,38.24479206060148,25.3,410.5,3.65
Haryana,Bathinda,Sugarcane,Kharif,30.204478355089986,26.4,1070.4,78.34
Haryana,Phagwara,Wheat,Rabi,16.324111962568416,14.4,192.1,3.9
Haryana,Doraha,Maize,Kharif,12.209065289929255,29.2,562.3,2.57
Haryana,Malerkotla,Sugarcane,Kharif,22.81229886852864,30.3,733.8,66.02
Haryana,Doraha,Wheat,Rabi,11.854904755344648,17.6,174.5,3.6
Haryana,Khanna,Rice (Paddy),Kharif,16.217686492896853,27.2,696.6,3.19
Punjab,Jalandhar,Rice (Paddy),Kharif,39.45911571177167,31.2,717.5,4.65
Haryana,Amritsar,Sugarcane,Kharif,11.485102502631285,30.2,838.3,72.96
Haryana,Jalandhar,Cotton,Kharif,27.084224456576216,31.8,571.9,2.05
Punjab,Bathinda,Sugarcane,Kharif,18.106978122612773,27.7,1429.5,83.05
Punjab,Phagwara,Wheat,Rabi,36.56863990295533,14.0,167.4,3.38
Punjab,Patiala,Rice (Paddy),Kharif,6.454125310179917,29.4,785.1,3.85
Punjab,Patiala,Rice (Paddy),Kharif,48.46485561728707,29.5,769.1,3.63
Punjab,Ludhiana,Cotton,Kharif,23.181251927214653,30.6,400.3,2.09
Haryana,Amritsar,Maize,Kharif,38.76080117495551,28.3,688.3,2.67
Punjab,Amritsar,Rice (Paddy),Kharif,24.770461663180008,35.1,819.1,3.52
Haryana,Amritsar,Rice (Paddy),Kharif,29.729238264996926,31.2,1060.2,5.32
Punjab,Doraha,Cotton,Kharif,5.131558815971071,32.2,281.5,2.04
Haryana,Ludhiana,Rice (Paddy),Kharif,36.340241917221064,28.3,879.1,3.96
Punjab,Phagwara,Sugarcane,Kharif,49.959758570436584,28.6,672.6,75.6
Punjab,Doraha,Cotton,Kharif,1.4231631150027284,33.6,626.6,2.13
Haryana,Patiala,Maize,Kharif,17.850158976234262,28.0,664.4,2.87
Haryana,Jalandhar,Wheat,Rabi,30.177546083941678,14.7,167.5,3.03
Haryana,Jalandhar,Maize,Kharif,10.604956885891408,23.0,417.0,3.21
Haryana,Phagwara,Maize,Kharif,33.88929309044532,30.0,492.6,3.15
Punjab,Amritsar,Maize,Kharif,40.193736140669,27.9,471.0,2.83
Haryana,Amritsar,Wheat,Rabi,2.9712590252784867,18.4,104.6,3.8
Haryana,Phagwara,Sugarcane,Kharif,17.953710492697137,28.0,1061.5,82.22
Haryana,Phagwara,Rice (Paddy),Kharif,48.95793583686402,29.3,1076.1,4.33
Punjab,Patiala,Maize,Kharif,24.840256543174643,30.0,675.5,3.08
Punjab,Bathinda,Rice (Paddy),Kharif,42.77960805194954,32.0,679.2,2.88
Punjab,Samrala,Wheat,Rabi,18.546416261929373,18.5,153.2,3.67
Haryana,Jalandhar,Maize,Kharif,16.48097901393657,25.1,538.1,3.12
Punjab,Amritsar,Cotton,Kharif,41.00383436664437,31.3,400.4,2.01
Haryana,Jalandhar,Maize,Kharif,24.167950631534307,20.2,421.1,3.0
Haryana,Jalandhar,Maize,Kharif,3.6091257666569208,21.4,533.5,2.68
Haryana,Bathinda,Maize,Kharif,28.96793660164192,25.2,550.0,3.27
Punjab,Bathinda,Cotton,Kharif,19.938462040952963,32.8,520.5,2.29
Punjab,Jalandhar,Wheat,Rabi,18.331786732632203,17.6,108.6,3.87
Haryana,Doraha,Cotton,Kharif,38.51600580962953,30.0,418.5,2.16
Haryana,Doraha,Wheat,Rabi,37.14847387449465,19.1,220.4,3.64
Haryana,Samrala,Maize,Kharif,30.403609487851178,27.2,322.8,2.7
Haryana,Malerkotla,Wheat,Rabi,33.88641136715294,20.2,94.4,3.22
Haryana,Amritsar,Rice (Paddy),Kharif,46.06393212660657,27.2,538.0,3.4
Punjab,Khanna,Sugarcane,Kharif,32.60643789928697,24.4,939.3,64.3
Punjab,Malerkotla,Wheat,Rabi,38.05687283839303,21.4,160.3,3.33
Punjab,Doraha,Cotton,Kharif,45.50277643736114,30.5,498.3,2.26
Punjab,Patiala,Rice (Paddy),Kharif,9.099161151178624,29.3,694.7,3.35
Punjab,Samrala,Wheat,Rabi,48.47654529331411,16.9,205.0,3.99
Haryana,Patiala,Sugarcane,Kharif,7.143164573808089,26.6,984.0,69.9
Punjab,Phagwara,Cotton,Kharif,46.02789837319064,31.0,438.0,2.53
Punjab,Phagwara,Cotton,Kharif,42.63455694737319,32.2,390.6,1.81
Punjab,Bathinda,Sugarcane,Kharif,16.60321197343,26.1,678.7,64.59
Punjab,Patiala,Rice (Paddy),Kharif,3.1448783701876626,29.9,915.9,4.98
Punjab,Khanna,Wheat,Rabi,30.27213837299564,17.7,131.3,3.73
Punjab,Phagwara,Maize,Kharif,44.64882533309867,23.7,554.2,3.16
Haryana,Bathinda,Maize,Kharif,23.26298915109036,28.8,602.5,3.45
Punjab,Samrala,Wheat,Rabi,28.37321571631798,19.1,151.8,3.74
Haryana,Jalandhar,Sugarcane,Kharif,28.73131056437499,28.0,929.8,82.97
Haryana,Khanna,Wheat,Rabi,7.494038390242221,17.0,193.2,4.04
Haryana,Phagwara,Rice (Paddy),Kharif,35.72166875259761,31.1,988.9,4.55
Haryana,Samrala,Rice (Paddy),Kharif,16.31206553105616,35.8,883.8,4.12
Haryana,Doraha,Wheat,Rabi,10.4320280858159,19.2,127.4,3.75
Punjab,Khanna,Sugarcane,Kharif,44.51611311851298,30.6,593.9,74.99
Haryana,Ludhiana,Cotton,Kharif,30.263995734750537,32.9,443.7,2.44
Haryana,Jalandhar,Sugarcane,Kharif,17.154216873881534,27.7,812.7,76.21
Haryana,Ludhiana,Rice (Paddy),Kharif,10.393631777125147,28.6,846.0,4.4
Punjab,Ludhiana,Rice (Paddy),Kharif,22.854575673272,25.4,723.8,4.14
Punjab,Amritsar,Wheat,Rabi,20.578501898220264,15.4,204.5,3.41
Haryana,Phagwara,Maize,Kharif,1.599445068291045,25.8,444.5,2.86
Punjab,Phagwara,Cotton,Kharif,30.797663312207764,31.4,561.0,2.16
Punjab,Bathinda,Wheat,Rabi,29.009850263295373,17.2,114.0,2.99
Haryana,Doraha,Rice (Paddy),Kharif,15.499127634753641,30.1,686.4,4.56
Punjab,Patiala,Rice (Paddy),Kharif,8.2360808118595,28.7,874.8,3.62
Punjab,Samrala,Sugarcane,Kharif,25.994879036634803,27.0,1000.3,71.94
Punjab,Jalandhar,Wheat,Rabi,23.176911251437986,12.4,112.6,1.98
Punjab,Phagwara,Cotton,Kharif,40.11861076836962,29.2,628.1,2.02
Haryana,Patiala,Wheat,Rabi,40.31660183554722,18.5,205.9,4.06
Punjab,Doraha,Cotton,Kharif,27.876369714155903,33.9,434.8,1.9
Haryana,Amritsar,Maize,Kharif,45.682017863455926,25.6,643.7,3.37
Haryana,Bathinda,Rice (Paddy),Kharif,27.007441464060445,27.5,772.4,4.09
Haryana,Ludhiana,Wheat,Rabi,31.122925967552412,17.1,111.9,3.44
Haryana,Ludhiana,Sugarcane,Kharif,17.575006913294775,28.4,975.0,74.73
Punjab,Amritsar,Sugarcane,Kharif,28.409726526711484,26.5,651.6,61.57
Punjab,Doraha,Cotton,Kharif,7.776052890633767,30.5,449.2,2.24
Haryana,Khanna,Sugarcane,Kharif,45.28626507435213,32.7,909.2,66.92
Punjab,Khanna,Rice (Paddy),Kharif,48.27623780971299,28.1,740.8,3.58
Haryana,Ludhiana,Maize,Kharif,49.591534230040466,24.2,510.1,3.28
Haryana,Doraha,Maize,Kharif,12.673245175501993,25.5,681.6,3.46
Haryana,Samrala,Rice (Paddy),Kharif,1.6038478944179153,31.3,1004.5,4.4
Punjab,Samrala,Rice (Paddy),Kharif,45.7912719479727,27.3,479.3,3.29
Punjab,Jalandhar,Sugarcane,Kharif,29.679596509083677,26.5,1121.7,77.74
Punjab,Malerkotla,Cotton,Kharif,4.457912287333269,31.7,453.1,2.14
Haryana,Phagwara,Cotton,Kharif,26.55903803100368,32.8,480.9,2.11
Haryana,Bathinda,Wheat,Rabi,42.16329474290562,19.9,167.5,3.62
Punjab,Khanna,Wheat,Rabi,21.819366857082905,15.7,189.3,3.57
Haryana,Phagwara,Cotton,Kharif,45.00219062497198,32.7,375.1,1.7
Haryana,Bathinda,Maize,Kharif,5.501008386100619,29.1,454.7,2.65
Haryana,Bathinda,Cotton,Kharif,5.190533546856402,31.4,454.6,1.75
Haryana,Doraha,Wheat,Rabi,26.48740022485099,16.3,134.7,3.64
Haryana,Ludhiana,Cotton,Kharif,49.831027628354846,34.3,552.0,2.26
Punjab,Phagwara,Sugarcane,Kharif,29.659384959008218,31.0,1048.4,80.84
Punjab,Phagwara,Maize,Kharif,28.224866822708616,26.1,453.9,2.75
Haryana,Patiala,Wheat,Rabi,43.57701197186486,14.1,112.9,2.84
Haryana,Patiala,Maize,Kharif,32.15753949146689,27.2,328.3,2.51
Punjab,Patiala,Sugarcane,Kharif,9.499662319579212,27.9,995.7,78.84
Haryana,Jalandhar,Cotton,Kharif,9.395238421712726,29.9,601.7,1.92
Punjab,Phagwara,Sugarcane,Kharif,31.90042368082125,29.2,889.4,85.74
Haryana,Patiala,Cotton,Kharif,28.006762281621594,33.6,401.2,1.83
Haryana,Jalandhar,Wheat,Rabi,22.1781432389813,18.5,155.0,4.3
Haryana,Samrala,Maize,Kharif,3.07005936980285,29.0,292.4,2.74
Haryana,Doraha,Sugarcane,Kharif,48.95619635476042,26.4,722.4,66.88
Haryana,Patiala,Sugarcane,Kharif,16.550088564281737,35.7,1138.2,72.34
Haryana,Khanna,Rice (Paddy),Kharif,26.637110021462984,31.4,848.7,4.04
Haryana,Phagwara,Rice (Paddy),Kharif,29.018902248269665,26.5,630.9,3.57
Haryana,Amritsar,Rice (Paddy),Kharif,47.44134290282225,31.3,688.1,4.05
Haryana,Amritsar,Cotton,Kharif,23.941951732067803,30.8,448.4,2.23
Haryana,Ludhiana,Wheat,Rabi,15.959250661746623,20.0,142.3,3.29
Punjab,Doraha,Cotton,Kharif,40.38254936848828,33.6,550.4,2.07
Haryana,Patiala,Rice (Paddy),Kharif,8.436319081745586,32.6,573.9,3.76
Haryana,Phagwara,Wheat,Rabi,39.33716200761349,18.9,238.0,3.91
Punjab,Bathinda,Cotton,Kharif,12.071098895834876,32.7,283.9,2.02
Haryana,Bathinda,Maize,Kharif,21.522639590733906,26.5,565.2,3.72
Punjab,Bathinda,Cotton,Kharif,24.056926684131767,33.2,491.8,1.97
Haryana,Bathinda,Rice (Paddy),Kharif,43.81739772961404,28.8,929.8,4.0
Haryana,Samrala,Sugarcane,Kharif,49.370601880936164,30.1,818.1,70.86
Haryana,Samrala,Wheat,Rabi,6.053863081862893,19.5,186.4,4.04
Punjab,Bathinda,Cotton,Kharif,14.222595349730451,30.0,429.6,1.96
Haryana,Doraha,Maize,Kharif,12.659473232321043,28.3,465.0,2.8
Punjab,Patiala,Cotton,Kharif,39.468175109311936,32.7,573.3,2.01
Haryana,Patiala,Maize,Kharif,16.59966024407953,28.1,409.0,2.53
Haryana,Bathinda,Rice (Paddy),Kharif,14.96884002106181,30.4,716.5,4.1
Haryana,Doraha,Sugarcane,Kharif,33.64630925887399,26.5,842.6,76.56
Punjab,Samrala,Sugarcane,Kharif,10.209928167622827,26.1,1078.9,74.26
Punjab,Phagwara,Cotton,Kharif,32.43314619916087,31.3,493.4,2.22
Punjab,Ludhiana,Cotton,Kharif,43.93072057207179,35.1,566.1,1.74
Punjab,Doraha,Sugarcane,Kharif,29.34714612796066,27.0,954.9,81.21
Punjab,Phagwara,Rice (Paddy),Kharif,4.03170864031861,28.2,749.6,3.74
Punjab,Bathinda,Wheat,Rabi,23.120302069939935,21.1,179.1,3.48
Punjab,Amritsar,Rice (Paddy),Kharif,4.350363847256257,29.0,606.8,4.03
Haryana,Samrala,Wheat,Rabi,43.245317043333955,17.5,57.6,3.68
Punjab,Ludhiana,Maize,Kharif,12.046093058990893,26.4,749.8,2.84
Punjab,Ludhiana,Sugarcane,Kharif,46.254593942392034,27.5,1190.0,71.75
Haryana,Samrala,Cotton,Kharif,46.85470708985178,33.2,250.8,2.16
Punjab,Patiala,Rice (Paddy),Kharif,24.09325170067533,35.1,683.5,2.99
Punjab,Malerkotla,Rice (Paddy),Kharif,43.36961529254472,32.1,964.7,4.7
Punjab,Jalandhar,Wheat,Rabi,34.492404282301145,22.9,87.3,2.21
Haryana,Ludhiana,Cotton,Kharif,24.790726313707196,32.9,389.4,2.04
Haryana,Samrala,Cotton,Kharif,31.18487180218675,33.3,573.9,2.12
Punjab,Ludhiana,Sugarcane,Kharif,28.36163375739691,30.6,1141.2,78.4
Punjab,Amritsar,Wheat,Rabi,29.30406467532589,21.4,180.5,2.86
Punjab,Jalandhar,Rice (Paddy),Kharif,36.75145060732924,27.6,780.4,3.74
Haryana,Doraha,Wheat,Rabi,32.51160717928586,17.2,89.0,3.73
Haryana,Amritsar,Sugarcane,Kharif,2.100741559485751,32.4,768.6,66.63
Haryana,Patiala,Cotton,Kharif,42.01037799338511,28.0,312.1,1.38
Haryana,Patiala,Sugarcane,Kharif,22.165630712172643,26.4,997.3,80.01
Punjab,Jalandhar,Cotton,Kharif,21.887564949180337,34.0,496.8,1.97
Punjab,Samrala,Cotton,Kharif,35.40742000323804,31.2,419.1,2.25
Haryana,Samrala,Rice (Paddy),Kharif,7.222218893881643,29.7,834.8,3.99
Haryana,Samrala,Wheat,Rabi,42.33103354582066,17.1,47.1,3.28
Punjab,Doraha,Maize,Kharif,14.768213122858365,26.0,713.6,2.95
Haryana,Malerkotla,Rice (Paddy),Kharif,28.044866315086303,32.5,1012.8,3.97
Haryana,Phagwara,Rice (Paddy),Kharif,1.2012716608851612,31.1,736.4,3.61
